RUST_BRIDGE_PHASE0_OK
rust_bridge_init called at: "/Users/runner/work/_temp/s4-command-evidence/bundle/run-0/payloads/native-window.acceptance/rust-bridge.log"
RUST_UIO: uio_init called
RUST_UIO: uio_init: subsystem initialized
RUST_UIO: uio_openRepository called
RUST_UIO: uio_openDir called with path: "/"
RUST_UIO: resolve_mount_path input: "/"
RUST_UIO: no mount match for "/", returning original
RUST_UIO: uio_openDir resolved to: "/"
RUST_UIO: uio_mountDir: using in_path "/Users/runner/work/_temp/s4-command-evidence/bundle/run-0/payloads/native-window.acceptance/./config" as source
RUST_UIO: uio_mountDir: mounting root="/Users/runner/work/_temp/s4-command-evidence/bundle/run-0/payloads/native-window.acceptance/./config" at "/"
RUST_UIO: uio_openDir called with path: "/"
RUST_UIO: resolve_mount_path input: "/"
RUST_UIO: resolved "/" -> "/Users/runner/work/_temp/s4-command-evidence/bundle/run-0/payloads/native-window.acceptance/./config"
RUST_UIO: uio_openDir resolved to: "/Users/runner/work/_temp/s4-command-evidence/bundle/run-0/payloads/native-window.acceptance/./config"
RUST_UIO: uio_mountDir: using in_path "/Users/runner/work/_temp/s4-command-evidence/bundle/run-0/payloads/native-window.acceptance/./inputs/content" as source
RUST_UIO: uio_mountDir: mounting root="/Users/runner/work/_temp/s4-command-evidence/bundle/run-0/payloads/native-window.acceptance/./inputs/content" at "/"
RUST_UIO: uio_openDir called with path: "/"
RUST_UIO: resolve_mount_path input: "/"
RUST_UIO: resolved "/" -> "/Users/runner/work/_temp/s4-command-evidence/bundle/run-0/payloads/native-window.acceptance/./inputs/content"
RUST_UIO: uio_openDir resolved to: "/Users/runner/work/_temp/s4-command-evidence/bundle/run-0/payloads/native-window.acceptance/./inputs/content"
RUST_UIO: uio_openDir called with path: "/packages"
RUST_UIO: resolve_mount_path input: "/packages"
RUST_UIO: resolved "/packages" -> "/Users/runner/work/_temp/s4-command-evidence/bundle/run-0/payloads/native-window.acceptance/./inputs/content/packages"
RUST_UIO: uio_openDir resolved to: "/Users/runner/work/_temp/s4-command-evidence/bundle/run-0/payloads/native-window.acceptance/./inputs/content/packages"
RUST_UIO: uio_getDirList called: dir=0x600001c5c1e0 path=0x600003a50a30 pattern=0x60000384bf40
RUST_UIO: uio_getDirList: dir_virtual="/packages" rel_path=""
RUST_UIO: uio_getDirList: virtual_path="/packages" pattern='\.([zZ][iI][pP]|[uU][qQ][mM])$' matchType=4
RUST_UIO: uio_getDirList: checking stdio mount '/' at host_path="/Users/runner/work/_temp/s4-command-evidence/bundle/run-0/payloads/native-window.acceptance/./inputs/content/packages"
RUST_UIO: uio_getDirList: checking stdio mount '/' at host_path="/Users/runner/work/_temp/s4-command-evidence/bundle/run-0/payloads/native-window.acceptance/./config/packages"
RUST_UIO: uio_getDirList: 1 matches for pattern '\.([zZ][iI][pP]|[uU][qQ][mM])$' in "/packages"
RUST_UIO: uio_mountDir: source_dir set, source_path "uqm-0.8.0-content.uqm" -> "/Users/runner/work/_temp/s4-command-evidence/bundle/run-0/payloads/native-window.acceptance/inputs/content/packages/uqm-0.8.0-content.uqm"
RUST_UIO: uio_DirList_free called
RUST_UIO: uio_closeDir called
RUST_UIO: uio_openDirRelative called
RUST_UIO: uio_openDirRelative: base="/Users/runner/work/_temp/s4-command-evidence/bundle/run-0/payloads/native-window.acceptance/./inputs/content" path="addons" (is_absolute=false)
RUST_UIO: uio_openDirRelative: joined "/Users/runner/work/_temp/s4-command-evidence/bundle/run-0/payloads/native-window.acceptance/./inputs/content" + "addons" = "/Users/runner/work/_temp/s4-command-evidence/bundle/run-0/payloads/native-window.acceptance/inputs/content/addons"
RUST_UIO: resolve_mount_path input: "/Users/runner/work/_temp/s4-command-evidence/bundle/run-0/payloads/native-window.acceptance/inputs/content/addons"
RUST_UIO: path "/Users/runner/work/_temp/s4-command-evidence/bundle/run-0/payloads/native-window.acceptance/inputs/content/addons" already resolved to filesystem path
RUST_UIO: uio_getDirList called: dir=0x600001c5c1e0 path=0x600003a509f0 pattern=0x6000038b83c0
RUST_UIO: uio_getDirList: dir_virtual="/addons" rel_path=""
RUST_UIO: uio_getDirList: virtual_path="/addons" pattern='\.([zZ][iI][pP]|[uU][qQ][mM])$' matchType=4
RUST_UIO: uio_getDirList: checking stdio mount '/' at host_path="/Users/runner/work/_temp/s4-command-evidence/bundle/run-0/payloads/native-window.acceptance/./inputs/content/addons"
RUST_UIO: uio_getDirList: checking stdio mount '/' at host_path="/Users/runner/work/_temp/s4-command-evidence/bundle/run-0/payloads/native-window.acceptance/./config/addons"
RUST_UIO: uio_getDirList: ZIP mount '/' returned 0 entries for "addons"
RUST_UIO: uio_getDirList: no matches for pattern '\.([zZ][iI][pP]|[uU][qQ][mM])$' in "/addons"
RUST_UIO: uio_DirList_free called
RUST_UIO: uio_getDirList called: dir=0x600001c5c1e0 path=0x600003a509f0 pattern=0x600003a509f0
RUST_UIO: uio_getDirList: dir_virtual="/addons" rel_path=""
RUST_UIO: uio_getDirList: virtual_path="/addons" pattern='' matchType=1
RUST_UIO: uio_getDirList: checking stdio mount '/' at host_path="/Users/runner/work/_temp/s4-command-evidence/bundle/run-0/payloads/native-window.acceptance/./inputs/content/addons"
RUST_UIO: uio_getDirList: checking stdio mount '/' at host_path="/Users/runner/work/_temp/s4-command-evidence/bundle/run-0/payloads/native-window.acceptance/./config/addons"
RUST_UIO: uio_getDirList: ZIP mount '/' returned 0 entries for "addons"
RUST_UIO: uio_getDirList: no matches for pattern '' in "/addons"
RUST_UIO: uio_DirList_free called
RUST_UIO: uio_closeDir called
RUST_UIO: uio_openDirRelative called
RUST_UIO: uio_openDirRelative: base="/Users/runner/work/_temp/s4-command-evidence/bundle/run-0/payloads/native-window.acceptance/./config" path="teams" (is_absolute=false)
RUST_UIO: uio_openDirRelative: joined "/Users/runner/work/_temp/s4-command-evidence/bundle/run-0/payloads/native-window.acceptance/./config" + "teams" = "/Users/runner/work/_temp/s4-command-evidence/bundle/run-0/payloads/native-window.acceptance/config/teams"
RUST_UIO: resolve_mount_path input: "/Users/runner/work/_temp/s4-command-evidence/bundle/run-0/payloads/native-window.acceptance/config/teams"
RUST_UIO: path "/Users/runner/work/_temp/s4-command-evidence/bundle/run-0/payloads/native-window.acceptance/config/teams" already resolved to filesystem path
RUST_UIO: uio_openDirRelative called
RUST_UIO: uio_openDirRelative: base="/Users/runner/work/_temp/s4-command-evidence/bundle/run-0/payloads/native-window.acceptance/./config" path="save" (is_absolute=false)
RUST_UIO: uio_openDirRelative: joined "/Users/runner/work/_temp/s4-command-evidence/bundle/run-0/payloads/native-window.acceptance/./config" + "save" = "/Users/runner/work/_temp/s4-command-evidence/bundle/run-0/payloads/native-window.acceptance/config/save"
RUST_UIO: resolve_mount_path input: "/Users/runner/work/_temp/s4-command-evidence/bundle/run-0/payloads/native-window.acceptance/config/save"
RUST_UIO: path "/Users/runner/work/_temp/s4-command-evidence/bundle/run-0/payloads/native-window.acceptance/config/save" already resolved to filesystem path
RUST_UIO: uio_openDirRelative called
RUST_UIO: uio_openDirRelative: base="/Users/runner/work/_temp/s4-command-evidence/bundle/run-0/payloads/native-window.acceptance/./inputs/content" path="addons" (is_absolute=false)
RUST_UIO: uio_openDirRelative: joined "/Users/runner/work/_temp/s4-command-evidence/bundle/run-0/payloads/native-window.acceptance/./inputs/content" + "addons" = "/Users/runner/work/_temp/s4-command-evidence/bundle/run-0/payloads/native-window.acceptance/inputs/content/addons"
RUST_UIO: resolve_mount_path input: "/Users/runner/work/_temp/s4-command-evidence/bundle/run-0/payloads/native-window.acceptance/inputs/content/addons"
RUST_UIO: path "/Users/runner/work/_temp/s4-command-evidence/bundle/run-0/payloads/native-window.acceptance/inputs/content/addons" already resolved to filesystem path
RUST_UIO: uio_closeDir called
RUST_GFX_INIT: flags=0x3 (3) width=1280 height=960
RUST_GFX_INIT: SDL2 video driver: cocoa
RUST_GFX_INIT: Logical size 320x240 (window 1280x960)
RUST_GFX_INIT: Renderer: software
RUST_GFX_INIT: Created surface 0: 0x600001c5ed00
RUST_GFX_INIT: Created surface 1: 0x600001c5ec40
RUST_GFX_INIT: Created surface 2: 0x600001c5eb80
RUST_GFX_INIT: Success
RUST_UIO: uio_fopen entry
RUST_UIO: uio_fopen called
RUST_UIO: uio_fopen path="/Users/runner/work/_temp/s4-command-evidence/bundle/run-0/payloads/native-window.acceptance/inputs/content/menu.key" mode=rt
RUST_UIO: uio_fopen returning stream=0x600002d6ab40
RUST_UIO: uio_fread requested=2851 read=2851
RUST_UIO: uio_fclose called
RUST_UIO: uio_fopen entry
RUST_UIO: uio_fopen called
RUST_UIO: uio_fopen path="/Users/runner/work/_temp/s4-command-evidence/bundle/run-0/payloads/native-window.acceptance/config/override.cfg" mode=rt
RUST_UIO: uio_fopen failed: path="/Users/runner/work/_temp/s4-command-evidence/bundle/run-0/payloads/native-window.acceptance/config/override.cfg" err=No such file or directory (os error 2)
RUST_INPUT: AddGestureBinding KEY sym=0x40000048 target=0x102c0fa44
RUST_INPUT: AddGestureBinding KEY sym=0x4000003A target=0x102c0fa44
RUST_INPUT: AddGestureBinding KEY sym=0x40000043 target=0x102c0fa48
RUST_INPUT: AddGestureBinding KEY sym=0x40000044 target=0x102c0fa54
RUST_INPUT: AddGestureBinding KEY sym=0x40000052 target=0x102c0fa58
RUST_INPUT: AddGestureBinding KEY sym=0x40000060 target=0x102c0fa58
RUST_INPUT: AddGestureBinding KEY sym=0x40000051 target=0x102c0fa5c
RUST_INPUT: AddGestureBinding KEY sym=0x4000005A target=0x102c0fa5c
RUST_INPUT: AddGestureBinding KEY sym=0x40000050 target=0x102c0fa60
RUST_INPUT: AddGestureBinding KEY sym=0x4000005C target=0x102c0fa60
RUST_INPUT: AddGestureBinding KEY sym=0x4000004F target=0x102c0fa64
RUST_INPUT: AddGestureBinding KEY sym=0x4000005E target=0x102c0fa64
RUST_INPUT: AddGestureBinding KEY sym=0xD target=0x102c0fa68
RUST_INPUT: AddGestureBinding KEY sym=0x400000E4 target=0x102c0fa68
RUST_INPUT: AddGestureBinding KEY sym=0x40000058 target=0x102c0fa68
RUST_INPUT: AddGestureBinding KEY sym=0x20 target=0x102c0fa6c
RUST_INPUT: AddGestureBinding KEY sym=0x400000E5 target=0x102c0fa6c
RUST_INPUT: AddGestureBinding KEY sym=0x1B target=0x102c0fa6c
RUST_INPUT: AddGestureBinding KEY sym=0x40000062 target=0x102c0fa6c
RUST_INPUT: AddGestureBinding KEY sym=0x400000E2 target=0x102c0fa70
RUST_INPUT: AddGestureBinding KEY sym=0x400000E6 target=0x102c0fa70
RUST_INPUT: AddGestureBinding KEY sym=0x4000004B target=0x102c0fa74
RUST_INPUT: AddGestureBinding KEY sym=0x40000061 target=0x102c0fa74
RUST_INPUT: AddGestureBinding KEY sym=0x4000004E target=0x102c0fa78
RUST_INPUT: AddGestureBinding KEY sym=0x4000005B target=0x102c0fa78
RUST_INPUT: AddGestureBinding KEY sym=0x4000004A target=0x102c0fa7c
RUST_INPUT: AddGestureBinding KEY sym=0x4000005F target=0x102c0fa7c
RUST_INPUT: AddGestureBinding KEY sym=0x4000004D target=0x102c0fa80
RUST_INPUT: AddGestureBinding KEY sym=0x40000059 target=0x102c0fa80
RUST_INPUT: AddGestureBinding KEY sym=0x4000004B target=0x102c0fa84
RUST_INPUT: AddGestureBinding KEY sym=0x40000057 target=0x102c0fa84
RUST_INPUT: AddGestureBinding KEY sym=0x4000004E target=0x102c0fa88
RUST_INPUT: AddGestureBinding KEY sym=0x40000056 target=0x102c0fa88
RUST_INPUT: AddGestureBinding KEY sym=0x7F target=0x102c0fa8c
RUST_INPUT: AddGestureBinding KEY sym=0x40000063 target=0x102c0fa8c
RUST_INPUT: AddGestureBinding KEY sym=0x8 target=0x102c0fa90
RUST_INPUT: AddGestureBinding KEY sym=0x1B target=0x102c0fa94
RUST_INPUT: AddGestureBinding KEY sym=0x2F target=0x102c0fa98
RUST_INPUT: AddGestureBinding KEY sym=0x4000003F target=0x102c0fa98
RUST_INPUT: AddGestureBinding KEY sym=0x9 target=0x102c0fa9c
RUST_UIO: uio_fopen entry
RUST_UIO: uio_fopen called
RUST_UIO: uio_fopen path="/Users/runner/work/_temp/s4-command-evidence/bundle/run-0/payloads/native-window.acceptance/config/flight.cfg" mode=rt
RUST_UIO: uio_fopen failed: path="/Users/runner/work/_temp/s4-command-evidence/bundle/run-0/payloads/native-window.acceptance/config/flight.cfg" err=No such file or directory (os error 2)
RUST_UIO: uio_fopen entry
RUST_UIO: uio_fopen called
RUST_UIO: uio_fopen path="/Users/runner/work/_temp/s4-command-evidence/bundle/run-0/payloads/native-window.acceptance/inputs/content/uqm.key" mode=rt
RUST_UIO: uio_fopen returning stream=0x600002d71840
RUST_UIO: uio_fread requested=2118 read=2118
RUST_UIO: uio_fclose called
RUST_INPUT: AddGestureBinding KEY sym=0x40000052 target=0x102c0f99c
RUST_INPUT: AddGestureBinding KEY sym=0x40000060 target=0x102c0f99c
RUST_INPUT: AddGestureBinding KEY sym=0x40000051 target=0x102c0f9a0
RUST_INPUT: AddGestureBinding KEY sym=0x4000005A target=0x102c0f9a0
RUST_INPUT: AddGestureBinding KEY sym=0x40000050 target=0x102c0f9a4
RUST_INPUT: AddGestureBinding KEY sym=0x4000005C target=0x102c0f9a4
RUST_INPUT: AddGestureBinding KEY sym=0x4000004F target=0x102c0f9a8
RUST_INPUT: AddGestureBinding KEY sym=0x4000005E target=0x102c0f9a8
RUST_INPUT: AddGestureBinding KEY sym=0x400000E4 target=0x102c0f9ac
RUST_INPUT: AddGestureBinding KEY sym=0xD target=0x102c0f9ac
RUST_INPUT: AddGestureBinding KEY sym=0x400000E5 target=0x102c0f9b0
RUST_INPUT: AddGestureBinding KEY sym=0x40000062 target=0x102c0f9b0
RUST_INPUT: AddGestureBinding KEY sym=0x1B target=0x102c0f9b4
RUST_INPUT: AddGestureBinding KEY sym=0x77 target=0x102c0f9b8
RUST_INPUT: AddGestureBinding KEY sym=0x73 target=0x102c0f9bc
RUST_INPUT: AddGestureBinding KEY sym=0x61 target=0x102c0f9c0
RUST_INPUT: AddGestureBinding KEY sym=0x64 target=0x102c0f9c4
RUST_INPUT: AddGestureBinding KEY sym=0x76 target=0x102c0f9c8
RUST_INPUT: AddGestureBinding KEY sym=0x62 target=0x102c0f9cc
RUST_INPUT: AddGestureBinding KEY sym=0x1B target=0x102c0f9d0
RUST_INPUT: AddGestureBinding KEY sym=0x40000052 target=0x102c0f9d4
RUST_INPUT: AddGestureBinding KEY sym=0x40000060 target=0x102c0f9d4
RUST_INPUT: AddGestureBinding KEY sym=0x40000051 target=0x102c0f9d8
RUST_INPUT: AddGestureBinding KEY sym=0x4000005A target=0x102c0f9d8
RUST_INPUT: AddGestureBinding KEY sym=0x40000050 target=0x102c0f9dc
RUST_INPUT: AddGestureBinding KEY sym=0x4000005C target=0x102c0f9dc
RUST_INPUT: AddGestureBinding KEY sym=0x4000004F target=0x102c0f9e0
RUST_INPUT: AddGestureBinding KEY sym=0x4000005E target=0x102c0f9e0
RUST_INPUT: AddGestureBinding KEY sym=0x5D target=0x102c0f9e4
RUST_INPUT: AddGestureBinding KEY sym=0x5B target=0x102c0f9e8
RUST_INPUT: AddGestureBinding KEY sym=0x1B target=0x102c0f9ec
RUST_INPUT: AddGestureBinding KEY sym=0x65 target=0x102c0f9f0
RUST_INPUT: AddGestureBinding KEY sym=0x64 target=0x102c0f9f4
RUST_INPUT: AddGestureBinding KEY sym=0x73 target=0x102c0f9f8
RUST_INPUT: AddGestureBinding KEY sym=0x66 target=0x102c0f9fc
RUST_INPUT: AddGestureBinding KEY sym=0x71 target=0x102c0fa00
RUST_INPUT: AddGestureBinding KEY sym=0x61 target=0x102c0fa04
RUST_INPUT: AddGestureBinding KEY sym=0x1B target=0x102c0fa08
RUST_INPUT: AddGestureBinding KEY sym=0x1B target=0x102c0fa24
RUST_INPUT: AddGestureBinding KEY sym=0x1B target=0x102c0fa40
RUST_MIXER_INIT: freq=44100 format=0x202 quality=1 flags=0
RUST_MIXER_INIT: decoded format=Stereo16
RUST_MIXER_INIT: success
RUST_WAV_INIT_MODULE: flags=2 fmts=0x102c7f3e0
RUST_WAV_INIT_MODULE: formats mono8=24 stereo8=25 mono16=22 stereo16=23
RUST_WAV_INIT_MODULE: formats stored successfully
RUST_MOD_INIT_MODULE: flags=2 fmts=0x102c7f3e0
RUST_MOD_INIT_MODULE: formats mono8=24 stereo8=25 mono16=22 stereo16=23
RUST_MOD_INIT_MODULE: formats stored successfully
RUST_OGG_INIT_MODULE
RUST_OGG_INIT_MODULE: mono8=24 stereo8=25 mono16=22 stereo16=23
RUST_MIXER_GenSources: n=1
RUST_MIXER_GenSources: created [0]
RUST_MIXER_GenSources: n=1
RUST_MIXER_GenSources: created [1]
RUST_MIXER_GenSources: n=1
RUST_MIXER_GenSources: created [2]
RUST_MIXER_GenSources: n=1
RUST_MIXER_GenSources: created [3]
RUST_MIXER_GenSources: n=1
RUST_MIXER_GenSources: created [4]
RUST_MIXER_GenSources: n=1
RUST_MIXER_GenSources: created [5]
RUST_MIXER_GenSources: n=1
RUST_MIXER_GenSources: created [6]
RUST_UIO: uio_getDirList called: dir=0x600001c5c360 path=0x102a63b4e pattern=0x102a72364
RUST_UIO: uio_getDirList: dir_virtual="/" rel_path=""
RUST_UIO: uio_getDirList: virtual_path="/" pattern='\.[rR][mM][pP]$' matchType=4
RUST_UIO: uio_getDirList: checking stdio mount '/' at host_path="/Users/runner/work/_temp/s4-command-evidence/bundle/run-0/payloads/native-window.acceptance/./inputs/content"
RUST_UIO: uio_getDirList: checking stdio mount '/' at host_path="/Users/runner/work/_temp/s4-command-evidence/bundle/run-0/payloads/native-window.acceptance/./config"
RUST_UIO: uio_getDirList: ZIP mount '/' returned 4 entries for ""
RUST_UIO: uio_getDirList: 1 matches for pattern '\.[rR][mM][pP]$' in "/"
RUST_UIO: uio_fopen entry
RUST_UIO: uio_fopen called
RUST_UIO: uio_fopen path="/Users/runner/work/_temp/s4-command-evidence/bundle/run-0/payloads/native-window.acceptance/inputs/content/uqm.rmp" mode=rt
RUST_UIO: uio_fopen returning stream=0x600002d69d00
RUST_UIO: uio_fread requested=60298 read=60298
RUST_UIO: uio_fclose called
RUST_UIO: uio_DirList_free called
RUST_UIO: uio_openDirRelative called
RUST_UIO: uio_openDirRelative: base="/Users/runner/work/_temp/s4-command-evidence/bundle/run-0/payloads/native-window.acceptance/./inputs/content" path="addons" (is_absolute=false)
RUST_UIO: uio_openDirRelative: joined "/Users/runner/work/_temp/s4-command-evidence/bundle/run-0/payloads/native-window.acceptance/./inputs/content" + "addons" = "/Users/runner/work/_temp/s4-command-evidence/bundle/run-0/payloads/native-window.acceptance/inputs/content/addons"
RUST_UIO: resolve_mount_path input: "/Users/runner/work/_temp/s4-command-evidence/bundle/run-0/payloads/native-window.acceptance/inputs/content/addons"
RUST_UIO: path "/Users/runner/work/_temp/s4-command-evidence/bundle/run-0/payloads/native-window.acceptance/inputs/content/addons" already resolved to filesystem path
RUST_UIO: uio_openDirRelative called
RUST_UIO: uio_openDirRelative: base="/Users/runner/work/_temp/s4-command-evidence/bundle/run-0/payloads/native-window.acceptance/inputs/content/addons" path="3domusic" (is_absolute=false)
RUST_UIO: uio_openDirRelative: joined "/Users/runner/work/_temp/s4-command-evidence/bundle/run-0/payloads/native-window.acceptance/inputs/content/addons" + "3domusic" = "/Users/runner/work/_temp/s4-command-evidence/bundle/run-0/payloads/native-window.acceptance/inputs/content/addons/3domusic"
RUST_UIO: resolve_mount_path input: "/Users/runner/work/_temp/s4-command-evidence/bundle/run-0/payloads/native-window.acceptance/inputs/content/addons/3domusic"
RUST_UIO: path "/Users/runner/work/_temp/s4-command-evidence/bundle/run-0/payloads/native-window.acceptance/inputs/content/addons/3domusic" already resolved to filesystem path
RUST_UIO: uio_getDirList called: dir=0x600001c53780 path=0x102a63b4e pattern=0x102a72364
RUST_UIO: uio_getDirList: dir_virtual="/addons/3domusic" rel_path=""
RUST_UIO: uio_getDirList: virtual_path="/addons/3domusic" pattern='\.[rR][mM][pP]$' matchType=4
RUST_UIO: uio_getDirList: checking stdio mount '/' at host_path="/Users/runner/work/_temp/s4-command-evidence/bundle/run-0/payloads/native-window.acceptance/./inputs/content/addons/3domusic"
RUST_UIO: uio_getDirList: checking stdio mount '/' at host_path="/Users/runner/work/_temp/s4-command-evidence/bundle/run-0/payloads/native-window.acceptance/./config/addons/3domusic"
RUST_UIO: uio_getDirList: ZIP mount '/' returned 0 entries for "addons/3domusic"
RUST_UIO: uio_getDirList: no matches for pattern '\.[rR][mM][pP]$' in "/addons/3domusic"
RUST_UIO: uio_DirList_free called
RUST_UIO: uio_closeDir called
RUST_UIO: uio_closeDir called
RUST_UIO: uio_openDirRelative called
RUST_UIO: uio_openDirRelative: base="/Users/runner/work/_temp/s4-command-evidence/bundle/run-0/payloads/native-window.acceptance/./inputs/content" path="addons" (is_absolute=false)
RUST_UIO: uio_openDirRelative: joined "/Users/runner/work/_temp/s4-command-evidence/bundle/run-0/payloads/native-window.acceptance/./inputs/content" + "addons" = "/Users/runner/work/_temp/s4-command-evidence/bundle/run-0/payloads/native-window.acceptance/inputs/content/addons"
RUST_UIO: resolve_mount_path input: "/Users/runner/work/_temp/s4-command-evidence/bundle/run-0/payloads/native-window.acceptance/inputs/content/addons"
RUST_UIO: path "/Users/runner/work/_temp/s4-command-evidence/bundle/run-0/payloads/native-window.acceptance/inputs/content/addons" already resolved to filesystem path
RUST_UIO: uio_openDirRelative called
RUST_UIO: uio_openDirRelative: base="/Users/runner/work/_temp/s4-command-evidence/bundle/run-0/payloads/native-window.acceptance/inputs/content/addons" path="3dovoice" (is_absolute=false)
RUST_UIO: uio_openDirRelative: joined "/Users/runner/work/_temp/s4-command-evidence/bundle/run-0/payloads/native-window.acceptance/inputs/content/addons" + "3dovoice" = "/Users/runner/work/_temp/s4-command-evidence/bundle/run-0/payloads/native-window.acceptance/inputs/content/addons/3dovoice"
RUST_UIO: resolve_mount_path input: "/Users/runner/work/_temp/s4-command-evidence/bundle/run-0/payloads/native-window.acceptance/inputs/content/addons/3dovoice"
RUST_UIO: path "/Users/runner/work/_temp/s4-command-evidence/bundle/run-0/payloads/native-window.acceptance/inputs/content/addons/3dovoice" already resolved to filesystem path
RUST_UIO: uio_getDirList called: dir=0x600001c5f240 path=0x102a63b4e pattern=0x102a72364
RUST_UIO: uio_getDirList: dir_virtual="/addons/3dovoice" rel_path=""
RUST_UIO: uio_getDirList: virtual_path="/addons/3dovoice" pattern='\.[rR][mM][pP]$' matchType=4
RUST_UIO: uio_getDirList: checking stdio mount '/' at host_path="/Users/runner/work/_temp/s4-command-evidence/bundle/run-0/payloads/native-window.acceptance/./inputs/content/addons/3dovoice"
RUST_UIO: uio_getDirList: checking stdio mount '/' at host_path="/Users/runner/work/_temp/s4-command-evidence/bundle/run-0/payloads/native-window.acceptance/./config/addons/3dovoice"
RUST_UIO: uio_getDirList: ZIP mount '/' returned 0 entries for "addons/3dovoice"
RUST_UIO: uio_getDirList: no matches for pattern '\.[rR][mM][pP]$' in "/addons/3dovoice"
RUST_UIO: uio_DirList_free called
RUST_UIO: uio_closeDir called
RUST_UIO: uio_closeDir called
RUST_UIO: uio_openDirRelative called
RUST_UIO: uio_openDirRelative: base="/Users/runner/work/_temp/s4-command-evidence/bundle/run-0/payloads/native-window.acceptance/./inputs/content" path="addons" (is_absolute=false)
RUST_UIO: uio_openDirRelative: joined "/Users/runner/work/_temp/s4-command-evidence/bundle/run-0/payloads/native-window.acceptance/./inputs/content" + "addons" = "/Users/runner/work/_temp/s4-command-evidence/bundle/run-0/payloads/native-window.acceptance/inputs/content/addons"
RUST_UIO: resolve_mount_path input: "/Users/runner/work/_temp/s4-command-evidence/bundle/run-0/payloads/native-window.acceptance/inputs/content/addons"
RUST_UIO: path "/Users/runner/work/_temp/s4-command-evidence/bundle/run-0/payloads/native-window.acceptance/inputs/content/addons" already resolved to filesystem path
RUST_UIO: uio_openDirRelative called
RUST_UIO: uio_openDirRelative: base="/Users/runner/work/_temp/s4-command-evidence/bundle/run-0/payloads/native-window.acceptance/inputs/content/addons" path="remix" (is_absolute=false)
RUST_UIO: uio_openDirRelative: joined "/Users/runner/work/_temp/s4-command-evidence/bundle/run-0/payloads/native-window.acceptance/inputs/content/addons" + "remix" = "/Users/runner/work/_temp/s4-command-evidence/bundle/run-0/payloads/native-window.acceptance/inputs/content/addons/remix"
RUST_UIO: resolve_mount_path input: "/Users/runner/work/_temp/s4-command-evidence/bundle/run-0/payloads/native-window.acceptance/inputs/content/addons/remix"
RUST_UIO: path "/Users/runner/work/_temp/s4-command-evidence/bundle/run-0/payloads/native-window.acceptance/inputs/content/addons/remix" already resolved to filesystem path
RUST_UIO: uio_getDirList called: dir=0x600001c5f240 path=0x102a63b4e pattern=0x102a72364
RUST_UIO: uio_getDirList: dir_virtual="/addons/remix" rel_path=""
RUST_UIO: uio_getDirList: virtual_path="/addons/remix" pattern='\.[rR][mM][pP]$' matchType=4
RUST_UIO: uio_getDirList: checking stdio mount '/' at host_path="/Users/runner/work/_temp/s4-command-evidence/bundle/run-0/payloads/native-window.acceptance/./inputs/content/addons/remix"
RUST_UIO: uio_getDirList: checking stdio mount '/' at host_path="/Users/runner/work/_temp/s4-command-evidence/bundle/run-0/payloads/native-window.acceptance/./config/addons/remix"
RUST_UIO: uio_getDirList: ZIP mount '/' returned 0 entries for "addons/remix"
RUST_UIO: uio_getDirList: no matches for pattern '\.[rR][mM][pP]$' in "/addons/remix"
RUST_UIO: uio_DirList_free called
RUST_UIO: uio_closeDir called
RUST_UIO: uio_closeDir called
RUST_UIO: uio_openDirRelative called
RUST_UIO: uio_openDirRelative: base="/Users/runner/work/_temp/s4-command-evidence/bundle/run-0/payloads/native-window.acceptance/./inputs/content" path="addons" (is_absolute=false)
RUST_UIO: uio_openDirRelative: joined "/Users/runner/work/_temp/s4-command-evidence/bundle/run-0/payloads/native-window.acceptance/./inputs/content" + "addons" = "/Users/runner/work/_temp/s4-command-evidence/bundle/run-0/payloads/native-window.acceptance/inputs/content/addons"
RUST_UIO: resolve_mount_path input: "/Users/runner/work/_temp/s4-command-evidence/bundle/run-0/payloads/native-window.acceptance/inputs/content/addons"
RUST_UIO: path "/Users/runner/work/_temp/s4-command-evidence/bundle/run-0/payloads/native-window.acceptance/inputs/content/addons" already resolved to filesystem path
RUST_UIO: uio_openDirRelative called
RUST_UIO: uio_openDirRelative: base="/Users/runner/work/_temp/s4-command-evidence/bundle/run-0/payloads/native-window.acceptance/inputs/content/addons" path="3dovideo" (is_absolute=false)
RUST_UIO: uio_openDirRelative: joined "/Users/runner/work/_temp/s4-command-evidence/bundle/run-0/payloads/native-window.acceptance/inputs/content/addons" + "3dovideo" = "/Users/runner/work/_temp/s4-command-evidence/bundle/run-0/payloads/native-window.acceptance/inputs/content/addons/3dovideo"
RUST_UIO: resolve_mount_path input: "/Users/runner/work/_temp/s4-command-evidence/bundle/run-0/payloads/native-window.acceptance/inputs/content/addons/3dovideo"
RUST_UIO: path "/Users/runner/work/_temp/s4-command-evidence/bundle/run-0/payloads/native-window.acceptance/inputs/content/addons/3dovideo" already resolved to filesystem path
RUST_UIO: uio_getDirList called: dir=0x600001c5f240 path=0x102a63b4e pattern=0x102a72364
RUST_UIO: uio_getDirList: dir_virtual="/addons/3dovideo" rel_path=""
RUST_UIO: uio_getDirList: virtual_path="/addons/3dovideo" pattern='\.[rR][mM][pP]$' matchType=4
RUST_UIO: uio_getDirList: checking stdio mount '/' at host_path="/Users/runner/work/_temp/s4-command-evidence/bundle/run-0/payloads/native-window.acceptance/./inputs/content/addons/3dovideo"
RUST_UIO: uio_getDirList: checking stdio mount '/' at host_path="/Users/runner/work/_temp/s4-command-evidence/bundle/run-0/payloads/native-window.acceptance/./config/addons/3dovideo"
RUST_UIO: uio_getDirList: ZIP mount '/' returned 0 entries for "addons/3dovideo"
RUST_UIO: uio_getDirList: no matches for pattern '\.[rR][mM][pP]$' in "/addons/3dovideo"
RUST_UIO: uio_DirList_free called
RUST_UIO: uio_closeDir called
RUST_UIO: uio_closeDir called
RUST_UIO: uio_stat called
RUST_UIO: uio_fopen entry
RUST_UIO: uio_fopen called
RUST_UIO: uio_fopen path="/Users/runner/work/_temp/s4-command-evidence/bundle/run-0/payloads/native-window.acceptance/inputs/content/base/uqm.ct" mode=rb
RUST_UIO: uio_fopen returning stream=0x600002d69d00
RUST_UIO: uio_fread requested=4 read=4
RUST_UIO: uio_fread requested=104462 read=104462
RUST_UIO: uio_fclose called
RUST_INPUT: HandleEvent event_type=0x200
RUST_INPUT: HandleEvent event_type=0x200
RUST_INPUT: HandleEvent event_type=0x158
RUST_INPUT: HandleEvent event_type=0x200
RUST_INPUT: HandleEvent event_type=0x207
MIX_DIAG#0: 14 sources: [(0, 0, None, 0.75), (1, 0, None, 0.75), (2, 0, None, 0.75), (3, 0, None, 0.75), (4, 0, None, 0.75), (5, 0, None, 0.75), (6, 0, None, 0.75), (7, 0, None, 0.75), (8, 0, None, 0.75), (9, 0, None, 0.75), (10, 0, None, 0.75), (11, 0, None, 0.75), (12, 0, None, 0.47058827), (13, 0, None, 0.75)]
MIX_DIAG#1: 14 sources: [(0, 0, None, 0.75), (1, 0, None, 0.75), (2, 0, None, 0.75), (3, 0, None, 0.75), (4, 0, None, 0.75), (5, 0, None, 0.75), (6, 0, None, 0.75), (7, 0, None, 0.75), (8, 0, None, 0.75), (9, 0, None, 0.75), (10, 0, None, 0.75), (11, 0, None, 0.75), (12, 0, None, 0.47058827), (13, 0, None, 0.75)]
MIX_DIAG#2: 14 sources: [(0, 0, None, 0.75), (1, 0, None, 0.75), (2, 0, None, 0.75), (3, 0, None, 0.75), (4, 0, None, 0.75), (5, 0, None, 0.75), (6, 0, None, 0.75), (7, 0, None, 0.75), (8, 0, None, 0.75), (9, 0, None, 0.75), (10, 0, None, 0.75), (11, 0, None, 0.75), (12, 0, None, 0.47058827), (13, 0, None, 0.75)]
RUST_INPUT: HandleEvent event_type=0x200
RUST_INPUT: HandleEvent event_type=0x200
RUST_UIO: uio_stat called
RUST_UIO: uio_fopen entry
RUST_UIO: uio_fopen called
RUST_UIO: uio_fopen path="/Users/runner/work/_temp/s4-command-evidence/bundle/run-0/payloads/native-window.acceptance/inputs/content/base/ui/title.ani" mode=rb
RUST_UIO: uio_fopen returning stream=0x600002d67180
RUST_UIO: uio_fread requested=4 read=4
RUST_UIO: uio_fopen entry
RUST_UIO: uio_fopen called
RUST_UIO: uio_fopen path="/Users/runner/work/_temp/s4-command-evidence/bundle/run-0/payloads/native-window.acceptance/inputs/content/base/ui/title.png" mode=rb
RUST_UIO: uio_fopen returning stream=0x600002d67240
RUST_UIO: uio_fread requested=8 read=8
RUST_UIO: uio_fread requested=8 read=8
RUST_UIO: uio_fread requested=13 read=13
RUST_UIO: uio_fread requested=4 read=4
RUST_UIO: uio_fread requested=8 read=8
RUST_UIO: uio_fread requested=4 read=4
RUST_UIO: uio_fread requested=4 read=4
RUST_UIO: uio_fread requested=8 read=8
RUST_UIO: uio_fread requested=25 read=25
RUST_UIO: uio_fread requested=4 read=4
RUST_UIO: uio_fread requested=8 read=8
RUST_UIO: uio_fread requested=8192 read=8192
RUST_UIO: uio_fread requested=8192 read=8192
RUST_UIO: uio_fread requested=8192 read=8192
RUST_UIO: uio_fread requested=8192 read=8192
RUST_UIO: uio_fread requested=8192 read=8192
RUST_UIO: uio_fread requested=8192 read=8192
RUST_UIO: uio_fread requested=8192 read=8192
RUST_UIO: uio_fread requested=8192 read=8192
RUST_UIO: uio_fread requested=8192 read=8192
RUST_UIO: uio_fread requested=8192 read=8192
RUST_UIO: uio_fread requested=8192 read=8192
RUST_UIO: uio_fread requested=8192 read=8192
RUST_UIO: uio_fread requested=8192 read=8192
RUST_UIO: uio_fread requested=8192 read=8192
RUST_UIO: uio_fread requested=8192 read=8192
RUST_UIO: uio_fread requested=7088 read=7088
RUST_UIO: uio_fread requested=4 read=4
RUST_UIO: uio_fclose called
RUST_UIO: uio_fclose called
RUST_UIO: uio_stat called
RUST_UIO: uio_fopen entry
RUST_UIO: uio_fopen called
RUST_UIO: uio_fopen path="/Users/runner/work/_temp/s4-command-evidence/bundle/run-0/payloads/native-window.acceptance/inputs/content/base/ships/arilou/skiff-icons.ani" mode=rb
RUST_UIO: uio_fopen returning stream=0x600002d625c0
RUST_UIO: uio_fread requested=4 read=4
RUST_UIO: uio_fopen entry
RUST_UIO: uio_fopen called
RUST_UIO: uio_fopen path="/Users/runner/work/_temp/s4-command-evidence/bundle/run-0/payloads/native-window.acceptance/inputs/content/base/ships/arilou/skiff-icons-000.png" mode=rb
RUST_UIO: uio_fopen returning stream=0x600002d62600
RUST_UIO: uio_fread requested=8 read=8
RUST_UIO: uio_fread requested=8 read=8
RUST_UIO: uio_fread requested=13 read=13
RUST_UIO: uio_fread requested=4 read=4
RUST_UIO: uio_fread requested=8 read=8
RUST_UIO: uio_fread requested=3 read=3
RUST_UIO: uio_fread requested=4 read=4
RUST_UIO: uio_fread requested=8 read=8
RUST_UIO: uio_fread requested=768 read=768
RUST_UIO: uio_fread requested=4 read=4
RUST_UIO: uio_fread requested=8 read=8
RUST_UIO: uio_fread requested=1 read=1
RUST_UIO: uio_fread requested=4 read=4
RUST_UIO: uio_fread requested=8 read=8
RUST_UIO: uio_fread requested=47 read=47
RUST_UIO: uio_fread requested=4 read=4
RUST_UIO: uio_fclose called
RUST_UIO: uio_fopen entry
RUST_UIO: uio_fopen called
RUST_UIO: uio_fopen path="/Users/runner/work/_temp/s4-command-evidence/bundle/run-0/payloads/native-window.acceptance/inputs/content/base/ships/arilou/skiff-icons-001.png" mode=rb
RUST_UIO: uio_fopen returning stream=0x600002d6e680
RUST_UIO: uio_fread requested=8 read=8
RUST_UIO: uio_fread requested=8 read=8
RUST_UIO: uio_fread requested=13 read=13
RUST_UIO: uio_fread requested=4 read=4
RUST_UIO: uio_fread requested=8 read=8
RUST_UIO: uio_fread requested=3 read=3
RUST_UIO: uio_fread requested=4 read=4
RUST_UIO: uio_fread requested=8 read=8
RUST_UIO: uio_fread requested=768 read=768
RUST_UIO: uio_fread requested=4 read=4
RUST_UIO: uio_fread requested=8 read=8
RUST_UIO: uio_fread requested=1 read=1
RUST_UIO: uio_fread requested=4 read=4
RUST_UIO: uio_fread requested=8 read=8
RUST_UIO: uio_fread requested=281 read=281
RUST_UIO: uio_fread requested=4 read=4
RUST_UIO: uio_fclose called
RUST_UIO: uio_fclose called
RUST_UIO: uio_stat called
RUST_UIO: uio_fopen entry
RUST_UIO: uio_fopen called
RUST_UIO: uio_fopen path="/Users/runner/work/_temp/s4-command-evidence/bundle/run-0/payloads/native-window.acceptance/inputs/content/base/ships/arilou/skiff-meleeicons.ani" mode=rb
RUST_UIO: uio_fopen returning stream=0x600002d6e740
RUST_UIO: uio_fread requested=4 read=4
RUST_UIO: uio_fopen entry
RUST_UIO: uio_fopen called
RUST_UIO: uio_fopen path="/Users/runner/work/_temp/s4-command-evidence/bundle/run-0/payloads/native-window.acceptance/inputs/content/base/ships/arilou/skiff-meleeicons-000.png" mode=rb
RUST_UIO: uio_fopen returning stream=0x600002d62000
RUST_UIO: uio_fread requested=8 read=8
RUST_UIO: uio_fread requested=8 read=8
RUST_UIO: uio_fread requested=13 read=13
RUST_UIO: uio_fread requested=4 read=4
RUST_UIO: uio_fread requested=8 read=8
RUST_UIO: uio_fread requested=3 read=3
RUST_UIO: uio_fread requested=4 read=4
RUST_UIO: uio_fread requested=8 read=8
RUST_UIO: uio_fread requested=768 read=768
RUST_UIO: uio_fread requested=4 read=4
RUST_UIO: uio_fread requested=8 read=8
RUST_UIO: uio_fread requested=1 read=1
RUST_UIO: uio_fread requested=4 read=4
RUST_UIO: uio_fread requested=8 read=8
RUST_UIO: uio_fread requested=132 read=132
RUST_UIO: uio_fread requested=4 read=4
RUST_UIO: uio_fclose called
RUST_UIO: uio_fopen entry
RUST_UIO: uio_fopen called
RUST_UIO: uio_fopen path="/Users/runner/work/_temp/s4-command-evidence/bundle/run-0/payloads/native-window.acceptance/inputs/content/base/ships/arilou/skiff-meleeicons-001.png" mode=rb
RUST_UIO: uio_fopen returning stream=0x600002d667c0
RUST_UIO: uio_fread requested=8 read=8
RUST_UIO: uio_fread requested=8 read=8
RUST_UIO: uio_fread requested=13 read=13
RUST_UIO: uio_fread requested=4 read=4
RUST_UIO: uio_fread requested=8 read=8
RUST_UIO: uio_fread requested=3 read=3
RUST_UIO: uio_fread requested=4 read=4
RUST_UIO: uio_fread requested=8 read=8
RUST_UIO: uio_fread requested=768 read=768
RUST_UIO: uio_fread requested=4 read=4
RUST_UIO: uio_fread requested=8 read=8
RUST_UIO: uio_fread requested=1 read=1
RUST_UIO: uio_fread requested=4 read=4
RUST_UIO: uio_fread requested=8 read=8
RUST_UIO: uio_fread requested=45 read=45
RUST_UIO: uio_fread requested=4 read=4
RUST_UIO: uio_fclose called
RUST_UIO: uio_fclose called
RUST_UIO: uio_stat called
RUST_UIO: uio_fopen entry
RUST_UIO: uio_fopen called
RUST_UIO: uio_fopen path="/Users/runner/work/_temp/s4-command-evidence/bundle/run-0/payloads/native-window.acceptance/inputs/content/base/ships/arilou/skiff.txt" mode=rb
RUST_UIO: uio_fopen returning stream=0x600002d66780
RUST_UIO: uio_fclose called
RUST_UIO: uio_stat called
RUST_UIO: uio_fopen entry
RUST_UIO: uio_fopen called
RUST_UIO: uio_fopen path="/Users/runner/work/_temp/s4-command-evidence/bundle/run-0/payloads/native-window.acceptance/inputs/content/base/ships/chmmr/avatar-icons.ani" mode=rb
RUST_UIO: uio_fopen returning stream=0x600002d66840
RUST_UIO: uio_fread requested=4 read=4
RUST_UIO: uio_fopen entry
RUST_UIO: uio_fopen called
RUST_UIO: uio_fopen path="/Users/runner/work/_temp/s4-command-evidence/bundle/run-0/payloads/native-window.acceptance/inputs/content/base/ships/chmmr/avatar-icons-000.png" mode=rb
RUST_UIO: uio_fopen returning stream=0x600002d6df80
RUST_UIO: uio_fread requested=8 read=8
RUST_UIO: uio_fread requested=8 read=8
RUST_UIO: uio_fread requested=13 read=13
RUST_UIO: uio_fread requested=4 read=4
RUST_UIO: uio_fread requested=8 read=8
RUST_UIO: uio_fread requested=3 read=3
RUST_UIO: uio_fread requested=4 read=4
RUST_UIO: uio_fread requested=8 read=8
RUST_UIO: uio_fread requested=768 read=768
RUST_UIO: uio_fread requested=4 read=4
RUST_UIO: uio_fread requested=8 read=8
RUST_UIO: uio_fread requested=1 read=1
RUST_UIO: uio_fread requested=4 read=4
RUST_UIO: uio_fread requested=8 read=8
RUST_UIO: uio_fread requested=120 read=120
RUST_UIO: uio_fread requested=4 read=4
RUST_UIO: uio_fclose called
RUST_UIO: uio_fopen entry
RUST_UIO: uio_fopen called
RUST_UIO: uio_fopen path="/Users/runner/work/_temp/s4-command-evidence/bundle/run-0/payloads/native-window.acceptance/inputs/content/base/ships/chmmr/avatar-icons-001.png" mode=rb
RUST_UIO: uio_fopen returning stream=0x600002d6cbc0
RUST_UIO: uio_fread requested=8 read=8
RUST_UIO: uio_fread requested=8 read=8
RUST_UIO: uio_fread requested=13 read=13
RUST_UIO: uio_fread requested=4 read=4
RUST_UIO: uio_fread requested=8 read=8
RUST_UIO: uio_fread requested=3 read=3
RUST_UIO: uio_fread requested=4 read=4
RUST_UIO: uio_fread requested=8 read=8
RUST_UIO: uio_fread requested=768 read=768
RUST_UIO: uio_fread requested=4 read=4
RUST_UIO: uio_fread requested=8 read=8
RUST_UIO: uio_fread requested=1 read=1
RUST_UIO: uio_fread requested=4 read=4
RUST_UIO: uio_fread requested=8 read=8
RUST_UIO: uio_fread requested=398 read=398
RUST_UIO: uio_fread requested=4 read=4
RUST_UIO: uio_fclose called
RUST_UIO: uio_fclose called
RUST_UIO: uio_stat called
RUST_UIO: uio_fopen entry
RUST_UIO: uio_fopen called
RUST_UIO: uio_fopen path="/Users/runner/work/_temp/s4-command-evidence/bundle/run-0/payloads/native-window.acceptance/inputs/content/base/ships/chmmr/avatar-meleeicons.ani" mode=rb
RUST_UIO: uio_fopen returning stream=0x600002d6e380
RUST_UIO: uio_fread requested=4 read=4
RUST_UIO: uio_fopen entry
RUST_UIO: uio_fopen called
RUST_UIO: uio_fopen path="/Users/runner/work/_temp/s4-command-evidence/bundle/run-0/payloads/native-window.acceptance/inputs/content/base/ships/chmmr/avatar-meleeicons-000.png" mode=rb
RUST_UIO: uio_fopen returning stream=0x600002d6e240
RUST_UIO: uio_fread requested=8 read=8
RUST_UIO: uio_fread requested=8 read=8
RUST_UIO: uio_fread requested=13 read=13
RUST_UIO: uio_fread requested=4 read=4
RUST_UIO: uio_fread requested=8 read=8
RUST_UIO: uio_fread requested=3 read=3
RUST_UIO: uio_fread requested=4 read=4
RUST_UIO: uio_fread requested=8 read=8
RUST_UIO: uio_fread requested=768 read=768
RUST_UIO: uio_fread requested=4 read=4
RUST_UIO: uio_fread requested=8 read=8
RUST_UIO: uio_fread requested=1 read=1
RUST_UIO: uio_fread requested=4 read=4
RUST_UIO: uio_fread requested=8 read=8
RUST_UIO: uio_fread requested=308 read=308
RUST_UIO: uio_fread requested=4 read=4
RUST_UIO: uio_fclose called
RUST_UIO: uio_fopen entry
RUST_UIO: uio_fopen called
RUST_UIO: uio_fopen path="/Users/runner/work/_temp/s4-command-evidence/bundle/run-0/payloads/native-window.acceptance/inputs/content/base/ships/chmmr/avatar-meleeicons-001.png" mode=rb
RUST_UIO: uio_fopen returning stream=0x600002d6e280
RUST_UIO: uio_fread requested=8 read=8
RUST_UIO: uio_fread requested=8 read=8
RUST_UIO: uio_fread requested=13 read=13
RUST_UIO: uio_fread requested=4 read=4
RUST_UIO: uio_fread requested=8 read=8
RUST_UIO: uio_fread requested=3 read=3
RUST_UIO: uio_fread requested=4 read=4
RUST_UIO: uio_fread requested=8 read=8
RUST_UIO: uio_fread requested=768 read=768
RUST_UIO: uio_fread requested=4 read=4
RUST_UIO: uio_fread requested=8 read=8
RUST_UIO: uio_fread requested=1 read=1
RUST_UIO: uio_fread requested=4 read=4
RUST_UIO: uio_fread requested=8 read=8
RUST_UIO: uio_fread requested=63 read=63
RUST_UIO: uio_fread requested=4 read=4
RUST_UIO: uio_fclose called
RUST_UIO: uio_fclose called
RUST_UIO: uio_stat called
RUST_UIO: uio_fopen entry
RUST_UIO: uio_fopen called
RUST_UIO: uio_fopen path="/Users/runner/work/_temp/s4-command-evidence/bundle/run-0/payloads/native-window.acceptance/inputs/content/base/ships/chmmr/avatar.txt" mode=rb
RUST_UIO: uio_fopen returning stream=0x600002d6e380
RUST_UIO: uio_fclose called
RUST_UIO: uio_stat called
RUST_UIO: uio_fopen entry
RUST_UIO: uio_fopen called
RUST_UIO: uio_fopen path="/Users/runner/work/_temp/s4-command-evidence/bundle/run-0/payloads/native-window.acceptance/inputs/content/base/ships/human/cruiser-icons.ani" mode=rb
RUST_UIO: uio_fopen returning stream=0x600002d66840
RUST_UIO: uio_fread requested=4 read=4
RUST_UIO: uio_fopen entry
RUST_UIO: uio_fopen called
RUST_UIO: uio_fopen path="/Users/runner/work/_temp/s4-command-evidence/bundle/run-0/payloads/native-window.acceptance/inputs/content/base/ships/human/cruiser-icons-000.png" mode=rb
RUST_UIO: uio_fopen returning stream=0x600002d66cc0
RUST_UIO: uio_fread requested=8 read=8
RUST_UIO: uio_fread requested=8 read=8
RUST_UIO: uio_fread requested=13 read=13
RUST_UIO: uio_fread requested=4 read=4
RUST_UIO: uio_fread requested=8 read=8
RUST_UIO: uio_fread requested=3 read=3
RUST_UIO: uio_fread requested=4 read=4
RUST_UIO: uio_fread requested=8 read=8
RUST_UIO: uio_fread requested=768 read=768
RUST_UIO: uio_fread requested=4 read=4
RUST_UIO: uio_fread requested=8 read=8
RUST_UIO: uio_fread requested=1 read=1
RUST_UIO: uio_fread requested=4 read=4
RUST_UIO: uio_fread requested=8 read=8
RUST_UIO: uio_fread requested=68 read=68
RUST_UIO: uio_fread requested=4 read=4
RUST_UIO: uio_fclose called
RUST_UIO: uio_fopen entry
RUST_UIO: uio_fopen called
RUST_UIO: uio_fopen path="/Users/runner/work/_temp/s4-command-evidence/bundle/run-0/payloads/native-window.acceptance/inputs/content/base/ships/human/cruiser-icons-001.png" mode=rb
RUST_UIO: uio_fopen returning stream=0x600002d66780
RUST_UIO: uio_fread requested=8 read=8
RUST_UIO: uio_fread requested=8 read=8
RUST_UIO: uio_fread requested=13 read=13
RUST_UIO: uio_fread requested=4 read=4
RUST_UIO: uio_fread requested=8 read=8
RUST_UIO: uio_fread requested=3 read=3
RUST_UIO: uio_fread requested=4 read=4
RUST_UIO: uio_fread requested=8 read=8
RUST_UIO: uio_fread requested=768 read=768
RUST_UIO: uio_fread requested=4 read=4
RUST_UIO: uio_fread requested=8 read=8
RUST_UIO: uio_fread requested=1 read=1
RUST_UIO: uio_fread requested=4 read=4
RUST_UIO: uio_fread requested=8 read=8
RUST_UIO: uio_fread requested=228 read=228
RUST_UIO: uio_fread requested=4 read=4
RUST_UIO: uio_fclose called
RUST_UIO: uio_fclose called
RUST_UIO: uio_stat called
RUST_UIO: uio_fopen entry
RUST_UIO: uio_fopen called
RUST_UIO: uio_fopen path="/Users/runner/work/_temp/s4-command-evidence/bundle/run-0/payloads/native-window.acceptance/inputs/content/base/ships/human/cruiser-meleeicons.ani" mode=rb
RUST_UIO: uio_fopen returning stream=0x600002d67c00
RUST_UIO: uio_fread requested=4 read=4
RUST_UIO: uio_fopen entry
RUST_UIO: uio_fopen called
RUST_UIO: uio_fopen path="/Users/runner/work/_temp/s4-command-evidence/bundle/run-0/payloads/native-window.acceptance/inputs/content/base/ships/human/cruiser-meleeicons-000.png" mode=rb
RUST_UIO: uio_fopen returning stream=0x600002d66b40
RUST_UIO: uio_fread requested=8 read=8
RUST_UIO: uio_fread requested=8 read=8
RUST_UIO: uio_fread requested=13 read=13
RUST_UIO: uio_fread requested=4 read=4
RUST_UIO: uio_fread requested=8 read=8
RUST_UIO: uio_fread requested=3 read=3
RUST_UIO: uio_fread requested=4 read=4
RUST_UIO: uio_fread requested=8 read=8
RUST_UIO: uio_fread requested=768 read=768
RUST_UIO: uio_fread requested=4 read=4
RUST_UIO: uio_fread requested=8 read=8
RUST_UIO: uio_fread requested=1 read=1
RUST_UIO: uio_fread requested=4 read=4
RUST_UIO: uio_fread requested=8 read=8
RUST_UIO: uio_fread requested=223 read=223
RUST_UIO: uio_fread requested=4 read=4
RUST_UIO: uio_fclose called
RUST_UIO: uio_fopen entry
RUST_UIO: uio_fopen called
RUST_UIO: uio_fopen path="/Users/runner/work/_temp/s4-command-evidence/bundle/run-0/payloads/native-window.acceptance/inputs/content/base/ships/human/cruiser-meleeicons-001.png" mode=rb
RUST_UIO: uio_fopen returning stream=0x600002d66cc0
RUST_UIO: uio_fread requested=8 read=8
RUST_UIO: uio_fread requested=8 read=8
RUST_UIO: uio_fread requested=13 read=13
RUST_UIO: uio_fread requested=4 read=4
RUST_UIO: uio_fread requested=8 read=8
RUST_UIO: uio_fread requested=3 read=3
RUST_UIO: uio_fread requested=4 read=4
RUST_UIO: uio_fread requested=8 read=8
RUST_UIO: uio_fread requested=768 read=768
RUST_UIO: uio_fread requested=4 read=4
RUST_UIO: uio_fread requested=8 read=8
RUST_UIO: uio_fread requested=1 read=1
RUST_UIO: uio_fread requested=4 read=4
RUST_UIO: uio_fread requested=8 read=8
RUST_UIO: uio_fread requested=44 read=44
RUST_UIO: uio_fread requested=4 read=4
RUST_UIO: uio_fclose called
RUST_UIO: uio_fclose called
RUST_UIO: uio_stat called
RUST_UIO: uio_fopen entry
RUST_UIO: uio_fopen called
RUST_UIO: uio_fopen path="/Users/runner/work/_temp/s4-command-evidence/bundle/run-0/payloads/native-window.acceptance/inputs/content/base/ships/human/cruiser.txt" mode=rb
RUST_UIO: uio_fopen returning stream=0x600002d67c00
RUST_UIO: uio_fclose called
RUST_UIO: uio_stat called
RUST_UIO: uio_fopen entry
RUST_UIO: uio_fopen called
RUST_UIO: uio_fopen path="/Users/runner/work/_temp/s4-command-evidence/bundle/run-0/payloads/native-window.acceptance/inputs/content/base/ships/orz/nemesis-icons.ani" mode=rb
RUST_UIO: uio_fopen returning stream=0x600002d6f540
RUST_UIO: uio_fread requested=4 read=4
RUST_UIO: uio_fopen entry
RUST_UIO: uio_fopen called
RUST_UIO: uio_fopen path="/Users/runner/work/_temp/s4-command-evidence/bundle/run-0/payloads/native-window.acceptance/inputs/content/base/ships/orz/nemesis-icons-000.png" mode=rb
RUST_UIO: uio_fopen returning stream=0x600002d6fa80
RUST_UIO: uio_fread requested=8 read=8
RUST_UIO: uio_fread requested=8 read=8
RUST_UIO: uio_fread requested=13 read=13
RUST_UIO: uio_fread requested=4 read=4
RUST_UIO: uio_fread requested=8 read=8
RUST_UIO: uio_fread requested=3 read=3
RUST_UIO: uio_fread requested=4 read=4
RUST_UIO: uio_fread requested=8 read=8
RUST_UIO: uio_fread requested=768 read=768
RUST_UIO: uio_fread requested=4 read=4
RUST_UIO: uio_fread requested=8 read=8
RUST_UIO: uio_fread requested=1 read=1
RUST_UIO: uio_fread requested=4 read=4
RUST_UIO: uio_fread requested=8 read=8
RUST_UIO: uio_fread requested=99 read=99
RUST_UIO: uio_fread requested=4 read=4
RUST_UIO: uio_fclose called
RUST_UIO: uio_fopen entry
RUST_UIO: uio_fopen called
RUST_UIO: uio_fopen path="/Users/runner/work/_temp/s4-command-evidence/bundle/run-0/payloads/native-window.acceptance/inputs/content/base/ships/orz/nemesis-icons-001.png" mode=rb
RUST_UIO: uio_fopen returning stream=0x600002d6fa80
RUST_UIO: uio_fread requested=8 read=8
RUST_UIO: uio_fread requested=8 read=8
RUST_UIO: uio_fread requested=13 read=13
RUST_UIO: uio_fread requested=4 read=4
RUST_UIO: uio_fread requested=8 read=8
RUST_UIO: uio_fread requested=3 read=3
RUST_UIO: uio_fread requested=4 read=4
RUST_UIO: uio_fread requested=8 read=8
RUST_UIO: uio_fread requested=768 read=768
RUST_UIO: uio_fread requested=4 read=4
RUST_UIO: uio_fread requested=8 read=8
RUST_UIO: uio_fread requested=1 read=1
RUST_UIO: uio_fread requested=4 read=4
RUST_UIO: uio_fread requested=8 read=8
RUST_UIO: uio_fread requested=258 read=258
RUST_UIO: uio_fread requested=4 read=4
RUST_UIO: uio_fclose called
RUST_UIO: uio_fclose called
RUST_UIO: uio_stat called
RUST_UIO: uio_fopen entry
RUST_UIO: uio_fopen called
RUST_UIO: uio_fopen path="/Users/runner/work/_temp/s4-command-evidence/bundle/run-0/payloads/native-window.acceptance/inputs/content/base/ships/orz/nemesis-meleeicons.ani" mode=rb
RUST_UIO: uio_fopen returning stream=0x600002d6f540
RUST_UIO: uio_fread requested=4 read=4
RUST_UIO: uio_fopen entry
RUST_UIO: uio_fopen called
RUST_UIO: uio_fopen path="/Users/runner/work/_temp/s4-command-evidence/bundle/run-0/payloads/native-window.acceptance/inputs/content/base/ships/orz/nemesis-meleeicons-000.png" mode=rb
RUST_UIO: uio_fopen returning stream=0x600002d6e380
RUST_UIO: uio_fread requested=8 read=8
RUST_UIO: uio_fread requested=8 read=8
RUST_UIO: uio_fread requested=13 read=13
RUST_UIO: uio_fread requested=4 read=4
RUST_UIO: uio_fread requested=8 read=8
RUST_UIO: uio_fread requested=3 read=3
RUST_UIO: uio_fread requested=4 read=4
RUST_UIO: uio_fread requested=8 read=8
RUST_UIO: uio_fread requested=768 read=768
RUST_UIO: uio_fread requested=4 read=4
RUST_UIO: uio_fread requested=8 read=8
RUST_UIO: uio_fread requested=1 read=1
RUST_UIO: uio_fread requested=4 read=4
RUST_UIO: uio_fread requested=8 read=8
RUST_UIO: uio_fread requested=218 read=218
RUST_UIO: uio_fread requested=4 read=4
RUST_UIO: uio_fclose called
RUST_UIO: uio_fopen entry
RUST_UIO: uio_fopen called
RUST_UIO: uio_fopen path="/Users/runner/work/_temp/s4-command-evidence/bundle/run-0/payloads/native-window.acceptance/inputs/content/base/ships/orz/nemesis-meleeicons-001.png" mode=rb
RUST_UIO: uio_fopen returning stream=0x600002d6e380
RUST_UIO: uio_fread requested=8 read=8
RUST_UIO: uio_fread requested=8 read=8
RUST_UIO: uio_fread requested=13 read=13
RUST_UIO: uio_fread requested=4 read=4
RUST_UIO: uio_fread requested=8 read=8
RUST_UIO: uio_fread requested=3 read=3
RUST_UIO: uio_fread requested=4 read=4
RUST_UIO: uio_fread requested=8 read=8
RUST_UIO: uio_fread requested=768 read=768
RUST_UIO: uio_fread requested=4 read=4
RUST_UIO: uio_fread requested=8 read=8
RUST_UIO: uio_fread requested=1 read=1
RUST_UIO: uio_fread requested=4 read=4
RUST_UIO: uio_fread requested=8 read=8
RUST_UIO: uio_fread requested=56 read=56
RUST_UIO: uio_fread requested=4 read=4
RUST_UIO: uio_fclose called
RUST_UIO: uio_fclose called
RUST_UIO: uio_stat called
RUST_UIO: uio_fopen entry
RUST_UIO: uio_fopen called
RUST_UIO: uio_fopen path="/Users/runner/work/_temp/s4-command-evidence/bundle/run-0/payloads/native-window.acceptance/inputs/content/base/ships/orz/nemesis.txt" mode=rb
RUST_UIO: uio_fopen returning stream=0x600002d6f540
RUST_UIO: uio_fclose called
RUST_UIO: uio_stat called
RUST_UIO: uio_fopen entry
RUST_UIO: uio_fopen called
RUST_UIO: uio_fopen path="/Users/runner/work/_temp/s4-command-evidence/bundle/run-0/payloads/native-window.acceptance/inputs/content/base/ships/pkunk/fury-icons.ani" mode=rb
RUST_UIO: uio_fopen returning stream=0x600002d6f540
RUST_UIO: uio_fread requested=4 read=4
RUST_UIO: uio_fopen entry
RUST_UIO: uio_fopen called
RUST_UIO: uio_fopen path="/Users/runner/work/_temp/s4-command-evidence/bundle/run-0/payloads/native-window.acceptance/inputs/content/base/ships/pkunk/fury-icons-000.png" mode=rb
RUST_UIO: uio_fopen returning stream=0x600002d6fb40
RUST_UIO: uio_fread requested=8 read=8
RUST_UIO: uio_fread requested=8 read=8
RUST_UIO: uio_fread requested=13 read=13
RUST_UIO: uio_fread requested=4 read=4
RUST_UIO: uio_fread requested=8 read=8
RUST_UIO: uio_fread requested=3 read=3
RUST_UIO: uio_fread requested=4 read=4
RUST_UIO: uio_fread requested=8 read=8
RUST_UIO: uio_fread requested=768 read=768
RUST_UIO: uio_fread requested=4 read=4
RUST_UIO: uio_fread requested=8 read=8
RUST_UIO: uio_fread requested=1 read=1
RUST_UIO: uio_fread requested=4 read=4
RUST_UIO: uio_fread requested=8 read=8
RUST_UIO: uio_fread requested=102 read=102
RUST_UIO: uio_fread requested=4 read=4
RUST_UIO: uio_fclose called
RUST_UIO: uio_fopen entry
RUST_UIO: uio_fopen called
RUST_UIO: uio_fopen path="/Users/runner/work/_temp/s4-command-evidence/bundle/run-0/payloads/native-window.acceptance/inputs/content/base/ships/pkunk/fury-icons-001.png" mode=rb
RUST_UIO: uio_fopen returning stream=0x600002d6f640
RUST_UIO: uio_fread requested=8 read=8
RUST_UIO: uio_fread requested=8 read=8
RUST_UIO: uio_fread requested=13 read=13
RUST_UIO: uio_fread requested=4 read=4
RUST_UIO: uio_fread requested=8 read=8
RUST_UIO: uio_fread requested=3 read=3
RUST_UIO: uio_fread requested=4 read=4
RUST_UIO: uio_fread requested=8 read=8
RUST_UIO: uio_fread requested=768 read=768
RUST_UIO: uio_fread requested=4 read=4
RUST_UIO: uio_fread requested=8 read=8
RUST_UIO: uio_fread requested=1 read=1
RUST_UIO: uio_fread requested=4 read=4
RUST_UIO: uio_fread requested=8 read=8
RUST_UIO: uio_fread requested=328 read=328
RUST_UIO: uio_fread requested=4 read=4
RUST_UIO: uio_fclose called
RUST_UIO: uio_fclose called
RUST_UIO: uio_stat called
RUST_UIO: uio_fopen entry
RUST_UIO: uio_fopen called
RUST_UIO: uio_fopen path="/Users/runner/work/_temp/s4-command-evidence/bundle/run-0/payloads/native-window.acceptance/inputs/content/base/ships/pkunk/fury-meleeicons.ani" mode=rb
RUST_UIO: uio_fopen returning stream=0x600002d6fa00
RUST_UIO: uio_fread requested=4 read=4
RUST_UIO: uio_fopen entry
RUST_UIO: uio_fopen called
RUST_UIO: uio_fopen path="/Users/runner/work/_temp/s4-command-evidence/bundle/run-0/payloads/native-window.acceptance/inputs/content/base/ships/pkunk/fury-meleeicons-000.png" mode=rb
RUST_UIO: uio_fopen returning stream=0x600002d6fd00
RUST_UIO: uio_fread requested=8 read=8
RUST_UIO: uio_fread requested=8 read=8
RUST_UIO: uio_fread requested=13 read=13
RUST_UIO: uio_fread requested=4 read=4
RUST_UIO: uio_fread requested=8 read=8
RUST_UIO: uio_fread requested=3 read=3
RUST_UIO: uio_fread requested=4 read=4
RUST_UIO: uio_fread requested=8 read=8
RUST_UIO: uio_fread requested=768 read=768
RUST_UIO: uio_fread requested=4 read=4
RUST_UIO: uio_fread requested=8 read=8
RUST_UIO: uio_fread requested=1 read=1
RUST_UIO: uio_fread requested=4 read=4
RUST_UIO: uio_fread requested=8 read=8
RUST_UIO: uio_fread requested=237 read=237
RUST_UIO: uio_fread requested=4 read=4
RUST_UIO: uio_fclose called
RUST_UIO: uio_fopen entry
RUST_UIO: uio_fopen called
RUST_UIO: uio_fopen path="/Users/runner/work/_temp/s4-command-evidence/bundle/run-0/payloads/native-window.acceptance/inputs/content/base/ships/pkunk/fury-meleeicons-001.png" mode=rb
RUST_UIO: uio_fopen returning stream=0x600002d6fb40
RUST_UIO: uio_fread requested=8 read=8
RUST_UIO: uio_fread requested=8 read=8
RUST_UIO: uio_fread requested=13 read=13
RUST_UIO: uio_fread requested=4 read=4
RUST_UIO: uio_fread requested=8 read=8
RUST_UIO: uio_fread requested=3 read=3
RUST_UIO: uio_fread requested=4 read=4
RUST_UIO: uio_fread requested=8 read=8
RUST_UIO: uio_fread requested=768 read=768
RUST_UIO: uio_fread requested=4 read=4
RUST_UIO: uio_fread requested=8 read=8
RUST_UIO: uio_fread requested=1 read=1
RUST_UIO: uio_fread requested=4 read=4
RUST_UIO: uio_fread requested=8 read=8
RUST_UIO: uio_fread requested=63 read=63
RUST_UIO: uio_fread requested=4 read=4
RUST_UIO: uio_fclose called
RUST_UIO: uio_fclose called
RUST_UIO: uio_stat called
RUST_UIO: uio_fopen entry
RUST_UIO: uio_fopen called
RUST_UIO: uio_fopen path="/Users/runner/work/_temp/s4-command-evidence/bundle/run-0/payloads/native-window.acceptance/inputs/content/base/ships/pkunk/fury.txt" mode=rb
RUST_UIO: uio_fopen returning stream=0x600002d6fa00
RUST_UIO: uio_fclose called
RUST_UIO: uio_stat called
RUST_UIO: uio_fopen entry
RUST_UIO: uio_fopen called
RUST_UIO: uio_fopen path="/Users/runner/work/_temp/s4-command-evidence/bundle/run-0/payloads/native-window.acceptance/inputs/content/base/ships/shofixti/scout-icons.ani" mode=rb
RUST_UIO: uio_fopen returning stream=0x600002d6f540
RUST_UIO: uio_fread requested=4 read=4
RUST_UIO: uio_fopen entry
RUST_UIO: uio_fopen called
RUST_UIO: uio_fopen path="/Users/runner/work/_temp/s4-command-evidence/bundle/run-0/payloads/native-window.acceptance/inputs/content/base/ships/shofixti/scout-icons-000.png" mode=rb
RUST_UIO: uio_fopen returning stream=0x600002d6fec0
RUST_UIO: uio_fread requested=8 read=8
RUST_UIO: uio_fread requested=8 read=8
RUST_UIO: uio_fread requested=13 read=13
RUST_UIO: uio_fread requested=4 read=4
RUST_UIO: uio_fread requested=8 read=8
RUST_UIO: uio_fread requested=3 read=3
RUST_UIO: uio_fread requested=4 read=4
RUST_UIO: uio_fread requested=8 read=8
RUST_UIO: uio_fread requested=768 read=768
RUST_UIO: uio_fread requested=4 read=4
RUST_UIO: uio_fread requested=8 read=8
RUST_UIO: uio_fread requested=1 read=1
RUST_UIO: uio_fread requested=4 read=4
RUST_UIO: uio_fread requested=8 read=8
RUST_UIO: uio_fread requested=40 read=40
RUST_UIO: uio_fread requested=4 read=4
RUST_UIO: uio_fclose called
RUST_UIO: uio_fopen entry
RUST_UIO: uio_fopen called
RUST_UIO: uio_fopen path="/Users/runner/work/_temp/s4-command-evidence/bundle/run-0/payloads/native-window.acceptance/inputs/content/base/ships/shofixti/scout-icons-001.png" mode=rb
RUST_UIO: uio_fopen returning stream=0x600002d6b2c0
RUST_UIO: uio_fread requested=8 read=8
RUST_UIO: uio_fread requested=8 read=8
RUST_UIO: uio_fread requested=13 read=13
RUST_UIO: uio_fread requested=4 read=4
RUST_UIO: uio_fread requested=8 read=8
RUST_UIO: uio_fread requested=3 read=3
RUST_UIO: uio_fread requested=4 read=4
RUST_UIO: uio_fread requested=8 read=8
RUST_UIO: uio_fread requested=768 read=768
RUST_UIO: uio_fread requested=4 read=4
RUST_UIO: uio_fread requested=8 read=8
RUST_UIO: uio_fread requested=1 read=1
RUST_UIO: uio_fread requested=4 read=4
RUST_UIO: uio_fread requested=8 read=8
RUST_UIO: uio_fread requested=364 read=364
RUST_UIO: uio_fread requested=4 read=4
RUST_UIO: uio_fclose called
RUST_UIO: uio_fclose called
RUST_UIO: uio_stat called
RUST_UIO: uio_fopen entry
RUST_UIO: uio_fopen called
RUST_UIO: uio_fopen path="/Users/runner/work/_temp/s4-command-evidence/bundle/run-0/payloads/native-window.acceptance/inputs/content/base/ships/shofixti/scout-meleeicons.ani" mode=rb
RUST_UIO: uio_fopen returning stream=0x600002d69480
RUST_UIO: uio_fread requested=4 read=4
RUST_UIO: uio_fopen entry
RUST_UIO: uio_fopen called
RUST_UIO: uio_fopen path="/Users/runner/work/_temp/s4-command-evidence/bundle/run-0/payloads/native-window.acceptance/inputs/content/base/ships/shofixti/scout-meleeicons-000.png" mode=rb
RUST_UIO: uio_fopen returning stream=0x600002d69400
RUST_UIO: uio_fread requested=8 read=8
RUST_UIO: uio_fread requested=8 read=8
RUST_UIO: uio_fread requested=13 read=13
RUST_UIO: uio_fread requested=4 read=4
RUST_UIO: uio_fread requested=8 read=8
RUST_UIO: uio_fread requested=3 read=3
RUST_UIO: uio_fread requested=4 read=4
RUST_UIO: uio_fread requested=8 read=8
RUST_UIO: uio_fread requested=768 read=768
RUST_UIO: uio_fread requested=4 read=4
RUST_UIO: uio_fread requested=8 read=8
RUST_UIO: uio_fread requested=1 read=1
RUST_UIO: uio_fread requested=4 read=4
RUST_UIO: uio_fread requested=8 read=8
RUST_UIO: uio_fread requested=63 read=63
RUST_UIO: uio_fread requested=4 read=4
RUST_UIO: uio_fclose called
RUST_UIO: uio_fopen entry
RUST_UIO: uio_fopen called
RUST_UIO: uio_fopen path="/Users/runner/work/_temp/s4-command-evidence/bundle/run-0/payloads/native-window.acceptance/inputs/content/base/ships/shofixti/scout-meleeicons-001.png" mode=rb
RUST_UIO: uio_fopen returning stream=0x600002d694c0
RUST_UIO: uio_fread requested=8 read=8
RUST_UIO: uio_fread requested=8 read=8
RUST_UIO: uio_fread requested=13 read=13
RUST_UIO: uio_fread requested=4 read=4
RUST_UIO: uio_fread requested=8 read=8
RUST_UIO: uio_fread requested=3 read=3
RUST_UIO: uio_fread requested=4 read=4
RUST_UIO: uio_fread requested=8 read=8
RUST_UIO: uio_fread requested=768 read=768
RUST_UIO: uio_fread requested=4 read=4
RUST_UIO: uio_fread requested=8 read=8
RUST_UIO: uio_fread requested=1 read=1
RUST_UIO: uio_fread requested=4 read=4
RUST_UIO: uio_fread requested=8 read=8
RUST_UIO: uio_fread requested=41 read=41
RUST_UIO: uio_fread requested=4 read=4
RUST_UIO: uio_fclose called
RUST_UIO: uio_fclose called
RUST_UIO: uio_stat called
RUST_UIO: uio_fopen entry
RUST_UIO: uio_fopen called
RUST_UIO: uio_fopen path="/Users/runner/work/_temp/s4-command-evidence/bundle/run-0/payloads/native-window.acceptance/inputs/content/base/ships/shofixti/scout.txt" mode=rb
RUST_UIO: uio_fopen returning stream=0x600002d69480
RUST_UIO: uio_fclose called
RUST_UIO: uio_stat called
RUST_UIO: uio_fopen entry
RUST_UIO: uio_fopen called
RUST_UIO: uio_fopen path="/Users/runner/work/_temp/s4-command-evidence/bundle/run-0/payloads/native-window.acceptance/inputs/content/base/ships/spathi/eluder-icons.ani" mode=rb
RUST_UIO: uio_fopen returning stream=0x600002d6ba80
RUST_UIO: uio_fread requested=4 read=4
RUST_UIO: uio_fopen entry
RUST_UIO: uio_fopen called
RUST_UIO: uio_fopen path="/Users/runner/work/_temp/s4-command-evidence/bundle/run-0/payloads/native-window.acceptance/inputs/content/base/ships/spathi/eluder-icons-000.png" mode=rb
RUST_UIO: uio_fopen returning stream=0x600002d69340
RUST_UIO: uio_fread requested=8 read=8
RUST_UIO: uio_fread requested=8 read=8
RUST_UIO: uio_fread requested=13 read=13
RUST_UIO: uio_fread requested=4 read=4
RUST_UIO: uio_fread requested=8 read=8
RUST_UIO: uio_fread requested=3 read=3
RUST_UIO: uio_fread requested=4 read=4
RUST_UIO: uio_fread requested=8 read=8
RUST_UIO: uio_fread requested=768 read=768
RUST_UIO: uio_fread requested=4 read=4
RUST_UIO: uio_fread requested=8 read=8
RUST_UIO: uio_fread requested=1 read=1
RUST_UIO: uio_fread requested=4 read=4
RUST_UIO: uio_fread requested=8 read=8
RUST_UIO: uio_fread requested=110 read=110
RUST_UIO: uio_fread requested=4 read=4
RUST_UIO: uio_fclose called
RUST_UIO: uio_fopen entry
RUST_UIO: uio_fopen called
RUST_UIO: uio_fopen path="/Users/runner/work/_temp/s4-command-evidence/bundle/run-0/payloads/native-window.acceptance/inputs/content/base/ships/spathi/eluder-icons-001.png" mode=rb
RUST_UIO: uio_fopen returning stream=0x600002d68fc0
RUST_UIO: uio_fread requested=8 read=8
RUST_UIO: uio_fread requested=8 read=8
RUST_UIO: uio_fread requested=13 read=13
RUST_UIO: uio_fread requested=4 read=4
RUST_UIO: uio_fread requested=8 read=8
RUST_UIO: uio_fread requested=3 read=3
RUST_UIO: uio_fread requested=4 read=4
RUST_UIO: uio_fread requested=8 read=8
RUST_UIO: uio_fread requested=768 read=768
RUST_UIO: uio_fread requested=4 read=4
RUST_UIO: uio_fread requested=8 read=8
RUST_UIO: uio_fread requested=1 read=1
RUST_UIO: uio_fread requested=4 read=4
RUST_UIO: uio_fread requested=8 read=8
RUST_UIO: uio_fread requested=391 read=391
RUST_UIO: uio_fread requested=4 read=4
RUST_UIO: uio_fclose called
RUST_UIO: uio_fclose called
RUST_UIO: uio_stat called
RUST_UIO: uio_fopen entry
RUST_UIO: uio_fopen called
RUST_UIO: uio_fopen path="/Users/runner/work/_temp/s4-command-evidence/bundle/run-0/payloads/native-window.acceptance/inputs/content/base/ships/spathi/eluder-meleeicons.ani" mode=rb
RUST_UIO: uio_fopen returning stream=0x600002d69400
RUST_UIO: uio_fread requested=4 read=4
RUST_UIO: uio_fopen entry
RUST_UIO: uio_fopen called
RUST_UIO: uio_fopen path="/Users/runner/work/_temp/s4-command-evidence/bundle/run-0/payloads/native-window.acceptance/inputs/content/base/ships/spathi/eluder-meleeicons-000.png" mode=rb
RUST_UIO: uio_fopen returning stream=0x600002d6b4c0
RUST_UIO: uio_fread requested=8 read=8
RUST_UIO: uio_fread requested=8 read=8
RUST_UIO: uio_fread requested=13 read=13
RUST_UIO: uio_fread requested=4 read=4
RUST_UIO: uio_fread requested=8 read=8
RUST_UIO: uio_fread requested=3 read=3
RUST_UIO: uio_fread requested=4 read=4
RUST_UIO: uio_fread requested=8 read=8
RUST_UIO: uio_fread requested=768 read=768
RUST_UIO: uio_fread requested=4 read=4
RUST_UIO: uio_fread requested=8 read=8
RUST_UIO: uio_fread requested=1 read=1
RUST_UIO: uio_fread requested=4 read=4
RUST_UIO: uio_fread requested=8 read=8
RUST_UIO: uio_fread requested=239 read=239
RUST_UIO: uio_fread requested=4 read=4
RUST_UIO: uio_fclose called
RUST_UIO: uio_fopen entry
RUST_UIO: uio_fopen called
RUST_UIO: uio_fopen path="/Users/runner/work/_temp/s4-command-evidence/bundle/run-0/payloads/native-window.acceptance/inputs/content/base/ships/spathi/eluder-meleeicons-001.png" mode=rb
RUST_UIO: uio_fopen returning stream=0x600002d73080
RUST_UIO: uio_fread requested=8 read=8
RUST_UIO: uio_fread requested=8 read=8
RUST_UIO: uio_fread requested=13 read=13
RUST_UIO: uio_fread requested=4 read=4
RUST_UIO: uio_fread requested=8 read=8
RUST_UIO: uio_fread requested=3 read=3
RUST_UIO: uio_fread requested=4 read=4
RUST_UIO: uio_fread requested=8 read=8
RUST_UIO: uio_fread requested=768 read=768
RUST_UIO: uio_fread requested=4 read=4
RUST_UIO: uio_fread requested=8 read=8
RUST_UIO: uio_fread requested=1 read=1
RUST_UIO: uio_fread requested=4 read=4
RUST_UIO: uio_fread requested=8 read=8
RUST_UIO: uio_fread requested=39 read=39
RUST_UIO: uio_fread requested=4 read=4
RUST_UIO: uio_fclose called
RUST_UIO: uio_fclose called
RUST_UIO: uio_stat called
RUST_UIO: uio_fopen entry
RUST_UIO: uio_fopen called
RUST_UIO: uio_fopen path="/Users/runner/work/_temp/s4-command-evidence/bundle/run-0/payloads/native-window.acceptance/inputs/content/base/ships/spathi/eluder.txt" mode=rb
RUST_UIO: uio_fopen returning stream=0x600002d7ab40
RUST_UIO: uio_fclose called
RUST_UIO: uio_stat called
RUST_UIO: uio_fopen entry
RUST_UIO: uio_fopen called
RUST_UIO: uio_fopen path="/Users/runner/work/_temp/s4-command-evidence/bundle/run-0/payloads/native-window.acceptance/inputs/content/base/ships/supox/blade-icons.ani" mode=rb
RUST_UIO: uio_fopen returning stream=0x600002d7a4c0
RUST_UIO: uio_fread requested=4 read=4
RUST_UIO: uio_fopen entry
RUST_UIO: uio_fopen called
RUST_UIO: uio_fopen path="/Users/runner/work/_temp/s4-command-evidence/bundle/run-0/payloads/native-window.acceptance/inputs/content/base/ships/supox/blade-icons-000.png" mode=rb
RUST_UIO: uio_fopen returning stream=0x600002d795c0
RUST_UIO: uio_fread requested=8 read=8
RUST_UIO: uio_fread requested=8 read=8
RUST_UIO: uio_fread requested=13 read=13
RUST_UIO: uio_fread requested=4 read=4
RUST_UIO: uio_fread requested=8 read=8
RUST_UIO: uio_fread requested=3 read=3
RUST_UIO: uio_fread requested=4 read=4
RUST_UIO: uio_fread requested=8 read=8
RUST_UIO: uio_fread requested=768 read=768
RUST_UIO: uio_fread requested=4 read=4
RUST_UIO: uio_fread requested=8 read=8
RUST_UIO: uio_fread requested=1 read=1
RUST_UIO: uio_fread requested=4 read=4
RUST_UIO: uio_fread requested=8 read=8
RUST_UIO: uio_fread requested=81 read=81
RUST_UIO: uio_fread requested=4 read=4
RUST_UIO: uio_fclose called
RUST_UIO: uio_fopen entry
RUST_UIO: uio_fopen called
RUST_UIO: uio_fopen path="/Users/runner/work/_temp/s4-command-evidence/bundle/run-0/payloads/native-window.acceptance/inputs/content/base/ships/supox/blade-icons-001.png" mode=rb
RUST_UIO: uio_fopen returning stream=0x600002d41e40
RUST_UIO: uio_fread requested=8 read=8
RUST_UIO: uio_fread requested=8 read=8
RUST_UIO: uio_fread requested=13 read=13
RUST_UIO: uio_fread requested=4 read=4
RUST_UIO: uio_fread requested=8 read=8
RUST_UIO: uio_fread requested=3 read=3
RUST_UIO: uio_fread requested=4 read=4
RUST_UIO: uio_fread requested=8 read=8
RUST_UIO: uio_fread requested=768 read=768
RUST_UIO: uio_fread requested=4 read=4
RUST_UIO: uio_fread requested=8 read=8
RUST_UIO: uio_fread requested=1 read=1
RUST_UIO: uio_fread requested=4 read=4
RUST_UIO: uio_fread requested=8 read=8
RUST_UIO: uio_fread requested=313 read=313
RUST_UIO: uio_fread requested=4 read=4
RUST_UIO: uio_fclose called
RUST_UIO: uio_fclose called
RUST_UIO: uio_stat called
RUST_UIO: uio_fopen entry
RUST_UIO: uio_fopen called
RUST_UIO: uio_fopen path="/Users/runner/work/_temp/s4-command-evidence/bundle/run-0/payloads/native-window.acceptance/inputs/content/base/ships/supox/blade-meleeicons.ani" mode=rb
RUST_UIO: uio_fopen returning stream=0x600002d56500
RUST_UIO: uio_fread requested=4 read=4
RUST_UIO: uio_fopen entry
RUST_UIO: uio_fopen called
RUST_UIO: uio_fopen path="/Users/runner/work/_temp/s4-command-evidence/bundle/run-0/payloads/native-window.acceptance/inputs/content/base/ships/supox/blade-meleeicons-000.png" mode=rb
RUST_UIO: uio_fopen returning stream=0x600002d56340
RUST_UIO: uio_fread requested=8 read=8
RUST_UIO: uio_fread requested=8 read=8
RUST_UIO: uio_fread requested=13 read=13
RUST_UIO: uio_fread requested=4 read=4
RUST_UIO: uio_fread requested=8 read=8
RUST_UIO: uio_fread requested=3 read=3
RUST_UIO: uio_fread requested=4 read=4
RUST_UIO: uio_fread requested=8 read=8
RUST_UIO: uio_fread requested=768 read=768
RUST_UIO: uio_fread requested=4 read=4
RUST_UIO: uio_fread requested=8 read=8
RUST_UIO: uio_fread requested=1 read=1
RUST_UIO: uio_fread requested=4 read=4
RUST_UIO: uio_fread requested=8 read=8
RUST_UIO: uio_fread requested=199 read=199
RUST_UIO: uio_fread requested=4 read=4
RUST_UIO: uio_fclose called
RUST_UIO: uio_fopen entry
RUST_UIO: uio_fopen called
RUST_UIO: uio_fopen path="/Users/runner/work/_temp/s4-command-evidence/bundle/run-0/payloads/native-window.acceptance/inputs/content/base/ships/supox/blade-meleeicons-001.png" mode=rb
RUST_UIO: uio_fopen returning stream=0x600002d5ff00
RUST_UIO: uio_fread requested=8 read=8
RUST_UIO: uio_fread requested=8 read=8
RUST_UIO: uio_fread requested=13 read=13
RUST_UIO: uio_fread requested=4 read=4
RUST_UIO: uio_fread requested=8 read=8
RUST_UIO: uio_fread requested=3 read=3
RUST_UIO: uio_fread requested=4 read=4
RUST_UIO: uio_fread requested=8 read=8
RUST_UIO: uio_fread requested=768 read=768
RUST_UIO: uio_fread requested=4 read=4
RUST_UIO: uio_fread requested=8 read=8
RUST_UIO: uio_fread requested=1 read=1
RUST_UIO: uio_fread requested=4 read=4
RUST_UIO: uio_fread requested=8 read=8
RUST_UIO: uio_fread requested=48 read=48
RUST_UIO: uio_fread requested=4 read=4
RUST_UIO: uio_fclose called
RUST_UIO: uio_fclose called
RUST_UIO: uio_stat called
RUST_UIO: uio_fopen entry
RUST_UIO: uio_fopen called
RUST_UIO: uio_fopen path="/Users/runner/work/_temp/s4-command-evidence/bundle/run-0/payloads/native-window.acceptance/inputs/content/base/ships/supox/blade.txt" mode=rb
RUST_UIO: uio_fopen returning stream=0x600002d56500
RUST_UIO: uio_fclose called
RUST_UIO: uio_stat called
RUST_UIO: uio_fopen entry
RUST_UIO: uio_fopen called
RUST_UIO: uio_fopen path="/Users/runner/work/_temp/s4-command-evidence/bundle/run-0/payloads/native-window.acceptance/inputs/content/base/ships/thraddash/torch-icons.ani" mode=rb
RUST_UIO: uio_fopen returning stream=0x600002d56400
RUST_UIO: uio_fread requested=4 read=4
RUST_UIO: uio_fopen entry
RUST_UIO: uio_fopen called
RUST_UIO: uio_fopen path="/Users/runner/work/_temp/s4-command-evidence/bundle/run-0/payloads/native-window.acceptance/inputs/content/base/ships/thraddash/torch-icons-000.png" mode=rb
RUST_UIO: uio_fopen returning stream=0x600002d5ff00
RUST_UIO: uio_fread requested=8 read=8
RUST_UIO: uio_fread requested=8 read=8
RUST_UIO: uio_fread requested=13 read=13
RUST_UIO: uio_fread requested=4 read=4
RUST_UIO: uio_fread requested=8 read=8
RUST_UIO: uio_fread requested=3 read=3
RUST_UIO: uio_fread requested=4 read=4
RUST_UIO: uio_fread requested=8 read=8
RUST_UIO: uio_fread requested=768 read=768
RUST_UIO: uio_fread requested=4 read=4
RUST_UIO: uio_fread requested=8 read=8
RUST_UIO: uio_fread requested=1 read=1
RUST_UIO: uio_fread requested=4 read=4
RUST_UIO: uio_fread requested=8 read=8
RUST_UIO: uio_fread requested=93 read=93
RUST_UIO: uio_fread requested=4 read=4
RUST_UIO: uio_fclose called
RUST_UIO: uio_fopen entry
RUST_UIO: uio_fopen called
RUST_UIO: uio_fopen path="/Users/runner/work/_temp/s4-command-evidence/bundle/run-0/payloads/native-window.acceptance/inputs/content/base/ships/thraddash/torch-icons-001.png" mode=rb
RUST_UIO: uio_fopen returning stream=0x600002d795c0
RUST_UIO: uio_fread requested=8 read=8
RUST_UIO: uio_fread requested=8 read=8
RUST_UIO: uio_fread requested=13 read=13
RUST_UIO: uio_fread requested=4 read=4
RUST_UIO: uio_fread requested=8 read=8
RUST_UIO: uio_fread requested=3 read=3
RUST_UIO: uio_fread requested=4 read=4
RUST_UIO: uio_fread requested=8 read=8
RUST_UIO: uio_fread requested=768 read=768
RUST_UIO: uio_fread requested=4 read=4
RUST_UIO: uio_fread requested=8 read=8
RUST_UIO: uio_fread requested=1 read=1
RUST_UIO: uio_fread requested=4 read=4
RUST_UIO: uio_fread requested=8 read=8
RUST_UIO: uio_fread requested=423 read=423
RUST_UIO: uio_fread requested=4 read=4
RUST_UIO: uio_fclose called
RUST_UIO: uio_fclose called
RUST_UIO: uio_stat called
RUST_UIO: uio_fopen entry
RUST_UIO: uio_fopen called
RUST_UIO: uio_fopen path="/Users/runner/work/_temp/s4-command-evidence/bundle/run-0/payloads/native-window.acceptance/inputs/content/base/ships/thraddash/torch-meleeicons.ani" mode=rb
RUST_UIO: uio_fopen returning stream=0x600002d56400
RUST_UIO: uio_fread requested=4 read=4
RUST_UIO: uio_fopen entry
RUST_UIO: uio_fopen called
RUST_UIO: uio_fopen path="/Users/runner/work/_temp/s4-command-evidence/bundle/run-0/payloads/native-window.acceptance/inputs/content/base/ships/thraddash/torch-meleeicons-000.png" mode=rb
RUST_UIO: uio_fopen returning stream=0x600002d5cbc0
RUST_UIO: uio_fread requested=8 read=8
RUST_UIO: uio_fread requested=8 read=8
RUST_UIO: uio_fread requested=13 read=13
RUST_UIO: uio_fread requested=4 read=4
RUST_UIO: uio_fread requested=8 read=8
RUST_UIO: uio_fread requested=3 read=3
RUST_UIO: uio_fread requested=4 read=4
RUST_UIO: uio_fread requested=8 read=8
RUST_UIO: uio_fread requested=768 read=768
RUST_UIO: uio_fread requested=4 read=4
RUST_UIO: uio_fread requested=8 read=8
RUST_UIO: uio_fread requested=1 read=1
RUST_UIO: uio_fread requested=4 read=4
RUST_UIO: uio_fread requested=8 read=8
RUST_UIO: uio_fread requested=237 read=237
RUST_UIO: uio_fread requested=4 read=4
RUST_UIO: uio_fclose called
RUST_UIO: uio_fopen entry
RUST_UIO: uio_fopen called
RUST_UIO: uio_fopen path="/Users/runner/work/_temp/s4-command-evidence/bundle/run-0/payloads/native-window.acceptance/inputs/content/base/ships/thraddash/torch-meleeicons-001.png" mode=rb
RUST_UIO: uio_fopen returning stream=0x600002d73ac0
RUST_UIO: uio_fread requested=8 read=8
RUST_UIO: uio_fread requested=8 read=8
RUST_UIO: uio_fread requested=13 read=13
RUST_UIO: uio_fread requested=4 read=4
RUST_UIO: uio_fread requested=8 read=8
RUST_UIO: uio_fread requested=3 read=3
RUST_UIO: uio_fread requested=4 read=4
RUST_UIO: uio_fread requested=8 read=8
RUST_UIO: uio_fread requested=768 read=768
RUST_UIO: uio_fread requested=4 read=4
RUST_UIO: uio_fread requested=8 read=8
RUST_UIO: uio_fread requested=1 read=1
RUST_UIO: uio_fread requested=4 read=4
RUST_UIO: uio_fread requested=8 read=8
RUST_UIO: uio_fread requested=45 read=45
RUST_UIO: uio_fread requested=4 read=4
RUST_UIO: uio_fclose called
RUST_UIO: uio_fclose called
RUST_UIO: uio_stat called
RUST_UIO: uio_fopen entry
RUST_UIO: uio_fopen called
RUST_UIO: uio_fopen path="/Users/runner/work/_temp/s4-command-evidence/bundle/run-0/payloads/native-window.acceptance/inputs/content/base/ships/thraddash/torch.txt" mode=rb
RUST_UIO: uio_fopen returning stream=0x600002d69340
RUST_UIO: uio_fclose called
RUST_UIO: uio_stat called
RUST_UIO: uio_fopen entry
RUST_UIO: uio_fopen called
RUST_UIO: uio_fopen path="/Users/runner/work/_temp/s4-command-evidence/bundle/run-0/payloads/native-window.acceptance/inputs/content/base/ships/utwig/jugger-icons.ani" mode=rb
RUST_UIO: uio_fopen returning stream=0x600002d73900
RUST_UIO: uio_fread requested=4 read=4
RUST_UIO: uio_fopen entry
RUST_UIO: uio_fopen called
RUST_UIO: uio_fopen path="/Users/runner/work/_temp/s4-command-evidence/bundle/run-0/payloads/native-window.acceptance/inputs/content/base/ships/utwig/jugger-icons-000.png" mode=rb
RUST_UIO: uio_fopen returning stream=0x600002d56500
RUST_UIO: uio_fread requested=8 read=8
RUST_UIO: uio_fread requested=8 read=8
RUST_UIO: uio_fread requested=13 read=13
RUST_UIO: uio_fread requested=4 read=4
RUST_UIO: uio_fread requested=8 read=8
RUST_UIO: uio_fread requested=4 read=4
RUST_UIO: uio_fread requested=4 read=4
RUST_UIO: uio_fread requested=8 read=8
RUST_UIO: uio_fread requested=32 read=32
RUST_UIO: uio_fread requested=4 read=4
RUST_UIO: uio_fread requested=8 read=8
RUST_UIO: uio_fread requested=768 read=768
RUST_UIO: uio_fread requested=4 read=4
RUST_UIO: uio_fread requested=8 read=8
RUST_UIO: uio_fread requested=2 read=2
RUST_UIO: uio_fread requested=4 read=4
RUST_UIO: uio_fread requested=8 read=8
RUST_UIO: uio_fread requested=187 read=187
RUST_UIO: uio_fread requested=4 read=4
RUST_UIO: uio_fclose called
RUST_UIO: uio_fopen entry
RUST_UIO: uio_fopen called
RUST_UIO: uio_fopen path="/Users/runner/work/_temp/s4-command-evidence/bundle/run-0/payloads/native-window.acceptance/inputs/content/base/ships/utwig/jugger-icons-001.png" mode=rb
RUST_UIO: uio_fopen returning stream=0x600002d56400
RUST_UIO: uio_fread requested=8 read=8
RUST_UIO: uio_fread requested=8 read=8
RUST_UIO: uio_fread requested=13 read=13
RUST_UIO: uio_fread requested=4 read=4
RUST_UIO: uio_fread requested=8 read=8
RUST_UIO: uio_fread requested=3 read=3
RUST_UIO: uio_fread requested=4 read=4
RUST_UIO: uio_fread requested=8 read=8
RUST_UIO: uio_fread requested=768 read=768
RUST_UIO: uio_fread requested=4 read=4
RUST_UIO: uio_fread requested=8 read=8
RUST_UIO: uio_fread requested=2 read=2
RUST_UIO: uio_fread requested=4 read=4
RUST_UIO: uio_fread requested=8 read=8
RUST_UIO: uio_fread requested=357 read=357
RUST_UIO: uio_fread requested=4 read=4
RUST_UIO: uio_fclose called
RUST_UIO: uio_fclose called
RUST_UIO: uio_stat called
RUST_UIO: uio_fopen entry
RUST_UIO: uio_fopen called
RUST_UIO: uio_fopen path="/Users/runner/work/_temp/s4-command-evidence/bundle/run-0/payloads/native-window.acceptance/inputs/content/base/ships/utwig/jugger-meleeicons.ani" mode=rb
RUST_UIO: uio_fopen returning stream=0x600002d6ff00
RUST_UIO: uio_fread requested=4 read=4
RUST_UIO: uio_fopen entry
RUST_UIO: uio_fopen called
RUST_UIO: uio_fopen path="/Users/runner/work/_temp/s4-command-evidence/bundle/run-0/payloads/native-window.acceptance/inputs/content/base/ships/utwig/jugger-meleeicons-000.png" mode=rb
RUST_UIO: uio_fopen returning stream=0x600002d73ac0
RUST_UIO: uio_fread requested=8 read=8
RUST_UIO: uio_fread requested=8 read=8
RUST_UIO: uio_fread requested=13 read=13
RUST_UIO: uio_fread requested=4 read=4
RUST_UIO: uio_fread requested=8 read=8
RUST_UIO: uio_fread requested=3 read=3
RUST_UIO: uio_fread requested=4 read=4
RUST_UIO: uio_fread requested=8 read=8
RUST_UIO: uio_fread requested=768 read=768
RUST_UIO: uio_fread requested=4 read=4
RUST_UIO: uio_fread requested=8 read=8
RUST_UIO: uio_fread requested=2 read=2
RUST_UIO: uio_fread requested=4 read=4
RUST_UIO: uio_fread requested=8 read=8
RUST_UIO: uio_fread requested=312 read=312
RUST_UIO: uio_fread requested=4 read=4
RUST_UIO: uio_fclose called
RUST_UIO: uio_fopen entry
RUST_UIO: uio_fopen called
RUST_UIO: uio_fopen path="/Users/runner/work/_temp/s4-command-evidence/bundle/run-0/payloads/native-window.acceptance/inputs/content/base/ships/utwig/jugger-meleeicons-001.png" mode=rb
RUST_UIO: uio_fopen returning stream=0x600002d1a540
RUST_UIO: uio_fread requested=8 read=8
RUST_UIO: uio_fread requested=8 read=8
RUST_UIO: uio_fread requested=13 read=13
RUST_UIO: uio_fread requested=4 read=4
RUST_UIO: uio_fread requested=8 read=8
RUST_UIO: uio_fread requested=3 read=3
RUST_UIO: uio_fread requested=4 read=4
RUST_UIO: uio_fread requested=8 read=8
RUST_UIO: uio_fread requested=768 read=768
RUST_UIO: uio_fread requested=4 read=4
RUST_UIO: uio_fread requested=8 read=8
RUST_UIO: uio_fread requested=1 read=1
RUST_UIO: uio_fread requested=4 read=4
RUST_UIO: uio_fread requested=8 read=8
RUST_UIO: uio_fread requested=42 read=42
RUST_UIO: uio_fread requested=4 read=4
RUST_UIO: uio_fclose called
RUST_UIO: uio_fclose called
RUST_UIO: uio_stat called
RUST_UIO: uio_fopen entry
RUST_UIO: uio_fopen called
RUST_UIO: uio_fopen path="/Users/runner/work/_temp/s4-command-evidence/bundle/run-0/payloads/native-window.acceptance/inputs/content/base/ships/utwig/jugger.txt" mode=rb
RUST_UIO: uio_fopen returning stream=0x600002d6ff00
RUST_UIO: uio_fclose called
RUST_UIO: uio_stat called
RUST_UIO: uio_fopen entry
RUST_UIO: uio_fopen called
RUST_UIO: uio_fopen path="/Users/runner/work/_temp/s4-command-evidence/bundle/run-0/payloads/native-window.acceptance/inputs/content/base/ships/vux/intruder-icons.ani" mode=rb
RUST_UIO: uio_fopen returning stream=0x600002d6ff40
RUST_UIO: uio_fread requested=4 read=4
RUST_UIO: uio_fopen entry
RUST_UIO: uio_fopen called
RUST_UIO: uio_fopen path="/Users/runner/work/_temp/s4-command-evidence/bundle/run-0/payloads/native-window.acceptance/inputs/content/base/ships/vux/intruder-icons-000.png" mode=rb
RUST_UIO: uio_fopen returning stream=0x600002d1a540
RUST_UIO: uio_fread requested=8 read=8
RUST_UIO: uio_fread requested=8 read=8
RUST_UIO: uio_fread requested=13 read=13
RUST_UIO: uio_fread requested=4 read=4
RUST_UIO: uio_fread requested=8 read=8
RUST_UIO: uio_fread requested=3 read=3
RUST_UIO: uio_fread requested=4 read=4
RUST_UIO: uio_fread requested=8 read=8
RUST_UIO: uio_fread requested=768 read=768
RUST_UIO: uio_fread requested=4 read=4
RUST_UIO: uio_fread requested=8 read=8
RUST_UIO: uio_fread requested=1 read=1
RUST_UIO: uio_fread requested=4 read=4
RUST_UIO: uio_fread requested=8 read=8
RUST_UIO: uio_fread requested=50 read=50
RUST_UIO: uio_fread requested=4 read=4
RUST_UIO: uio_fclose called
RUST_UIO: uio_fopen entry
RUST_UIO: uio_fopen called
RUST_UIO: uio_fopen path="/Users/runner/work/_temp/s4-command-evidence/bundle/run-0/payloads/native-window.acceptance/inputs/content/base/ships/vux/intruder-icons-001.png" mode=rb
RUST_UIO: uio_fopen returning stream=0x600002d1e4c0
RUST_UIO: uio_fread requested=8 read=8
RUST_UIO: uio_fread requested=8 read=8
RUST_UIO: uio_fread requested=13 read=13
RUST_UIO: uio_fread requested=4 read=4
RUST_UIO: uio_fread requested=8 read=8
RUST_UIO: uio_fread requested=3 read=3
RUST_UIO: uio_fread requested=4 read=4
RUST_UIO: uio_fread requested=8 read=8
RUST_UIO: uio_fread requested=768 read=768
RUST_UIO: uio_fread requested=4 read=4
RUST_UIO: uio_fread requested=8 read=8
RUST_UIO: uio_fread requested=1 read=1
RUST_UIO: uio_fread requested=4 read=4
RUST_UIO: uio_fread requested=8 read=8
RUST_UIO: uio_fread requested=375 read=375
RUST_UIO: uio_fread requested=4 read=4
RUST_UIO: uio_fclose called
RUST_UIO: uio_fclose called
RUST_UIO: uio_stat called
RUST_UIO: uio_fopen entry
RUST_UIO: uio_fopen called
RUST_UIO: uio_fopen path="/Users/runner/work/_temp/s4-command-evidence/bundle/run-0/payloads/native-window.acceptance/inputs/content/base/ships/vux/intruder-meleeicons.ani" mode=rb
RUST_UIO: uio_fopen returning stream=0x600002d1ec80
RUST_UIO: uio_fread requested=4 read=4
RUST_UIO: uio_fopen entry
RUST_UIO: uio_fopen called
RUST_UIO: uio_fopen path="/Users/runner/work/_temp/s4-command-evidence/bundle/run-0/payloads/native-window.acceptance/inputs/content/base/ships/vux/intruder-meleeicons-000.png" mode=rb
RUST_UIO: uio_fopen returning stream=0x600002d1db80
RUST_UIO: uio_fread requested=8 read=8
RUST_UIO: uio_fread requested=8 read=8
RUST_UIO: uio_fread requested=13 read=13
RUST_UIO: uio_fread requested=4 read=4
RUST_UIO: uio_fread requested=8 read=8
RUST_UIO: uio_fread requested=3 read=3
RUST_UIO: uio_fread requested=4 read=4
RUST_UIO: uio_fread requested=8 read=8
RUST_UIO: uio_fread requested=768 read=768
RUST_UIO: uio_fread requested=4 read=4
RUST_UIO: uio_fread requested=8 read=8
RUST_UIO: uio_fread requested=1 read=1
RUST_UIO: uio_fread requested=4 read=4
RUST_UIO: uio_fread requested=8 read=8
RUST_UIO: uio_fread requested=88 read=88
RUST_UIO: uio_fread requested=4 read=4
RUST_UIO: uio_fclose called
RUST_UIO: uio_fopen entry
RUST_UIO: uio_fopen called
RUST_UIO: uio_fopen path="/Users/runner/work/_temp/s4-command-evidence/bundle/run-0/payloads/native-window.acceptance/inputs/content/base/ships/vux/intruder-meleeicons-001.png" mode=rb
RUST_UIO: uio_fopen returning stream=0x600002d1db80
RUST_UIO: uio_fread requested=8 read=8
RUST_UIO: uio_fread requested=8 read=8
RUST_UIO: uio_fread requested=13 read=13
RUST_UIO: uio_fread requested=4 read=4
RUST_UIO: uio_fread requested=8 read=8
RUST_UIO: uio_fread requested=3 read=3
RUST_UIO: uio_fread requested=4 read=4
RUST_UIO: uio_fread requested=8 read=8
RUST_UIO: uio_fread requested=768 read=768
RUST_UIO: uio_fread requested=4 read=4
RUST_UIO: uio_fread requested=8 read=8
RUST_UIO: uio_fread requested=1 read=1
RUST_UIO: uio_fread requested=4 read=4
RUST_UIO: uio_fread requested=8 read=8
RUST_UIO: uio_fread requested=46 read=46
RUST_UIO: uio_fread requested=4 read=4
RUST_UIO: uio_fclose called
RUST_UIO: uio_fclose called
RUST_UIO: uio_stat called
RUST_UIO: uio_fopen entry
RUST_UIO: uio_fopen called
RUST_UIO: uio_fopen path="/Users/runner/work/_temp/s4-command-evidence/bundle/run-0/payloads/native-window.acceptance/inputs/content/base/ships/vux/intruder.txt" mode=rb
RUST_UIO: uio_fopen returning stream=0x600002d1ec80
RUST_UIO: uio_fclose called
RUST_UIO: uio_stat called
RUST_UIO: uio_fopen entry
RUST_UIO: uio_fopen called
RUST_UIO: uio_fopen path="/Users/runner/work/_temp/s4-command-evidence/bundle/run-0/payloads/native-window.acceptance/inputs/content/base/ships/yehat/terminator-icons.ani" mode=rb
RUST_UIO: uio_fopen returning stream=0x600002d1c040
RUST_UIO: uio_fread requested=4 read=4
RUST_UIO: uio_fopen entry
RUST_UIO: uio_fopen called
RUST_UIO: uio_fopen path="/Users/runner/work/_temp/s4-command-evidence/bundle/run-0/payloads/native-window.acceptance/inputs/content/base/ships/yehat/terminator-icons-000.png" mode=rb
RUST_UIO: uio_fopen returning stream=0x600002d1d980
RUST_UIO: uio_fread requested=8 read=8
RUST_UIO: uio_fread requested=8 read=8
RUST_UIO: uio_fread requested=13 read=13
RUST_UIO: uio_fread requested=4 read=4
RUST_UIO: uio_fread requested=8 read=8
RUST_UIO: uio_fread requested=3 read=3
RUST_UIO: uio_fread requested=4 read=4
RUST_UIO: uio_fread requested=8 read=8
RUST_UIO: uio_fread requested=768 read=768
RUST_UIO: uio_fread requested=4 read=4
RUST_UIO: uio_fread requested=8 read=8
RUST_UIO: uio_fread requested=1 read=1
RUST_UIO: uio_fread requested=4 read=4
RUST_UIO: uio_fread requested=8 read=8
RUST_UIO: uio_fread requested=52 read=52
RUST_UIO: uio_fread requested=4 read=4
RUST_UIO: uio_fclose called
RUST_UIO: uio_fopen entry
RUST_UIO: uio_fopen called
RUST_UIO: uio_fopen path="/Users/runner/work/_temp/s4-command-evidence/bundle/run-0/payloads/native-window.acceptance/inputs/content/base/ships/yehat/terminator-icons-001.png" mode=rb
RUST_UIO: uio_fopen returning stream=0x600002d1a100
RUST_UIO: uio_fread requested=8 read=8
RUST_UIO: uio_fread requested=8 read=8
RUST_UIO: uio_fread requested=13 read=13
RUST_UIO: uio_fread requested=4 read=4
RUST_UIO: uio_fread requested=8 read=8
RUST_UIO: uio_fread requested=3 read=3
RUST_UIO: uio_fread requested=4 read=4
RUST_UIO: uio_fread requested=8 read=8
RUST_UIO: uio_fread requested=768 read=768
RUST_UIO: uio_fread requested=4 read=4
RUST_UIO: uio_fread requested=8 read=8
RUST_UIO: uio_fread requested=1 read=1
RUST_UIO: uio_fread requested=4 read=4
RUST_UIO: uio_fread requested=8 read=8
RUST_UIO: uio_fread requested=311 read=311
RUST_UIO: uio_fread requested=4 read=4
RUST_UIO: uio_fclose called
RUST_UIO: uio_fclose called
RUST_UIO: uio_stat called
RUST_UIO: uio_fopen entry
RUST_UIO: uio_fopen called
RUST_UIO: uio_fopen path="/Users/runner/work/_temp/s4-command-evidence/bundle/run-0/payloads/native-window.acceptance/inputs/content/base/ships/yehat/terminator-meleeicons.ani" mode=rb
RUST_UIO: uio_fopen returning stream=0x600002d1ec80
RUST_UIO: uio_fread requested=4 read=4
RUST_UIO: uio_fopen entry
RUST_UIO: uio_fopen called
RUST_UIO: uio_fopen path="/Users/runner/work/_temp/s4-command-evidence/bundle/run-0/payloads/native-window.acceptance/inputs/content/base/ships/yehat/terminator-meleeicons-000.png" mode=rb
RUST_UIO: uio_fopen returning stream=0x600002d1a540
RUST_UIO: uio_fread requested=8 read=8
RUST_UIO: uio_fread requested=8 read=8
RUST_UIO: uio_fread requested=13 read=13
RUST_UIO: uio_fread requested=4 read=4
RUST_UIO: uio_fread requested=8 read=8
RUST_UIO: uio_fread requested=3 read=3
RUST_UIO: uio_fread requested=4 read=4
RUST_UIO: uio_fread requested=8 read=8
RUST_UIO: uio_fread requested=768 read=768
RUST_UIO: uio_fread requested=4 read=4
RUST_UIO: uio_fread requested=8 read=8
RUST_UIO: uio_fread requested=1 read=1
RUST_UIO: uio_fread requested=4 read=4
RUST_UIO: uio_fread requested=8 read=8
RUST_UIO: uio_fread requested=96 read=96
RUST_UIO: uio_fread requested=4 read=4
RUST_UIO: uio_fclose called
RUST_UIO: uio_fopen entry
RUST_UIO: uio_fopen called
RUST_UIO: uio_fopen path="/Users/runner/work/_temp/s4-command-evidence/bundle/run-0/payloads/native-window.acceptance/inputs/content/base/ships/yehat/terminator-meleeicons-001.png" mode=rb
RUST_UIO: uio_fopen returning stream=0x600002d10280
RUST_UIO: uio_fread requested=8 read=8
RUST_UIO: uio_fread requested=8 read=8
RUST_UIO: uio_fread requested=13 read=13
RUST_UIO: uio_fread requested=4 read=4
RUST_UIO: uio_fread requested=8 read=8
RUST_UIO: uio_fread requested=3 read=3
RUST_UIO: uio_fread requested=4 read=4
RUST_UIO: uio_fread requested=8 read=8
RUST_UIO: uio_fread requested=768 read=768
RUST_UIO: uio_fread requested=4 read=4
RUST_UIO: uio_fread requested=8 read=8
RUST_UIO: uio_fread requested=1 read=1
RUST_UIO: uio_fread requested=4 read=4
RUST_UIO: uio_fread requested=8 read=8
RUST_UIO: uio_fread requested=48 read=48
RUST_UIO: uio_fread requested=4 read=4
RUST_UIO: uio_fclose called
RUST_UIO: uio_fclose called
RUST_UIO: uio_stat called
RUST_UIO: uio_fopen entry
RUST_UIO: uio_fopen called
RUST_UIO: uio_fopen path="/Users/runner/work/_temp/s4-command-evidence/bundle/run-0/payloads/native-window.acceptance/inputs/content/base/ships/yehat/terminator.txt" mode=rb
RUST_UIO: uio_fopen returning stream=0x600002d12800
RUST_UIO: uio_fclose called
RUST_UIO: uio_stat called
RUST_UIO: uio_fopen entry
RUST_UIO: uio_fopen called
RUST_UIO: uio_fopen path="/Users/runner/work/_temp/s4-command-evidence/bundle/run-0/payloads/native-window.acceptance/inputs/content/base/ships/melnorme/trader-icons.ani" mode=rb
RUST_UIO: uio_fopen returning stream=0x600002d10100
RUST_UIO: uio_fread requested=4 read=4
RUST_UIO: uio_fopen entry
RUST_UIO: uio_fopen called
RUST_UIO: uio_fopen path="/Users/runner/work/_temp/s4-command-evidence/bundle/run-0/payloads/native-window.acceptance/inputs/content/base/ships/melnorme/trader-icons-000.png" mode=rb
RUST_UIO: uio_fopen returning stream=0x600002d12ac0
RUST_UIO: uio_fread requested=8 read=8
RUST_UIO: uio_fread requested=8 read=8
RUST_UIO: uio_fread requested=13 read=13
RUST_UIO: uio_fread requested=4 read=4
RUST_UIO: uio_fread requested=8 read=8
RUST_UIO: uio_fread requested=3 read=3
RUST_UIO: uio_fread requested=4 read=4
RUST_UIO: uio_fread requested=8 read=8
RUST_UIO: uio_fread requested=768 read=768
RUST_UIO: uio_fread requested=4 read=4
RUST_UIO: uio_fread requested=8 read=8
RUST_UIO: uio_fread requested=1 read=1
RUST_UIO: uio_fread requested=4 read=4
RUST_UIO: uio_fread requested=8 read=8
RUST_UIO: uio_fread requested=129 read=129
RUST_UIO: uio_fread requested=4 read=4
RUST_UIO: uio_fclose called
RUST_UIO: uio_fopen entry
RUST_UIO: uio_fopen called
RUST_UIO: uio_fopen path="/Users/runner/work/_temp/s4-command-evidence/bundle/run-0/payloads/native-window.acceptance/inputs/content/base/ships/melnorme/trader-icons-001.png" mode=rb
RUST_UIO: uio_fopen returning stream=0x600002d12b80
RUST_UIO: uio_fread requested=8 read=8
RUST_UIO: uio_fread requested=8 read=8
RUST_UIO: uio_fread requested=13 read=13
RUST_UIO: uio_fread requested=4 read=4
RUST_UIO: uio_fread requested=8 read=8
RUST_UIO: uio_fread requested=3 read=3
RUST_UIO: uio_fread requested=4 read=4
RUST_UIO: uio_fread requested=8 read=8
RUST_UIO: uio_fread requested=768 read=768
RUST_UIO: uio_fread requested=4 read=4
RUST_UIO: uio_fread requested=8 read=8
RUST_UIO: uio_fread requested=1 read=1
RUST_UIO: uio_fread requested=4 read=4
RUST_UIO: uio_fread requested=8 read=8
RUST_UIO: uio_fread requested=390 read=390
RUST_UIO: uio_fread requested=4 read=4
RUST_UIO: uio_fclose called
RUST_UIO: uio_fclose called
RUST_UIO: uio_stat called
RUST_UIO: uio_fopen entry
RUST_UIO: uio_fopen called
RUST_UIO: uio_fopen path="/Users/runner/work/_temp/s4-command-evidence/bundle/run-0/payloads/native-window.acceptance/inputs/content/base/ships/melnorme/trader-meleeicons.ani" mode=rb
RUST_UIO: uio_fopen returning stream=0x600002d12800
RUST_UIO: uio_fread requested=4 read=4
RUST_UIO: uio_fopen entry
RUST_UIO: uio_fopen called
RUST_UIO: uio_fopen path="/Users/runner/work/_temp/s4-command-evidence/bundle/run-0/payloads/native-window.acceptance/inputs/content/base/ships/melnorme/trader-meleeicons-000.png" mode=rb
RUST_UIO: uio_fopen returning stream=0x600002d129c0
RUST_UIO: uio_fread requested=8 read=8
RUST_UIO: uio_fread requested=8 read=8
RUST_UIO: uio_fread requested=13 read=13
RUST_UIO: uio_fread requested=4 read=4
RUST_UIO: uio_fread requested=8 read=8
RUST_UIO: uio_fread requested=3 read=3
RUST_UIO: uio_fread requested=4 read=4
RUST_UIO: uio_fread requested=8 read=8
RUST_UIO: uio_fread requested=768 read=768
RUST_UIO: uio_fread requested=4 read=4
RUST_UIO: uio_fread requested=8 read=8
RUST_UIO: uio_fread requested=1 read=1
RUST_UIO: uio_fread requested=4 read=4
RUST_UIO: uio_fread requested=8 read=8
RUST_UIO: uio_fread requested=355 read=355
RUST_UIO: uio_fread requested=4 read=4
RUST_UIO: uio_fclose called
RUST_UIO: uio_fopen entry
RUST_UIO: uio_fopen called
RUST_UIO: uio_fopen path="/Users/runner/work/_temp/s4-command-evidence/bundle/run-0/payloads/native-window.acceptance/inputs/content/base/ships/melnorme/trader-meleeicons-001.png" mode=rb
RUST_UIO: uio_fopen returning stream=0x600002d12ac0
RUST_UIO: uio_fread requested=8 read=8
RUST_UIO: uio_fread requested=8 read=8
RUST_UIO: uio_fread requested=13 read=13
RUST_UIO: uio_fread requested=4 read=4
RUST_UIO: uio_fread requested=8 read=8
RUST_UIO: uio_fread requested=3 read=3
RUST_UIO: uio_fread requested=4 read=4
RUST_UIO: uio_fread requested=8 read=8
RUST_UIO: uio_fread requested=768 read=768
RUST_UIO: uio_fread requested=4 read=4
RUST_UIO: uio_fread requested=8 read=8
RUST_UIO: uio_fread requested=1 read=1
RUST_UIO: uio_fread requested=4 read=4
RUST_UIO: uio_fread requested=8 read=8
RUST_UIO: uio_fread requested=40 read=40
RUST_UIO: uio_fread requested=4 read=4
RUST_UIO: uio_fclose called
RUST_UIO: uio_fclose called
RUST_UIO: uio_stat called
RUST_UIO: uio_fopen entry
RUST_UIO: uio_fopen called
RUST_UIO: uio_fopen path="/Users/runner/work/_temp/s4-command-evidence/bundle/run-0/payloads/native-window.acceptance/inputs/content/base/ships/melnorme/trader.txt" mode=rb
RUST_UIO: uio_fopen returning stream=0x600002d12800
RUST_UIO: uio_fclose called
RUST_UIO: uio_stat called
RUST_UIO: uio_fopen entry
RUST_UIO: uio_fopen called
RUST_UIO: uio_fopen path="/Users/runner/work/_temp/s4-command-evidence/bundle/run-0/payloads/native-window.acceptance/inputs/content/base/ships/druuge/mauler-icons.ani" mode=rb
RUST_UIO: uio_fopen returning stream=0x600002d614c0
RUST_UIO: uio_fread requested=4 read=4
RUST_UIO: uio_fopen entry
RUST_UIO: uio_fopen called
RUST_UIO: uio_fopen path="/Users/runner/work/_temp/s4-command-evidence/bundle/run-0/payloads/native-window.acceptance/inputs/content/base/ships/druuge/mauler-icons-000.png" mode=rb
RUST_UIO: uio_fopen returning stream=0x600002d61980
RUST_UIO: uio_fread requested=8 read=8
RUST_UIO: uio_fread requested=8 read=8
RUST_UIO: uio_fread requested=13 read=13
RUST_UIO: uio_fread requested=4 read=4
RUST_UIO: uio_fread requested=8 read=8
RUST_UIO: uio_fread requested=3 read=3
RUST_UIO: uio_fread requested=4 read=4
RUST_UIO: uio_fread requested=8 read=8
RUST_UIO: uio_fread requested=768 read=768
RUST_UIO: uio_fread requested=4 read=4
RUST_UIO: uio_fread requested=8 read=8
RUST_UIO: uio_fread requested=1 read=1
RUST_UIO: uio_fread requested=4 read=4
RUST_UIO: uio_fread requested=8 read=8
RUST_UIO: uio_fread requested=91 read=91
RUST_UIO: uio_fread requested=4 read=4
RUST_UIO: uio_fclose called
RUST_UIO: uio_fopen entry
RUST_UIO: uio_fopen called
RUST_UIO: uio_fopen path="/Users/runner/work/_temp/s4-command-evidence/bundle/run-0/payloads/native-window.acceptance/inputs/content/base/ships/druuge/mauler-icons-001.png" mode=rb
RUST_UIO: uio_fopen returning stream=0x600002d61180
RUST_UIO: uio_fread requested=8 read=8
RUST_UIO: uio_fread requested=8 read=8
RUST_UIO: uio_fread requested=13 read=13
RUST_UIO: uio_fread requested=4 read=4
RUST_UIO: uio_fread requested=8 read=8
RUST_UIO: uio_fread requested=3 read=3
RUST_UIO: uio_fread requested=4 read=4
RUST_UIO: uio_fread requested=8 read=8
RUST_UIO: uio_fread requested=768 read=768
RUST_UIO: uio_fread requested=4 read=4
RUST_UIO: uio_fread requested=8 read=8
RUST_UIO: uio_fread requested=1 read=1
RUST_UIO: uio_fread requested=4 read=4
RUST_UIO: uio_fread requested=8 read=8
RUST_UIO: uio_fread requested=244 read=244
RUST_UIO: uio_fread requested=4 read=4
RUST_UIO: uio_fclose called
RUST_UIO: uio_fclose called
RUST_UIO: uio_stat called
RUST_UIO: uio_fopen entry
RUST_UIO: uio_fopen called
RUST_UIO: uio_fopen path="/Users/runner/work/_temp/s4-command-evidence/bundle/run-0/payloads/native-window.acceptance/inputs/content/base/ships/druuge/mauler-meleeicons.ani" mode=rb
RUST_UIO: uio_fopen returning stream=0x600002d62040
RUST_UIO: uio_fread requested=4 read=4
RUST_UIO: uio_fopen entry
RUST_UIO: uio_fopen called
RUST_UIO: uio_fopen path="/Users/runner/work/_temp/s4-command-evidence/bundle/run-0/payloads/native-window.acceptance/inputs/content/base/ships/druuge/mauler-meleeicons-000.png" mode=rb
RUST_UIO: uio_fopen returning stream=0x600002d620c0
RUST_UIO: uio_fread requested=8 read=8
RUST_UIO: uio_fread requested=8 read=8
RUST_UIO: uio_fread requested=13 read=13
RUST_UIO: uio_fread requested=4 read=4
RUST_UIO: uio_fread requested=8 read=8
RUST_UIO: uio_fread requested=3 read=3
RUST_UIO: uio_fread requested=4 read=4
RUST_UIO: uio_fread requested=8 read=8
RUST_UIO: uio_fread requested=768 read=768
RUST_UIO: uio_fread requested=4 read=4
RUST_UIO: uio_fread requested=8 read=8
RUST_UIO: uio_fread requested=1 read=1
RUST_UIO: uio_fread requested=4 read=4
RUST_UIO: uio_fread requested=8 read=8
RUST_UIO: uio_fread requested=200 read=200
RUST_UIO: uio_fread requested=4 read=4
RUST_UIO: uio_fclose called
RUST_UIO: uio_fopen entry
RUST_UIO: uio_fopen called
RUST_UIO: uio_fopen path="/Users/runner/work/_temp/s4-command-evidence/bundle/run-0/payloads/native-window.acceptance/inputs/content/base/ships/druuge/mauler-meleeicons-001.png" mode=rb
RUST_UIO: uio_fopen returning stream=0x600002d61980
RUST_UIO: uio_fread requested=8 read=8
RUST_UIO: uio_fread requested=8 read=8
RUST_UIO: uio_fread requested=13 read=13
RUST_UIO: uio_fread requested=4 read=4
RUST_UIO: uio_fread requested=8 read=8
RUST_UIO: uio_fread requested=3 read=3
RUST_UIO: uio_fread requested=4 read=4
RUST_UIO: uio_fread requested=8 read=8
RUST_UIO: uio_fread requested=768 read=768
RUST_UIO: uio_fread requested=4 read=4
RUST_UIO: uio_fread requested=8 read=8
RUST_UIO: uio_fread requested=1 read=1
RUST_UIO: uio_fread requested=4 read=4
RUST_UIO: uio_fread requested=8 read=8
RUST_UIO: uio_fread requested=42 read=42
RUST_UIO: uio_fread requested=4 read=4
RUST_UIO: uio_fclose called
RUST_UIO: uio_fclose called
RUST_UIO: uio_stat called
RUST_UIO: uio_fopen entry
RUST_UIO: uio_fopen called
RUST_UIO: uio_fopen path="/Users/runner/work/_temp/s4-command-evidence/bundle/run-0/payloads/native-window.acceptance/inputs/content/base/ships/druuge/mauler.txt" mode=rb
RUST_UIO: uio_fopen returning stream=0x600002d62040
RUST_UIO: uio_fclose called
RUST_UIO: uio_stat called
RUST_UIO: uio_fopen entry
RUST_UIO: uio_fopen called
RUST_UIO: uio_fopen path="/Users/runner/work/_temp/s4-command-evidence/bundle/run-0/payloads/native-window.acceptance/inputs/content/base/ships/ilwrath/avenger-icons.ani" mode=rb
RUST_UIO: uio_fopen returning stream=0x600002d12ac0
RUST_UIO: uio_fread requested=4 read=4
RUST_UIO: uio_fopen entry
RUST_UIO: uio_fopen called
RUST_UIO: uio_fopen path="/Users/runner/work/_temp/s4-command-evidence/bundle/run-0/payloads/native-window.acceptance/inputs/content/base/ships/ilwrath/avenger-icons-000.png" mode=rb
RUST_UIO: uio_fopen returning stream=0x600002d13fc0
RUST_UIO: uio_fread requested=8 read=8
RUST_UIO: uio_fread requested=8 read=8
RUST_UIO: uio_fread requested=13 read=13
RUST_UIO: uio_fread requested=4 read=4
RUST_UIO: uio_fread requested=8 read=8
RUST_UIO: uio_fread requested=3 read=3
RUST_UIO: uio_fread requested=4 read=4
RUST_UIO: uio_fread requested=8 read=8
RUST_UIO: uio_fread requested=768 read=768
RUST_UIO: uio_fread requested=4 read=4
RUST_UIO: uio_fread requested=8 read=8
RUST_UIO: uio_fread requested=1 read=1
RUST_UIO: uio_fread requested=4 read=4
RUST_UIO: uio_fread requested=8 read=8
RUST_UIO: uio_fread requested=96 read=96
RUST_UIO: uio_fread requested=4 read=4
RUST_UIO: uio_fclose called
RUST_UIO: uio_fopen entry
RUST_UIO: uio_fopen called
RUST_UIO: uio_fopen path="/Users/runner/work/_temp/s4-command-evidence/bundle/run-0/payloads/native-window.acceptance/inputs/content/base/ships/ilwrath/avenger-icons-001.png" mode=rb
RUST_UIO: uio_fopen returning stream=0x600002d14080
RUST_UIO: uio_fread requested=8 read=8
RUST_UIO: uio_fread requested=8 read=8
RUST_UIO: uio_fread requested=13 read=13
RUST_UIO: uio_fread requested=4 read=4
RUST_UIO: uio_fread requested=8 read=8
RUST_UIO: uio_fread requested=3 read=3
RUST_UIO: uio_fread requested=4 read=4
RUST_UIO: uio_fread requested=8 read=8
RUST_UIO: uio_fread requested=768 read=768
RUST_UIO: uio_fread requested=4 read=4
RUST_UIO: uio_fread requested=8 read=8
RUST_UIO: uio_fread requested=1 read=1
RUST_UIO: uio_fread requested=4 read=4
RUST_UIO: uio_fread requested=8 read=8
RUST_UIO: uio_fread requested=320 read=320
RUST_UIO: uio_fread requested=4 read=4
RUST_UIO: uio_fclose called
RUST_UIO: uio_fclose called
RUST_UIO: uio_stat called
RUST_UIO: uio_fopen entry
RUST_UIO: uio_fopen called
RUST_UIO: uio_fopen path="/Users/runner/work/_temp/s4-command-evidence/bundle/run-0/payloads/native-window.acceptance/inputs/content/base/ships/ilwrath/avenger-meleeicons.ani" mode=rb
RUST_UIO: uio_fopen returning stream=0x600002d14180
RUST_UIO: uio_fread requested=4 read=4
RUST_UIO: uio_fopen entry
RUST_UIO: uio_fopen called
RUST_UIO: uio_fopen path="/Users/runner/work/_temp/s4-command-evidence/bundle/run-0/payloads/native-window.acceptance/inputs/content/base/ships/ilwrath/avenger-meleeicons-000.png" mode=rb
RUST_UIO: uio_fopen returning stream=0x600002d14200
RUST_UIO: uio_fread requested=8 read=8
RUST_UIO: uio_fread requested=8 read=8
RUST_UIO: uio_fread requested=13 read=13
RUST_UIO: uio_fread requested=4 read=4
RUST_UIO: uio_fread requested=8 read=8
RUST_UIO: uio_fread requested=3 read=3
RUST_UIO: uio_fread requested=4 read=4
RUST_UIO: uio_fread requested=8 read=8
RUST_UIO: uio_fread requested=768 read=768
RUST_UIO: uio_fread requested=4 read=4
RUST_UIO: uio_fread requested=8 read=8
RUST_UIO: uio_fread requested=1 read=1
RUST_UIO: uio_fread requested=4 read=4
RUST_UIO: uio_fread requested=8 read=8
RUST_UIO: uio_fread requested=259 read=259
RUST_UIO: uio_fread requested=4 read=4
RUST_UIO: uio_fclose called
RUST_UIO: uio_fopen entry
RUST_UIO: uio_fopen called
RUST_UIO: uio_fopen path="/Users/runner/work/_temp/s4-command-evidence/bundle/run-0/payloads/native-window.acceptance/inputs/content/base/ships/ilwrath/avenger-meleeicons-001.png" mode=rb
RUST_UIO: uio_fopen returning stream=0x600002d141c0
RUST_UIO: uio_fread requested=8 read=8
RUST_UIO: uio_fread requested=8 read=8
RUST_UIO: uio_fread requested=13 read=13
RUST_UIO: uio_fread requested=4 read=4
RUST_UIO: uio_fread requested=8 read=8
RUST_UIO: uio_fread requested=3 read=3
RUST_UIO: uio_fread requested=4 read=4
RUST_UIO: uio_fread requested=8 read=8
RUST_UIO: uio_fread requested=768 read=768
RUST_UIO: uio_fread requested=4 read=4
RUST_UIO: uio_fread requested=8 read=8
RUST_UIO: uio_fread requested=1 read=1
RUST_UIO: uio_fread requested=4 read=4
RUST_UIO: uio_fread requested=8 read=8
RUST_UIO: uio_fread requested=43 read=43
RUST_UIO: uio_fread requested=4 read=4
RUST_UIO: uio_fclose called
RUST_UIO: uio_fclose called
RUST_UIO: uio_stat called
RUST_UIO: uio_fopen entry
RUST_UIO: uio_fopen called
RUST_UIO: uio_fopen path="/Users/runner/work/_temp/s4-command-evidence/bundle/run-0/payloads/native-window.acceptance/inputs/content/base/ships/ilwrath/avenger.txt" mode=rb
RUST_UIO: uio_fopen returning stream=0x600002d14180
RUST_UIO: uio_fclose called
RUST_UIO: uio_stat called
RUST_UIO: uio_fopen entry
RUST_UIO: uio_fopen called
RUST_UIO: uio_fopen path="/Users/runner/work/_temp/s4-command-evidence/bundle/run-0/payloads/native-window.acceptance/inputs/content/base/ships/mycon/podship-icons.ani" mode=rb
RUST_UIO: uio_fopen returning stream=0x600002d14200
RUST_UIO: uio_fread requested=4 read=4
RUST_UIO: uio_fopen entry
RUST_UIO: uio_fopen called
RUST_UIO: uio_fopen path="/Users/runner/work/_temp/s4-command-evidence/bundle/run-0/payloads/native-window.acceptance/inputs/content/base/ships/mycon/podship-icons-000.png" mode=rb
RUST_UIO: uio_fopen returning stream=0x600002d14340
RUST_UIO: uio_fread requested=8 read=8
RUST_UIO: uio_fread requested=8 read=8
RUST_UIO: uio_fread requested=13 read=13
RUST_UIO: uio_fread requested=4 read=4
RUST_UIO: uio_fread requested=8 read=8
RUST_UIO: uio_fread requested=3 read=3
RUST_UIO: uio_fread requested=4 read=4
RUST_UIO: uio_fread requested=8 read=8
RUST_UIO: uio_fread requested=768 read=768
RUST_UIO: uio_fread requested=4 read=4
RUST_UIO: uio_fread requested=8 read=8
RUST_UIO: uio_fread requested=2 read=2
RUST_UIO: uio_fread requested=4 read=4
RUST_UIO: uio_fread requested=8 read=8
RUST_UIO: uio_fread requested=133 read=133
RUST_UIO: uio_fread requested=4 read=4
RUST_UIO: uio_fclose called
RUST_UIO: uio_fopen entry
RUST_UIO: uio_fopen called
RUST_UIO: uio_fopen path="/Users/runner/work/_temp/s4-command-evidence/bundle/run-0/payloads/native-window.acceptance/inputs/content/base/ships/mycon/podship-icons-001.png" mode=rb
RUST_UIO: uio_fopen returning stream=0x600002d14440
RUST_UIO: uio_fread requested=8 read=8
RUST_UIO: uio_fread requested=8 read=8
RUST_UIO: uio_fread requested=13 read=13
RUST_UIO: uio_fread requested=4 read=4
RUST_UIO: uio_fread requested=8 read=8
RUST_UIO: uio_fread requested=3 read=3
RUST_UIO: uio_fread requested=4 read=4
RUST_UIO: uio_fread requested=8 read=8
RUST_UIO: uio_fread requested=768 read=768
RUST_UIO: uio_fread requested=4 read=4
RUST_UIO: uio_fread requested=8 read=8
RUST_UIO: uio_fread requested=2 read=2
RUST_UIO: uio_fread requested=4 read=4
RUST_UIO: uio_fread requested=8 read=8
RUST_UIO: uio_fread requested=621 read=621
RUST_UIO: uio_fread requested=4 read=4
RUST_UIO: uio_fclose called
RUST_UIO: uio_fclose called
RUST_UIO: uio_stat called
RUST_UIO: uio_fopen entry
RUST_UIO: uio_fopen called
RUST_UIO: uio_fopen path="/Users/runner/work/_temp/s4-command-evidence/bundle/run-0/payloads/native-window.acceptance/inputs/content/base/ships/mycon/podship-meleeicons.ani" mode=rb
RUST_UIO: uio_fopen returning stream=0x600002d14040
RUST_UIO: uio_fread requested=4 read=4
RUST_UIO: uio_fopen entry
RUST_UIO: uio_fopen called
RUST_UIO: uio_fopen path="/Users/runner/work/_temp/s4-command-evidence/bundle/run-0/payloads/native-window.acceptance/inputs/content/base/ships/mycon/podship-meleeicons-000.png" mode=rb
RUST_UIO: uio_fopen returning stream=0x600002d145c0
RUST_UIO: uio_fread requested=8 read=8
RUST_UIO: uio_fread requested=8 read=8
RUST_UIO: uio_fread requested=13 read=13
RUST_UIO: uio_fread requested=4 read=4
RUST_UIO: uio_fread requested=8 read=8
RUST_UIO: uio_fread requested=3 read=3
RUST_UIO: uio_fread requested=4 read=4
RUST_UIO: uio_fread requested=8 read=8
RUST_UIO: uio_fread requested=768 read=768
RUST_UIO: uio_fread requested=4 read=4
RUST_UIO: uio_fread requested=8 read=8
RUST_UIO: uio_fread requested=2 read=2
RUST_UIO: uio_fread requested=4 read=4
RUST_UIO: uio_fread requested=8 read=8
RUST_UIO: uio_fread requested=366 read=366
RUST_UIO: uio_fread requested=4 read=4
RUST_UIO: uio_fclose called
RUST_UIO: uio_fopen entry
RUST_UIO: uio_fopen called
RUST_UIO: uio_fopen path="/Users/runner/work/_temp/s4-command-evidence/bundle/run-0/payloads/native-window.acceptance/inputs/content/base/ships/mycon/podship-meleeicons-001.png" mode=rb
RUST_UIO: uio_fopen returning stream=0x600002d14340
RUST_UIO: uio_fread requested=8 read=8
RUST_UIO: uio_fread requested=8 read=8
RUST_UIO: uio_fread requested=13 read=13
RUST_UIO: uio_fread requested=4 read=4
RUST_UIO: uio_fread requested=8 read=8
RUST_UIO: uio_fread requested=3 read=3
RUST_UIO: uio_fread requested=4 read=4
RUST_UIO: uio_fread requested=8 read=8
RUST_UIO: uio_fread requested=768 read=768
RUST_UIO: uio_fread requested=4 read=4
RUST_UIO: uio_fread requested=8 read=8
RUST_UIO: uio_fread requested=1 read=1
RUST_UIO: uio_fread requested=4 read=4
RUST_UIO: uio_fread requested=8 read=8
RUST_UIO: uio_fread requested=44 read=44
RUST_UIO: uio_fread requested=4 read=4
RUST_UIO: uio_fclose called
RUST_UIO: uio_fclose called
RUST_UIO: uio_stat called
RUST_UIO: uio_fopen entry
RUST_UIO: uio_fopen called
RUST_UIO: uio_fopen path="/Users/runner/work/_temp/s4-command-evidence/bundle/run-0/payloads/native-window.acceptance/inputs/content/base/ships/mycon/podship.txt" mode=rb
RUST_UIO: uio_fopen returning stream=0x600002d14040
RUST_UIO: uio_fclose called
RUST_UIO: uio_stat called
RUST_UIO: uio_fopen entry
RUST_UIO: uio_fopen called
RUST_UIO: uio_fopen path="/Users/runner/work/_temp/s4-command-evidence/bundle/run-0/payloads/native-window.acceptance/inputs/content/base/ships/slylandro/probe-icons.ani" mode=rb
RUST_UIO: uio_fopen returning stream=0x600002d14200
RUST_UIO: uio_fread requested=4 read=4
RUST_UIO: uio_fopen entry
RUST_UIO: uio_fopen called
RUST_UIO: uio_fopen path="/Users/runner/work/_temp/s4-command-evidence/bundle/run-0/payloads/native-window.acceptance/inputs/content/base/ships/slylandro/probe-icons-000.png" mode=rb
RUST_UIO: uio_fopen returning stream=0x600002d14800
RUST_UIO: uio_fread requested=8 read=8
RUST_UIO: uio_fread requested=8 read=8
RUST_UIO: uio_fread requested=13 read=13
RUST_UIO: uio_fread requested=4 read=4
RUST_UIO: uio_fread requested=8 read=8
RUST_UIO: uio_fread requested=3 read=3
RUST_UIO: uio_fread requested=4 read=4
RUST_UIO: uio_fread requested=8 read=8
RUST_UIO: uio_fread requested=768 read=768
RUST_UIO: uio_fread requested=4 read=4
RUST_UIO: uio_fread requested=8 read=8
RUST_UIO: uio_fread requested=1 read=1
RUST_UIO: uio_fread requested=4 read=4
RUST_UIO: uio_fread requested=8 read=8
RUST_UIO: uio_fread requested=134 read=134
RUST_UIO: uio_fread requested=4 read=4
RUST_UIO: uio_fclose called
RUST_UIO: uio_fopen entry
RUST_UIO: uio_fopen called
RUST_UIO: uio_fopen path="/Users/runner/work/_temp/s4-command-evidence/bundle/run-0/payloads/native-window.acceptance/inputs/content/base/ships/slylandro/probe-icons-001.png" mode=rb
RUST_UIO: uio_fopen returning stream=0x600002d145c0
RUST_UIO: uio_fread requested=8 read=8
RUST_UIO: uio_fread requested=8 read=8
RUST_UIO: uio_fread requested=13 read=13
RUST_UIO: uio_fread requested=4 read=4
RUST_UIO: uio_fread requested=8 read=8
RUST_UIO: uio_fread requested=3 read=3
RUST_UIO: uio_fread requested=4 read=4
RUST_UIO: uio_fread requested=8 read=8
RUST_UIO: uio_fread requested=768 read=768
RUST_UIO: uio_fread requested=4 read=4
RUST_UIO: uio_fread requested=8 read=8
RUST_UIO: uio_fread requested=1 read=1
RUST_UIO: uio_fread requested=4 read=4
RUST_UIO: uio_fread requested=8 read=8
RUST_UIO: uio_fread requested=327 read=327
RUST_UIO: uio_fread requested=4 read=4
RUST_UIO: uio_fclose called
RUST_UIO: uio_fclose called
RUST_UIO: uio_stat called
RUST_UIO: uio_fopen entry
RUST_UIO: uio_fopen called
RUST_UIO: uio_fopen path="/Users/runner/work/_temp/s4-command-evidence/bundle/run-0/payloads/native-window.acceptance/inputs/content/base/ships/slylandro/probe-meleeicons.ani" mode=rb
RUST_UIO: uio_fopen returning stream=0x600002d14040
RUST_UIO: uio_fread requested=4 read=4
RUST_UIO: uio_fopen entry
RUST_UIO: uio_fopen called
RUST_UIO: uio_fopen path="/Users/runner/work/_temp/s4-command-evidence/bundle/run-0/payloads/native-window.acceptance/inputs/content/base/ships/slylandro/probe-meleeicons-000.png" mode=rb
RUST_UIO: uio_fopen returning stream=0x600002d14940
RUST_UIO: uio_fread requested=8 read=8
RUST_UIO: uio_fread requested=8 read=8
RUST_UIO: uio_fread requested=13 read=13
RUST_UIO: uio_fread requested=4 read=4
RUST_UIO: uio_fread requested=8 read=8
RUST_UIO: uio_fread requested=3 read=3
RUST_UIO: uio_fread requested=4 read=4
RUST_UIO: uio_fread requested=8 read=8
RUST_UIO: uio_fread requested=768 read=768
RUST_UIO: uio_fread requested=4 read=4
RUST_UIO: uio_fread requested=8 read=8
RUST_UIO: uio_fread requested=1 read=1
RUST_UIO: uio_fread requested=4 read=4
RUST_UIO: uio_fread requested=8 read=8
RUST_UIO: uio_fread requested=341 read=341
RUST_UIO: uio_fread requested=4 read=4
RUST_UIO: uio_fclose called
RUST_UIO: uio_fopen entry
RUST_UIO: uio_fopen called
RUST_UIO: uio_fopen path="/Users/runner/work/_temp/s4-command-evidence/bundle/run-0/payloads/native-window.acceptance/inputs/content/base/ships/slylandro/probe-meleeicons-001.png" mode=rb
RUST_UIO: uio_fopen returning stream=0x600002d14800
RUST_UIO: uio_fread requested=8 read=8
RUST_UIO: uio_fread requested=8 read=8
RUST_UIO: uio_fread requested=13 read=13
RUST_UIO: uio_fread requested=4 read=4
RUST_UIO: uio_fread requested=8 read=8
RUST_UIO: uio_fread requested=3 read=3
RUST_UIO: uio_fread requested=4 read=4
RUST_UIO: uio_fread requested=8 read=8
RUST_UIO: uio_fread requested=768 read=768
RUST_UIO: uio_fread requested=4 read=4
RUST_UIO: uio_fread requested=8 read=8
RUST_UIO: uio_fread requested=1 read=1
RUST_UIO: uio_fread requested=4 read=4
RUST_UIO: uio_fread requested=8 read=8
RUST_UIO: uio_fread requested=46 read=46
RUST_UIO: uio_fread requested=4 read=4
RUST_UIO: uio_fclose called
RUST_UIO: uio_fclose called
RUST_UIO: uio_stat called
RUST_UIO: uio_fopen entry
RUST_UIO: uio_fopen called
RUST_UIO: uio_fopen path="/Users/runner/work/_temp/s4-command-evidence/bundle/run-0/payloads/native-window.acceptance/inputs/content/base/ships/slylandro/probe.txt" mode=rb
RUST_UIO: uio_fopen returning stream=0x600002d14040
RUST_UIO: uio_fclose called
RUST_UIO: uio_stat called
RUST_UIO: uio_fopen entry
RUST_UIO: uio_fopen called
RUST_UIO: uio_fopen path="/Users/runner/work/_temp/s4-command-evidence/bundle/run-0/payloads/native-window.acceptance/inputs/content/base/ships/umgah/drone-icons.ani" mode=rb
RUST_UIO: uio_fopen returning stream=0x600002d65600
RUST_UIO: uio_fread requested=4 read=4
RUST_UIO: uio_fopen entry
RUST_UIO: uio_fopen called
RUST_UIO: uio_fopen path="/Users/runner/work/_temp/s4-command-evidence/bundle/run-0/payloads/native-window.acceptance/inputs/content/base/ships/umgah/drone-icons-000.png" mode=rb
RUST_UIO: uio_fopen returning stream=0x600002d66b40
RUST_UIO: uio_fread requested=8 read=8
RUST_UIO: uio_fread requested=8 read=8
RUST_UIO: uio_fread requested=13 read=13
RUST_UIO: uio_fread requested=4 read=4
RUST_UIO: uio_fread requested=8 read=8
RUST_UIO: uio_fread requested=3 read=3
RUST_UIO: uio_fread requested=4 read=4
RUST_UIO: uio_fread requested=8 read=8
RUST_UIO: uio_fread requested=768 read=768
RUST_UIO: uio_fread requested=4 read=4
RUST_UIO: uio_fread requested=8 read=8
RUST_UIO: uio_fread requested=1 read=1
RUST_UIO: uio_fread requested=4 read=4
RUST_UIO: uio_fread requested=8 read=8
RUST_UIO: uio_fread requested=41 read=41
RUST_UIO: uio_fread requested=4 read=4
RUST_UIO: uio_fclose called
RUST_UIO: uio_fopen entry
RUST_UIO: uio_fopen called
RUST_UIO: uio_fopen path="/Users/runner/work/_temp/s4-command-evidence/bundle/run-0/payloads/native-window.acceptance/inputs/content/base/ships/umgah/drone-icons-001.png" mode=rb
RUST_UIO: uio_fopen returning stream=0x600002d66840
RUST_UIO: uio_fread requested=8 read=8
RUST_UIO: uio_fread requested=8 read=8
RUST_UIO: uio_fread requested=13 read=13
RUST_UIO: uio_fread requested=4 read=4
RUST_UIO: uio_fread requested=8 read=8
RUST_UIO: uio_fread requested=3 read=3
RUST_UIO: uio_fread requested=4 read=4
RUST_UIO: uio_fread requested=8 read=8
RUST_UIO: uio_fread requested=768 read=768
RUST_UIO: uio_fread requested=4 read=4
RUST_UIO: uio_fread requested=8 read=8
RUST_UIO: uio_fread requested=1 read=1
RUST_UIO: uio_fread requested=4 read=4
RUST_UIO: uio_fread requested=8 read=8
RUST_UIO: uio_fread requested=234 read=234
RUST_UIO: uio_fread requested=4 read=4
RUST_UIO: uio_fclose called
RUST_UIO: uio_fclose called
RUST_UIO: uio_stat called
RUST_UIO: uio_fopen entry
RUST_UIO: uio_fopen called
RUST_UIO: uio_fopen path="/Users/runner/work/_temp/s4-command-evidence/bundle/run-0/payloads/native-window.acceptance/inputs/content/base/ships/umgah/drone-meleeicons.ani" mode=rb
RUST_UIO: uio_fopen returning stream=0x600002d67c00
RUST_UIO: uio_fread requested=4 read=4
RUST_UIO: uio_fopen entry
RUST_UIO: uio_fopen called
RUST_UIO: uio_fopen path="/Users/runner/work/_temp/s4-command-evidence/bundle/run-0/payloads/native-window.acceptance/inputs/content/base/ships/umgah/drone-meleeicons-000.png" mode=rb
RUST_UIO: uio_fopen returning stream=0x600002d65fc0
RUST_UIO: uio_fread requested=8 read=8
RUST_UIO: uio_fread requested=8 read=8
RUST_UIO: uio_fread requested=13 read=13
RUST_UIO: uio_fread requested=4 read=4
RUST_UIO: uio_fread requested=8 read=8
RUST_UIO: uio_fread requested=3 read=3
RUST_UIO: uio_fread requested=4 read=4
RUST_UIO: uio_fread requested=8 read=8
RUST_UIO: uio_fread requested=768 read=768
RUST_UIO: uio_fread requested=4 read=4
RUST_UIO: uio_fread requested=8 read=8
RUST_UIO: uio_fread requested=1 read=1
RUST_UIO: uio_fread requested=4 read=4
RUST_UIO: uio_fread requested=8 read=8
RUST_UIO: uio_fread requested=92 read=92
RUST_UIO: uio_fread requested=4 read=4
RUST_UIO: uio_fclose called
RUST_UIO: uio_fopen entry
RUST_UIO: uio_fopen called
RUST_UIO: uio_fopen path="/Users/runner/work/_temp/s4-command-evidence/bundle/run-0/payloads/native-window.acceptance/inputs/content/base/ships/umgah/drone-meleeicons-001.png" mode=rb
RUST_UIO: uio_fopen returning stream=0x600002d66b40
RUST_UIO: uio_fread requested=8 read=8
RUST_UIO: uio_fread requested=8 read=8
RUST_UIO: uio_fread requested=13 read=13
RUST_UIO: uio_fread requested=4 read=4
RUST_UIO: uio_fread requested=8 read=8
RUST_UIO: uio_fread requested=3 read=3
RUST_UIO: uio_fread requested=4 read=4
RUST_UIO: uio_fread requested=8 read=8
RUST_UIO: uio_fread requested=768 read=768
RUST_UIO: uio_fread requested=4 read=4
RUST_UIO: uio_fread requested=8 read=8
RUST_UIO: uio_fread requested=1 read=1
RUST_UIO: uio_fread requested=4 read=4
RUST_UIO: uio_fread requested=8 read=8
RUST_UIO: uio_fread requested=43 read=43
RUST_UIO: uio_fread requested=4 read=4
RUST_UIO: uio_fclose called
RUST_UIO: uio_fclose called
RUST_UIO: uio_stat called
RUST_UIO: uio_fopen entry
RUST_UIO: uio_fopen called
RUST_UIO: uio_fopen path="/Users/runner/work/_temp/s4-command-evidence/bundle/run-0/payloads/native-window.acceptance/inputs/content/base/ships/umgah/drone.txt" mode=rb
RUST_UIO: uio_fopen returning stream=0x600002d67c00
RUST_UIO: uio_fclose called
RUST_UIO: uio_stat called
RUST_UIO: uio_fopen entry
RUST_UIO: uio_fopen called
RUST_UIO: uio_fopen path="/Users/runner/work/_temp/s4-command-evidence/bundle/run-0/payloads/native-window.acceptance/inputs/content/base/ships/urquan/dreadnought-icons.ani" mode=rb
RUST_UIO: uio_fopen returning stream=0x600002d65fc0
RUST_UIO: uio_fread requested=4 read=4
RUST_UIO: uio_fopen entry
RUST_UIO: uio_fopen called
RUST_UIO: uio_fopen path="/Users/runner/work/_temp/s4-command-evidence/bundle/run-0/payloads/native-window.acceptance/inputs/content/base/ships/urquan/dreadnought-icons-000.png" mode=rb
RUST_UIO: uio_fopen returning stream=0x600002d664c0
RUST_UIO: uio_fread requested=8 read=8
RUST_UIO: uio_fread requested=8 read=8
RUST_UIO: uio_fread requested=13 read=13
RUST_UIO: uio_fread requested=4 read=4
RUST_UIO: uio_fread requested=8 read=8
RUST_UIO: uio_fread requested=3 read=3
RUST_UIO: uio_fread requested=4 read=4
RUST_UIO: uio_fread requested=8 read=8
RUST_UIO: uio_fread requested=768 read=768
RUST_UIO: uio_fread requested=4 read=4
RUST_UIO: uio_fread requested=8 read=8
RUST_UIO: uio_fread requested=1 read=1
RUST_UIO: uio_fread requested=4 read=4
RUST_UIO: uio_fread requested=8 read=8
RUST_UIO: uio_fread requested=82 read=82
RUST_UIO: uio_fread requested=4 read=4
RUST_UIO: uio_fclose called
RUST_UIO: uio_fopen entry
RUST_UIO: uio_fopen called
RUST_UIO: uio_fopen path="/Users/runner/work/_temp/s4-command-evidence/bundle/run-0/payloads/native-window.acceptance/inputs/content/base/ships/urquan/dreadnought-icons-001.png" mode=rb
RUST_UIO: uio_fopen returning stream=0x600002d663c0
RUST_UIO: uio_fread requested=8 read=8
RUST_UIO: uio_fread requested=8 read=8
RUST_UIO: uio_fread requested=13 read=13
RUST_UIO: uio_fread requested=4 read=4
RUST_UIO: uio_fread requested=8 read=8
RUST_UIO: uio_fread requested=3 read=3
RUST_UIO: uio_fread requested=4 read=4
RUST_UIO: uio_fread requested=8 read=8
RUST_UIO: uio_fread requested=768 read=768
RUST_UIO: uio_fread requested=4 read=4
RUST_UIO: uio_fread requested=8 read=8
RUST_UIO: uio_fread requested=1 read=1
RUST_UIO: uio_fread requested=4 read=4
RUST_UIO: uio_fread requested=8 read=8
RUST_UIO: uio_fread requested=337 read=337
RUST_UIO: uio_fread requested=4 read=4
RUST_UIO: uio_fclose called
RUST_UIO: uio_fclose called
RUST_UIO: uio_stat called
RUST_UIO: uio_fopen entry
RUST_UIO: uio_fopen called
RUST_UIO: uio_fopen path="/Users/runner/work/_temp/s4-command-evidence/bundle/run-0/payloads/native-window.acceptance/inputs/content/base/ships/urquan/dreadnought-meleeicons.ani" mode=rb
RUST_UIO: uio_fopen returning stream=0x600002d65600
RUST_UIO: uio_fread requested=4 read=4
RUST_UIO: uio_fopen entry
RUST_UIO: uio_fopen called
RUST_UIO: uio_fopen path="/Users/runner/work/_temp/s4-command-evidence/bundle/run-0/payloads/native-window.acceptance/inputs/content/base/ships/urquan/dreadnought-meleeicons-000.png" mode=rb
RUST_UIO: uio_fopen returning stream=0x600002d664c0
RUST_UIO: uio_fread requested=8 read=8
RUST_UIO: uio_fread requested=8 read=8
RUST_UIO: uio_fread requested=13 read=13
RUST_UIO: uio_fread requested=4 read=4
RUST_UIO: uio_fread requested=8 read=8
RUST_UIO: uio_fread requested=3 read=3
RUST_UIO: uio_fread requested=4 read=4
RUST_UIO: uio_fread requested=8 read=8
RUST_UIO: uio_fread requested=768 read=768
RUST_UIO: uio_fread requested=4 read=4
RUST_UIO: uio_fread requested=8 read=8
RUST_UIO: uio_fread requested=1 read=1
RUST_UIO: uio_fread requested=4 read=4
RUST_UIO: uio_fread requested=8 read=8
RUST_UIO: uio_fread requested=293 read=293
RUST_UIO: uio_fread requested=4 read=4
RUST_UIO: uio_fclose called
RUST_UIO: uio_fopen entry
RUST_UIO: uio_fopen called
RUST_UIO: uio_fopen path="/Users/runner/work/_temp/s4-command-evidence/bundle/run-0/payloads/native-window.acceptance/inputs/content/base/ships/urquan/dreadnought-meleeicons-001.png" mode=rb
RUST_UIO: uio_fopen returning stream=0x600002d664c0
RUST_UIO: uio_fread requested=8 read=8
RUST_UIO: uio_fread requested=8 read=8
RUST_UIO: uio_fread requested=13 read=13
RUST_UIO: uio_fread requested=4 read=4
RUST_UIO: uio_fread requested=8 read=8
RUST_UIO: uio_fread requested=3 read=3
RUST_UIO: uio_fread requested=4 read=4
RUST_UIO: uio_fread requested=8 read=8
RUST_UIO: uio_fread requested=768 read=768
RUST_UIO: uio_fread requested=4 read=4
RUST_UIO: uio_fread requested=8 read=8
RUST_UIO: uio_fread requested=1 read=1
RUST_UIO: uio_fread requested=4 read=4
RUST_UIO: uio_fread requested=8 read=8
RUST_UIO: uio_fread requested=49 read=49
RUST_UIO: uio_fread requested=4 read=4
RUST_UIO: uio_fclose called
RUST_UIO: uio_fclose called
RUST_UIO: uio_stat called
RUST_UIO: uio_fopen entry
RUST_UIO: uio_fopen called
RUST_UIO: uio_fopen path="/Users/runner/work/_temp/s4-command-evidence/bundle/run-0/payloads/native-window.acceptance/inputs/content/base/ships/urquan/dreadnought.txt" mode=rb
RUST_UIO: uio_fopen returning stream=0x600002d65fc0
RUST_UIO: uio_fclose called
RUST_UIO: uio_stat called
RUST_UIO: uio_fopen entry
RUST_UIO: uio_fopen called
RUST_UIO: uio_fopen path="/Users/runner/work/_temp/s4-command-evidence/bundle/run-0/payloads/native-window.acceptance/inputs/content/base/ships/zoqfotpik/stinger-icons.ani" mode=rb
RUST_UIO: uio_fopen returning stream=0x600002d65600
RUST_UIO: uio_fread requested=4 read=4
RUST_UIO: uio_fopen entry
RUST_UIO: uio_fopen called
RUST_UIO: uio_fopen path="/Users/runner/work/_temp/s4-command-evidence/bundle/run-0/payloads/native-window.acceptance/inputs/content/base/ships/zoqfotpik/stinger-icons-000.png" mode=rb
RUST_UIO: uio_fopen returning stream=0x600002d665c0
RUST_UIO: uio_fread requested=8 read=8
RUST_UIO: uio_fread requested=8 read=8
RUST_UIO: uio_fread requested=13 read=13
RUST_UIO: uio_fread requested=4 read=4
RUST_UIO: uio_fread requested=8 read=8
RUST_UIO: uio_fread requested=3 read=3
RUST_UIO: uio_fread requested=4 read=4
RUST_UIO: uio_fread requested=8 read=8
RUST_UIO: uio_fread requested=768 read=768
RUST_UIO: uio_fread requested=4 read=4
RUST_UIO: uio_fread requested=8 read=8
RUST_UIO: uio_fread requested=1 read=1
RUST_UIO: uio_fread requested=4 read=4
RUST_UIO: uio_fread requested=8 read=8
RUST_UIO: uio_fread requested=96 read=96
RUST_UIO: uio_fread requested=4 read=4
RUST_UIO: uio_fclose called
RUST_UIO: uio_fopen entry
RUST_UIO: uio_fopen called
RUST_UIO: uio_fopen path="/Users/runner/work/_temp/s4-command-evidence/bundle/run-0/payloads/native-window.acceptance/inputs/content/base/ships/zoqfotpik/stinger-icons-001.png" mode=rb
RUST_UIO: uio_fopen returning stream=0x600002d66240
RUST_UIO: uio_fread requested=8 read=8
RUST_UIO: uio_fread requested=8 read=8
RUST_UIO: uio_fread requested=13 read=13
RUST_UIO: uio_fread requested=4 read=4
RUST_UIO: uio_fread requested=8 read=8
RUST_UIO: uio_fread requested=3 read=3
RUST_UIO: uio_fread requested=4 read=4
RUST_UIO: uio_fread requested=8 read=8
RUST_UIO: uio_fread requested=768 read=768
RUST_UIO: uio_fread requested=4 read=4
RUST_UIO: uio_fread requested=8 read=8
RUST_UIO: uio_fread requested=1 read=1
RUST_UIO: uio_fread requested=4 read=4
RUST_UIO: uio_fread requested=8 read=8
RUST_UIO: uio_fread requested=368 read=368
RUST_UIO: uio_fread requested=4 read=4
RUST_UIO: uio_fclose called
RUST_UIO: uio_fclose called
RUST_UIO: uio_stat called
RUST_UIO: uio_fopen entry
RUST_UIO: uio_fopen called
RUST_UIO: uio_fopen path="/Users/runner/work/_temp/s4-command-evidence/bundle/run-0/payloads/native-window.acceptance/inputs/content/base/ships/zoqfotpik/stinger-meleeicons.ani" mode=rb
RUST_UIO: uio_fopen returning stream=0x600002d65fc0
RUST_UIO: uio_fread requested=4 read=4
RUST_UIO: uio_fopen entry
RUST_UIO: uio_fopen called
RUST_UIO: uio_fopen path="/Users/runner/work/_temp/s4-command-evidence/bundle/run-0/payloads/native-window.acceptance/inputs/content/base/ships/zoqfotpik/stinger-meleeicons-000.png" mode=rb
RUST_UIO: uio_fopen returning stream=0x600002d66700
RUST_UIO: uio_fread requested=8 read=8
RUST_UIO: uio_fread requested=8 read=8
RUST_UIO: uio_fread requested=13 read=13
RUST_UIO: uio_fread requested=4 read=4
RUST_UIO: uio_fread requested=8 read=8
RUST_UIO: uio_fread requested=3 read=3
RUST_UIO: uio_fread requested=4 read=4
RUST_UIO: uio_fread requested=8 read=8
RUST_UIO: uio_fread requested=768 read=768
RUST_UIO: uio_fread requested=4 read=4
RUST_UIO: uio_fread requested=8 read=8
RUST_UIO: uio_fread requested=1 read=1
RUST_UIO: uio_fread requested=4 read=4
RUST_UIO: uio_fread requested=8 read=8
RUST_UIO: uio_fread requested=268 read=268
RUST_UIO: uio_fread requested=4 read=4
RUST_UIO: uio_fclose called
RUST_UIO: uio_fopen entry
RUST_UIO: uio_fopen called
RUST_UIO: uio_fopen path="/Users/runner/work/_temp/s4-command-evidence/bundle/run-0/payloads/native-window.acceptance/inputs/content/base/ships/zoqfotpik/stinger-meleeicons-001.png" mode=rb
RUST_UIO: uio_fopen returning stream=0x600002d665c0
RUST_UIO: uio_fread requested=8 read=8
RUST_UIO: uio_fread requested=8 read=8
RUST_UIO: uio_fread requested=13 read=13
RUST_UIO: uio_fread requested=4 read=4
RUST_UIO: uio_fread requested=8 read=8
RUST_UIO: uio_fread requested=3 read=3
RUST_UIO: uio_fread requested=4 read=4
RUST_UIO: uio_fread requested=8 read=8
RUST_UIO: uio_fread requested=768 read=768
RUST_UIO: uio_fread requested=4 read=4
RUST_UIO: uio_fread requested=8 read=8
RUST_UIO: uio_fread requested=1 read=1
RUST_UIO: uio_fread requested=4 read=4
RUST_UIO: uio_fread requested=8 read=8
RUST_UIO: uio_fread requested=48 read=48
RUST_UIO: uio_fread requested=4 read=4
RUST_UIO: uio_fclose called
RUST_UIO: uio_fclose called
RUST_UIO: uio_stat called
RUST_UIO: uio_fopen entry
RUST_UIO: uio_fopen called
RUST_UIO: uio_fopen path="/Users/runner/work/_temp/s4-command-evidence/bundle/run-0/payloads/native-window.acceptance/inputs/content/base/ships/zoqfotpik/stinger.txt" mode=rb
RUST_UIO: uio_fopen returning stream=0x600002d65600
RUST_UIO: uio_fclose called
RUST_UIO: uio_stat called
RUST_UIO: uio_fopen entry
RUST_UIO: uio_fopen called
RUST_UIO: uio_fopen path="/Users/runner/work/_temp/s4-command-evidence/bundle/run-0/payloads/native-window.acceptance/inputs/content/base/ships/syreen/penetrator-icons.ani" mode=rb
RUST_UIO: uio_fopen returning stream=0x600002d65fc0
RUST_UIO: uio_fread requested=4 read=4
RUST_UIO: uio_fopen entry
RUST_UIO: uio_fopen called
RUST_UIO: uio_fopen path="/Users/runner/work/_temp/s4-command-evidence/bundle/run-0/payloads/native-window.acceptance/inputs/content/base/ships/syreen/penetrator-icons-000.png" mode=rb
RUST_UIO: uio_fopen returning stream=0x600002d65f00
RUST_UIO: uio_fread requested=8 read=8
RUST_UIO: uio_fread requested=8 read=8
RUST_UIO: uio_fread requested=13 read=13
RUST_UIO: uio_fread requested=4 read=4
RUST_UIO: uio_fread requested=8 read=8
RUST_UIO: uio_fread requested=3 read=3
RUST_UIO: uio_fread requested=4 read=4
RUST_UIO: uio_fread requested=8 read=8
RUST_UIO: uio_fread requested=768 read=768
RUST_UIO: uio_fread requested=4 read=4
RUST_UIO: uio_fread requested=8 read=8
RUST_UIO: uio_fread requested=1 read=1
RUST_UIO: uio_fread requested=4 read=4
RUST_UIO: uio_fread requested=8 read=8
RUST_UIO: uio_fread requested=56 read=56
RUST_UIO: uio_fread requested=4 read=4
RUST_UIO: uio_fclose called
RUST_UIO: uio_fopen entry
RUST_UIO: uio_fopen called
RUST_UIO: uio_fopen path="/Users/runner/work/_temp/s4-command-evidence/bundle/run-0/payloads/native-window.acceptance/inputs/content/base/ships/syreen/penetrator-icons-001.png" mode=rb
RUST_UIO: uio_fopen returning stream=0x600002d66700
RUST_UIO: uio_fread requested=8 read=8
RUST_UIO: uio_fread requested=8 read=8
RUST_UIO: uio_fread requested=13 read=13
RUST_UIO: uio_fread requested=4 read=4
RUST_UIO: uio_fread requested=8 read=8
RUST_UIO: uio_fread requested=3 read=3
RUST_UIO: uio_fread requested=4 read=4
RUST_UIO: uio_fread requested=8 read=8
RUST_UIO: uio_fread requested=768 read=768
RUST_UIO: uio_fread requested=4 read=4
RUST_UIO: uio_fread requested=8 read=8
RUST_UIO: uio_fread requested=1 read=1
RUST_UIO: uio_fread requested=4 read=4
RUST_UIO: uio_fread requested=8 read=8
RUST_UIO: uio_fread requested=230 read=230
RUST_UIO: uio_fread requested=4 read=4
RUST_UIO: uio_fclose called
RUST_UIO: uio_fclose called
RUST_UIO: uio_stat called
RUST_UIO: uio_fopen entry
RUST_UIO: uio_fopen called
RUST_UIO: uio_fopen path="/Users/runner/work/_temp/s4-command-evidence/bundle/run-0/payloads/native-window.acceptance/inputs/content/base/ships/syreen/penetrator-meleeicons.ani" mode=rb
RUST_UIO: uio_fopen returning stream=0x600002d67c00
RUST_UIO: uio_fread requested=4 read=4
RUST_UIO: uio_fopen entry
RUST_UIO: uio_fopen called
RUST_UIO: uio_fopen path="/Users/runner/work/_temp/s4-command-evidence/bundle/run-0/payloads/native-window.acceptance/inputs/content/base/ships/syreen/penetrator-meleeicons-000.png" mode=rb
RUST_UIO: uio_fopen returning stream=0x600002d65dc0
RUST_UIO: uio_fread requested=8 read=8
RUST_UIO: uio_fread requested=8 read=8
RUST_UIO: uio_fread requested=13 read=13
RUST_UIO: uio_fread requested=4 read=4
RUST_UIO: uio_fread requested=8 read=8
RUST_UIO: uio_fread requested=3 read=3
RUST_UIO: uio_fread requested=4 read=4
RUST_UIO: uio_fread requested=8 read=8
RUST_UIO: uio_fread requested=768 read=768
RUST_UIO: uio_fread requested=4 read=4
RUST_UIO: uio_fread requested=8 read=8
RUST_UIO: uio_fread requested=2 read=2
RUST_UIO: uio_fread requested=4 read=4
RUST_UIO: uio_fread requested=8 read=8
RUST_UIO: uio_fread requested=106 read=106
RUST_UIO: uio_fread requested=4 read=4
RUST_UIO: uio_fclose called
RUST_UIO: uio_fopen entry
RUST_UIO: uio_fopen called
RUST_UIO: uio_fopen path="/Users/runner/work/_temp/s4-command-evidence/bundle/run-0/payloads/native-window.acceptance/inputs/content/base/ships/syreen/penetrator-meleeicons-001.png" mode=rb
RUST_UIO: uio_fopen returning stream=0x600002d65f00
RUST_UIO: uio_fread requested=8 read=8
RUST_UIO: uio_fread requested=8 read=8
RUST_UIO: uio_fread requested=13 read=13
RUST_UIO: uio_fread requested=4 read=4
RUST_UIO: uio_fread requested=8 read=8
RUST_UIO: uio_fread requested=3 read=3
RUST_UIO: uio_fread requested=4 read=4
RUST_UIO: uio_fread requested=8 read=8
RUST_UIO: uio_fread requested=768 read=768
RUST_UIO: uio_fread requested=4 read=4
RUST_UIO: uio_fread requested=8 read=8
RUST_UIO: uio_fread requested=1 read=1
RUST_UIO: uio_fread requested=4 read=4
RUST_UIO: uio_fread requested=8 read=8
RUST_UIO: uio_fread requested=35 read=35
RUST_UIO: uio_fread requested=4 read=4
RUST_UIO: uio_fclose called
RUST_UIO: uio_fclose called
RUST_UIO: uio_stat called
RUST_UIO: uio_fopen entry
RUST_UIO: uio_fopen called
RUST_UIO: uio_fopen path="/Users/runner/work/_temp/s4-command-evidence/bundle/run-0/payloads/native-window.acceptance/inputs/content/base/ships/syreen/penetrator.txt" mode=rb
RUST_UIO: uio_fopen returning stream=0x600002d129c0
RUST_UIO: uio_fclose called
RUST_UIO: uio_stat called
RUST_UIO: uio_fopen entry
RUST_UIO: uio_fopen called
RUST_UIO: uio_fopen path="/Users/runner/work/_temp/s4-command-evidence/bundle/run-0/payloads/native-window.acceptance/inputs/content/base/ships/kohrah/marauder-icons.ani" mode=rb
RUST_UIO: uio_fopen returning stream=0x600002d13fc0
RUST_UIO: uio_fread requested=4 read=4
RUST_UIO: uio_fopen entry
RUST_UIO: uio_fopen called
RUST_UIO: uio_fopen path="/Users/runner/work/_temp/s4-command-evidence/bundle/run-0/payloads/native-window.acceptance/inputs/content/base/ships/kohrah/marauder-icons-000.png" mode=rb
RUST_UIO: uio_fopen returning stream=0x600002d65fc0
RUST_UIO: uio_fread requested=8 read=8
RUST_UIO: uio_fread requested=8 read=8
RUST_UIO: uio_fread requested=13 read=13
RUST_UIO: uio_fread requested=4 read=4
RUST_UIO: uio_fread requested=8 read=8
RUST_UIO: uio_fread requested=3 read=3
RUST_UIO: uio_fread requested=4 read=4
RUST_UIO: uio_fread requested=8 read=8
RUST_UIO: uio_fread requested=768 read=768
RUST_UIO: uio_fread requested=4 read=4
RUST_UIO: uio_fread requested=8 read=8
RUST_UIO: uio_fread requested=2 read=2
RUST_UIO: uio_fread requested=4 read=4
RUST_UIO: uio_fread requested=8 read=8
RUST_UIO: uio_fread requested=124 read=124
RUST_UIO: uio_fread requested=4 read=4
RUST_UIO: uio_fclose called
RUST_UIO: uio_fopen entry
RUST_UIO: uio_fopen called
RUST_UIO: uio_fopen path="/Users/runner/work/_temp/s4-command-evidence/bundle/run-0/payloads/native-window.acceptance/inputs/content/base/ships/kohrah/marauder-icons-001.png" mode=rb
RUST_UIO: uio_fopen returning stream=0x600002d67c00
RUST_UIO: uio_fread requested=8 read=8
RUST_UIO: uio_fread requested=8 read=8
RUST_UIO: uio_fread requested=13 read=13
RUST_UIO: uio_fread requested=4 read=4
RUST_UIO: uio_fread requested=8 read=8
RUST_UIO: uio_fread requested=3 read=3
RUST_UIO: uio_fread requested=4 read=4
RUST_UIO: uio_fread requested=8 read=8
RUST_UIO: uio_fread requested=768 read=768
RUST_UIO: uio_fread requested=4 read=4
RUST_UIO: uio_fread requested=8 read=8
RUST_UIO: uio_fread requested=2 read=2
RUST_UIO: uio_fread requested=4 read=4
RUST_UIO: uio_fread requested=8 read=8
RUST_UIO: uio_fread requested=416 read=416
RUST_UIO: uio_fread requested=4 read=4
RUST_UIO: uio_fclose called
RUST_UIO: uio_fclose called
RUST_UIO: uio_stat called
RUST_UIO: uio_fopen entry
RUST_UIO: uio_fopen called
RUST_UIO: uio_fopen path="/Users/runner/work/_temp/s4-command-evidence/bundle/run-0/payloads/native-window.acceptance/inputs/content/base/ships/kohrah/marauder-meleeicons.ani" mode=rb
RUST_UIO: uio_fopen returning stream=0x600002d08100
RUST_UIO: uio_fread requested=4 read=4
RUST_UIO: uio_fopen entry
RUST_UIO: uio_fopen called
RUST_UIO: uio_fopen path="/Users/runner/work/_temp/s4-command-evidence/bundle/run-0/payloads/native-window.acceptance/inputs/content/base/ships/kohrah/marauder-meleeicons-000.png" mode=rb
RUST_UIO: uio_fopen returning stream=0x600002d08180
RUST_UIO: uio_fread requested=8 read=8
RUST_UIO: uio_fread requested=8 read=8
RUST_UIO: uio_fread requested=13 read=13
RUST_UIO: uio_fread requested=4 read=4
RUST_UIO: uio_fread requested=8 read=8
RUST_UIO: uio_fread requested=3 read=3
RUST_UIO: uio_fread requested=4 read=4
RUST_UIO: uio_fread requested=8 read=8
RUST_UIO: uio_fread requested=768 read=768
RUST_UIO: uio_fread requested=4 read=4
RUST_UIO: uio_fread requested=8 read=8
RUST_UIO: uio_fread requested=2 read=2
RUST_UIO: uio_fread requested=4 read=4
RUST_UIO: uio_fread requested=8 read=8
RUST_UIO: uio_fread requested=355 read=355
RUST_UIO: uio_fread requested=4 read=4
RUST_UIO: uio_fclose called
RUST_UIO: uio_fopen entry
RUST_UIO: uio_fopen called
RUST_UIO: uio_fopen path="/Users/runner/work/_temp/s4-command-evidence/bundle/run-0/payloads/native-window.acceptance/inputs/content/base/ships/kohrah/marauder-meleeicons-001.png" mode=rb
RUST_UIO: uio_fopen returning stream=0x600002d08140
RUST_UIO: uio_fread requested=8 read=8
RUST_UIO: uio_fread requested=8 read=8
RUST_UIO: uio_fread requested=13 read=13
RUST_UIO: uio_fread requested=4 read=4
RUST_UIO: uio_fread requested=8 read=8
RUST_UIO: uio_fread requested=3 read=3
RUST_UIO: uio_fread requested=4 read=4
RUST_UIO: uio_fread requested=8 read=8
RUST_UIO: uio_fread requested=768 read=768
RUST_UIO: uio_fread requested=4 read=4
RUST_UIO: uio_fread requested=8 read=8
RUST_UIO: uio_fread requested=1 read=1
RUST_UIO: uio_fread requested=4 read=4
RUST_UIO: uio_fread requested=8 read=8
RUST_UIO: uio_fread requested=40 read=40
RUST_UIO: uio_fread requested=4 read=4
RUST_UIO: uio_fclose called
RUST_UIO: uio_fclose called
RUST_UIO: uio_stat called
RUST_UIO: uio_fopen entry
RUST_UIO: uio_fopen called
RUST_UIO: uio_fopen path="/Users/runner/work/_temp/s4-command-evidence/bundle/run-0/payloads/native-window.acceptance/inputs/content/base/ships/kohrah/marauder.txt" mode=rb
RUST_UIO: uio_fopen returning stream=0x600002d08100
RUST_UIO: uio_fclose called
RUST_UIO: uio_stat called
RUST_UIO: uio_fopen entry
RUST_UIO: uio_fopen called
RUST_UIO: uio_fopen path="/Users/runner/work/_temp/s4-command-evidence/bundle/run-0/payloads/native-window.acceptance/inputs/content/base/ships/androsynth/guardian-icons.ani" mode=rb
RUST_UIO: uio_fopen returning stream=0x600002d62040
RUST_UIO: uio_fread requested=4 read=4
RUST_UIO: uio_fopen entry
RUST_UIO: uio_fopen called
RUST_UIO: uio_fopen path="/Users/runner/work/_temp/s4-command-evidence/bundle/run-0/payloads/native-window.acceptance/inputs/content/base/ships/androsynth/guardian-icons-000.png" mode=rb
RUST_UIO: uio_fopen returning stream=0x600002d62ac0
RUST_UIO: uio_fread requested=8 read=8
RUST_UIO: uio_fread requested=8 read=8
RUST_UIO: uio_fread requested=13 read=13
RUST_UIO: uio_fread requested=4 read=4
RUST_UIO: uio_fread requested=8 read=8
RUST_UIO: uio_fread requested=3 read=3
RUST_UIO: uio_fread requested=4 read=4
RUST_UIO: uio_fread requested=8 read=8
RUST_UIO: uio_fread requested=768 read=768
RUST_UIO: uio_fread requested=4 read=4
RUST_UIO: uio_fread requested=8 read=8
RUST_UIO: uio_fread requested=1 read=1
RUST_UIO: uio_fread requested=4 read=4
RUST_UIO: uio_fread requested=8 read=8
RUST_UIO: uio_fread requested=54 read=54
RUST_UIO: uio_fread requested=4 read=4
RUST_UIO: uio_fclose called
RUST_UIO: uio_fopen entry
RUST_UIO: uio_fopen called
RUST_UIO: uio_fopen path="/Users/runner/work/_temp/s4-command-evidence/bundle/run-0/payloads/native-window.acceptance/inputs/content/base/ships/androsynth/guardian-icons-001.png" mode=rb
RUST_UIO: uio_fopen returning stream=0x600002d620c0
RUST_UIO: uio_fread requested=8 read=8
RUST_UIO: uio_fread requested=8 read=8
RUST_UIO: uio_fread requested=13 read=13
RUST_UIO: uio_fread requested=4 read=4
RUST_UIO: uio_fread requested=8 read=8
RUST_UIO: uio_fread requested=3 read=3
RUST_UIO: uio_fread requested=4 read=4
RUST_UIO: uio_fread requested=8 read=8
RUST_UIO: uio_fread requested=768 read=768
RUST_UIO: uio_fread requested=4 read=4
RUST_UIO: uio_fread requested=8 read=8
RUST_UIO: uio_fread requested=1 read=1
RUST_UIO: uio_fread requested=4 read=4
RUST_UIO: uio_fread requested=8 read=8
RUST_UIO: uio_fread requested=322 read=322
RUST_UIO: uio_fread requested=4 read=4
RUST_UIO: uio_fclose called
RUST_UIO: uio_fclose called
RUST_UIO: uio_stat called
RUST_UIO: uio_fopen entry
RUST_UIO: uio_fopen called
RUST_UIO: uio_fopen path="/Users/runner/work/_temp/s4-command-evidence/bundle/run-0/payloads/native-window.acceptance/inputs/content/base/ships/androsynth/guardian-meleeicons.ani" mode=rb
RUST_UIO: uio_fopen returning stream=0x600002d614c0
RUST_UIO: uio_fread requested=4 read=4
RUST_UIO: uio_fopen entry
RUST_UIO: uio_fopen called
RUST_UIO: uio_fopen path="/Users/runner/work/_temp/s4-command-evidence/bundle/run-0/payloads/native-window.acceptance/inputs/content/base/ships/androsynth/guardian-meleeicons-000.png" mode=rb
RUST_UIO: uio_fopen returning stream=0x600002d62600
RUST_UIO: uio_fread requested=8 read=8
RUST_UIO: uio_fread requested=8 read=8
RUST_UIO: uio_fread requested=13 read=13
RUST_UIO: uio_fread requested=4 read=4
RUST_UIO: uio_fread requested=8 read=8
RUST_UIO: uio_fread requested=3 read=3
RUST_UIO: uio_fread requested=4 read=4
RUST_UIO: uio_fread requested=8 read=8
RUST_UIO: uio_fread requested=768 read=768
RUST_UIO: uio_fread requested=4 read=4
RUST_UIO: uio_fread requested=8 read=8
RUST_UIO: uio_fread requested=1 read=1
RUST_UIO: uio_fread requested=4 read=4
RUST_UIO: uio_fread requested=8 read=8
RUST_UIO: uio_fread requested=111 read=111
RUST_UIO: uio_fread requested=4 read=4
RUST_UIO: uio_fclose called
RUST_UIO: uio_fopen entry
RUST_UIO: uio_fopen called
RUST_UIO: uio_fopen path="/Users/runner/work/_temp/s4-command-evidence/bundle/run-0/payloads/native-window.acceptance/inputs/content/base/ships/androsynth/guardian-meleeicons-001.png" mode=rb
RUST_UIO: uio_fopen returning stream=0x600002d62ac0
RUST_UIO: uio_fread requested=8 read=8
RUST_UIO: uio_fread requested=8 read=8
RUST_UIO: uio_fread requested=13 read=13
RUST_UIO: uio_fread requested=4 read=4
RUST_UIO: uio_fread requested=8 read=8
RUST_UIO: uio_fread requested=3 read=3
RUST_UIO: uio_fread requested=4 read=4
RUST_UIO: uio_fread requested=8 read=8
RUST_UIO: uio_fread requested=768 read=768
RUST_UIO: uio_fread requested=4 read=4
RUST_UIO: uio_fread requested=8 read=8
RUST_UIO: uio_fread requested=1 read=1
RUST_UIO: uio_fread requested=4 read=4
RUST_UIO: uio_fread requested=8 read=8
RUST_UIO: uio_fread requested=50 read=50
RUST_UIO: uio_fread requested=4 read=4
RUST_UIO: uio_fclose called
RUST_UIO: uio_fclose called
RUST_UIO: uio_stat called
RUST_UIO: uio_fopen entry
RUST_UIO: uio_fopen called
RUST_UIO: uio_fopen path="/Users/runner/work/_temp/s4-command-evidence/bundle/run-0/payloads/native-window.acceptance/inputs/content/base/ships/androsynth/guardian.txt" mode=rb
RUST_UIO: uio_fopen returning stream=0x600002d14040
RUST_UIO: uio_fclose called
RUST_UIO: uio_stat called
RUST_UIO: uio_fopen entry
RUST_UIO: uio_fopen called
RUST_UIO: uio_fopen path="/Users/runner/work/_temp/s4-command-evidence/bundle/run-0/payloads/native-window.acceptance/inputs/content/base/ships/chenjesu/broodhome-icons.ani" mode=rb
RUST_UIO: uio_fopen returning stream=0x600002d08180
RUST_UIO: uio_fread requested=4 read=4
RUST_UIO: uio_fopen entry
RUST_UIO: uio_fopen called
RUST_UIO: uio_fopen path="/Users/runner/work/_temp/s4-command-evidence/bundle/run-0/payloads/native-window.acceptance/inputs/content/base/ships/chenjesu/broodhome-icons-000.png" mode=rb
RUST_UIO: uio_fopen returning stream=0x600002d082c0
RUST_UIO: uio_fread requested=8 read=8
RUST_UIO: uio_fread requested=8 read=8
RUST_UIO: uio_fread requested=13 read=13
RUST_UIO: uio_fread requested=4 read=4
RUST_UIO: uio_fread requested=8 read=8
RUST_UIO: uio_fread requested=3 read=3
RUST_UIO: uio_fread requested=4 read=4
RUST_UIO: uio_fread requested=8 read=8
RUST_UIO: uio_fread requested=768 read=768
RUST_UIO: uio_fread requested=4 read=4
RUST_UIO: uio_fread requested=8 read=8
RUST_UIO: uio_fread requested=1 read=1
RUST_UIO: uio_fread requested=4 read=4
RUST_UIO: uio_fread requested=8 read=8
RUST_UIO: uio_fread requested=117 read=117
RUST_UIO: uio_fread requested=4 read=4
RUST_UIO: uio_fclose called
RUST_UIO: uio_fopen entry
RUST_UIO: uio_fopen called
RUST_UIO: uio_fopen path="/Users/runner/work/_temp/s4-command-evidence/bundle/run-0/payloads/native-window.acceptance/inputs/content/base/ships/chenjesu/broodhome-icons-001.png" mode=rb
RUST_UIO: uio_fopen returning stream=0x600002d083c0
RUST_UIO: uio_fread requested=8 read=8
RUST_UIO: uio_fread requested=8 read=8
RUST_UIO: uio_fread requested=13 read=13
RUST_UIO: uio_fread requested=4 read=4
RUST_UIO: uio_fread requested=8 read=8
RUST_UIO: uio_fread requested=3 read=3
RUST_UIO: uio_fread requested=4 read=4
RUST_UIO: uio_fread requested=8 read=8
RUST_UIO: uio_fread requested=768 read=768
RUST_UIO: uio_fread requested=4 read=4
RUST_UIO: uio_fread requested=8 read=8
RUST_UIO: uio_fread requested=1 read=1
RUST_UIO: uio_fread requested=4 read=4
RUST_UIO: uio_fread requested=8 read=8
RUST_UIO: uio_fread requested=396 read=396
RUST_UIO: uio_fread requested=4 read=4
RUST_UIO: uio_fclose called
RUST_UIO: uio_fclose called
RUST_UIO: uio_stat called
RUST_UIO: uio_fopen entry
RUST_UIO: uio_fopen called
RUST_UIO: uio_fopen path="/Users/runner/work/_temp/s4-command-evidence/bundle/run-0/payloads/native-window.acceptance/inputs/content/base/ships/chenjesu/broodhome-meleeicons.ani" mode=rb
RUST_UIO: uio_fopen returning stream=0x600002d080c0
RUST_UIO: uio_fread requested=4 read=4
RUST_UIO: uio_fopen entry
RUST_UIO: uio_fopen called
RUST_UIO: uio_fopen path="/Users/runner/work/_temp/s4-command-evidence/bundle/run-0/payloads/native-window.acceptance/inputs/content/base/ships/chenjesu/broodhome-meleeicons-000.png" mode=rb
RUST_UIO: uio_fopen returning stream=0x600002d082c0
RUST_UIO: uio_fread requested=8 read=8
RUST_UIO: uio_fread requested=8 read=8
RUST_UIO: uio_fread requested=13 read=13
RUST_UIO: uio_fread requested=4 read=4
RUST_UIO: uio_fread requested=8 read=8
RUST_UIO: uio_fread requested=3 read=3
RUST_UIO: uio_fread requested=4 read=4
RUST_UIO: uio_fread requested=8 read=8
RUST_UIO: uio_fread requested=768 read=768
RUST_UIO: uio_fread requested=4 read=4
RUST_UIO: uio_fread requested=8 read=8
RUST_UIO: uio_fread requested=1 read=1
RUST_UIO: uio_fread requested=4 read=4
RUST_UIO: uio_fread requested=8 read=8
RUST_UIO: uio_fread requested=270 read=270
RUST_UIO: uio_fread requested=4 read=4
RUST_UIO: uio_fclose called
RUST_UIO: uio_fopen entry
RUST_UIO: uio_fopen called
RUST_UIO: uio_fopen path="/Users/runner/work/_temp/s4-command-evidence/bundle/run-0/payloads/native-window.acceptance/inputs/content/base/ships/chenjesu/broodhome-meleeicons-001.png" mode=rb
RUST_UIO: uio_fopen returning stream=0x600002d082c0
RUST_UIO: uio_fread requested=8 read=8
RUST_UIO: uio_fread requested=8 read=8
RUST_UIO: uio_fread requested=13 read=13
RUST_UIO: uio_fread requested=4 read=4
RUST_UIO: uio_fread requested=8 read=8
RUST_UIO: uio_fread requested=3 read=3
RUST_UIO: uio_fread requested=4 read=4
RUST_UIO: uio_fread requested=8 read=8
RUST_UIO: uio_fread requested=768 read=768
RUST_UIO: uio_fread requested=4 read=4
RUST_UIO: uio_fread requested=8 read=8
RUST_UIO: uio_fread requested=1 read=1
RUST_UIO: uio_fread requested=4 read=4
RUST_UIO: uio_fread requested=8 read=8
RUST_UIO: uio_fread requested=54 read=54
RUST_UIO: uio_fread requested=4 read=4
RUST_UIO: uio_fclose called
RUST_UIO: uio_fclose called
RUST_UIO: uio_stat called
RUST_UIO: uio_fopen entry
RUST_UIO: uio_fopen called
RUST_UIO: uio_fopen path="/Users/runner/work/_temp/s4-command-evidence/bundle/run-0/payloads/native-window.acceptance/inputs/content/base/ships/chenjesu/broodhome.txt" mode=rb
RUST_UIO: uio_fopen returning stream=0x600002d08180
RUST_UIO: uio_fclose called
RUST_UIO: uio_stat called
RUST_UIO: uio_fopen entry
RUST_UIO: uio_fopen called
RUST_UIO: uio_fopen path="/Users/runner/work/_temp/s4-command-evidence/bundle/run-0/payloads/native-window.acceptance/inputs/content/base/ships/mmrnmhrm/xform-icons.ani" mode=rb
RUST_UIO: uio_fopen returning stream=0x600002d080c0
RUST_UIO: uio_fread requested=4 read=4
RUST_UIO: uio_fopen entry
RUST_UIO: uio_fopen called
RUST_UIO: uio_fopen path="/Users/runner/work/_temp/s4-command-evidence/bundle/run-0/payloads/native-window.acceptance/inputs/content/base/ships/mmrnmhrm/xform-icons-000.png" mode=rb
RUST_UIO: uio_fopen returning stream=0x600002d08700
RUST_UIO: uio_fread requested=8 read=8
RUST_UIO: uio_fread requested=8 read=8
RUST_UIO: uio_fread requested=13 read=13
RUST_UIO: uio_fread requested=4 read=4
RUST_UIO: uio_fread requested=8 read=8
RUST_UIO: uio_fread requested=3 read=3
RUST_UIO: uio_fread requested=4 read=4
RUST_UIO: uio_fread requested=8 read=8
RUST_UIO: uio_fread requested=768 read=768
RUST_UIO: uio_fread requested=4 read=4
RUST_UIO: uio_fread requested=8 read=8
RUST_UIO: uio_fread requested=1 read=1
RUST_UIO: uio_fread requested=4 read=4
RUST_UIO: uio_fread requested=8 read=8
RUST_UIO: uio_fread requested=96 read=96
RUST_UIO: uio_fread requested=4 read=4
RUST_UIO: uio_fclose called
RUST_UIO: uio_fopen entry
RUST_UIO: uio_fopen called
RUST_UIO: uio_fopen path="/Users/runner/work/_temp/s4-command-evidence/bundle/run-0/payloads/native-window.acceptance/inputs/content/base/ships/mmrnmhrm/xform-icons-001.png" mode=rb
RUST_UIO: uio_fopen returning stream=0x600002d08540
RUST_UIO: uio_fread requested=8 read=8
RUST_UIO: uio_fread requested=8 read=8
RUST_UIO: uio_fread requested=13 read=13
RUST_UIO: uio_fread requested=4 read=4
RUST_UIO: uio_fread requested=8 read=8
RUST_UIO: uio_fread requested=3 read=3
RUST_UIO: uio_fread requested=4 read=4
RUST_UIO: uio_fread requested=8 read=8
RUST_UIO: uio_fread requested=768 read=768
RUST_UIO: uio_fread requested=4 read=4
RUST_UIO: uio_fread requested=8 read=8
RUST_UIO: uio_fread requested=1 read=1
RUST_UIO: uio_fread requested=4 read=4
RUST_UIO: uio_fread requested=8 read=8
RUST_UIO: uio_fread requested=344 read=344
RUST_UIO: uio_fread requested=4 read=4
RUST_UIO: uio_fclose called
RUST_UIO: uio_fclose called
RUST_UIO: uio_stat called
RUST_UIO: uio_fopen entry
RUST_UIO: uio_fopen called
RUST_UIO: uio_fopen path="/Users/runner/work/_temp/s4-command-evidence/bundle/run-0/payloads/native-window.acceptance/inputs/content/base/ships/mmrnmhrm/xform-meleeicons.ani" mode=rb
RUST_UIO: uio_fopen returning stream=0x600002d08100
RUST_UIO: uio_fread requested=4 read=4
RUST_UIO: uio_fopen entry
RUST_UIO: uio_fopen called
RUST_UIO: uio_fopen path="/Users/runner/work/_temp/s4-command-evidence/bundle/run-0/payloads/native-window.acceptance/inputs/content/base/ships/mmrnmhrm/xform-meleeicons-000.png" mode=rb
RUST_UIO: uio_fopen returning stream=0x600002d088c0
RUST_UIO: uio_fread requested=8 read=8
RUST_UIO: uio_fread requested=8 read=8
RUST_UIO: uio_fread requested=13 read=13
RUST_UIO: uio_fread requested=4 read=4
RUST_UIO: uio_fread requested=8 read=8
RUST_UIO: uio_fread requested=3 read=3
RUST_UIO: uio_fread requested=4 read=4
RUST_UIO: uio_fread requested=8 read=8
RUST_UIO: uio_fread requested=768 read=768
RUST_UIO: uio_fread requested=4 read=4
RUST_UIO: uio_fread requested=8 read=8
RUST_UIO: uio_fread requested=1 read=1
RUST_UIO: uio_fread requested=4 read=4
RUST_UIO: uio_fread requested=8 read=8
RUST_UIO: uio_fread requested=221 read=221
RUST_UIO: uio_fread requested=4 read=4
RUST_UIO: uio_fclose called
RUST_UIO: uio_fopen entry
RUST_UIO: uio_fopen called
RUST_UIO: uio_fopen path="/Users/runner/work/_temp/s4-command-evidence/bundle/run-0/payloads/native-window.acceptance/inputs/content/base/ships/mmrnmhrm/xform-meleeicons-001.png" mode=rb
RUST_UIO: uio_fopen returning stream=0x600002d08700
RUST_UIO: uio_fread requested=8 read=8
RUST_UIO: uio_fread requested=8 read=8
RUST_UIO: uio_fread requested=13 read=13
RUST_UIO: uio_fread requested=4 read=4
RUST_UIO: uio_fread requested=8 read=8
RUST_UIO: uio_fread requested=3 read=3
RUST_UIO: uio_fread requested=4 read=4
RUST_UIO: uio_fread requested=8 read=8
RUST_UIO: uio_fread requested=768 read=768
RUST_UIO: uio_fread requested=4 read=4
RUST_UIO: uio_fread requested=8 read=8
RUST_UIO: uio_fread requested=1 read=1
RUST_UIO: uio_fread requested=4 read=4
RUST_UIO: uio_fread requested=8 read=8
RUST_UIO: uio_fread requested=52 read=52
RUST_UIO: uio_fread requested=4 read=4
RUST_UIO: uio_fclose called
RUST_UIO: uio_fclose called
RUST_UIO: uio_stat called
RUST_UIO: uio_fopen entry
RUST_UIO: uio_fopen called
RUST_UIO: uio_fopen path="/Users/runner/work/_temp/s4-command-evidence/bundle/run-0/payloads/native-window.acceptance/inputs/content/base/ships/mmrnmhrm/xform.txt" mode=rb
RUST_UIO: uio_fopen returning stream=0x600002d08100
RUST_UIO: uio_fclose called
RUST_UIO: uio_stat called
RUST_UIO: uio_openDirRelative called
RUST_UIO: uio_openDirRelative: base="/Users/runner/work/_temp/s4-command-evidence/bundle/run-0/payloads/native-window.acceptance/./inputs/content" path="base/fonts/starcon.fon" (is_absolute=false)
RUST_UIO: uio_openDirRelative: joined "/Users/runner/work/_temp/s4-command-evidence/bundle/run-0/payloads/native-window.acceptance/./inputs/content" + "base/fonts/starcon.fon" = "/Users/runner/work/_temp/s4-command-evidence/bundle/run-0/payloads/native-window.acceptance/inputs/content/base/fonts/starcon.fon"
RUST_UIO: resolve_mount_path input: "/Users/runner/work/_temp/s4-command-evidence/bundle/run-0/payloads/native-window.acceptance/inputs/content/base/fonts/starcon.fon"
RUST_UIO: path "/Users/runner/work/_temp/s4-command-evidence/bundle/run-0/payloads/native-window.acceptance/inputs/content/base/fonts/starcon.fon" already resolved to filesystem path
RUST_UIO: uio_getDirList called: dir=0x600001c43360 path=0x102a63b4e pattern=0x102a5f8bf
RUST_UIO: uio_getDirList: dir_virtual="/base/fonts/starcon.fon" rel_path=""
RUST_UIO: uio_getDirList: virtual_path="/base/fonts/starcon.fon" pattern='.' matchType=3
RUST_UIO: uio_getDirList: checking stdio mount '/' at host_path="/Users/runner/work/_temp/s4-command-evidence/bundle/run-0/payloads/native-window.acceptance/./inputs/content/base/fonts/starcon.fon"
RUST_UIO: uio_getDirList: checking stdio mount '/' at host_path="/Users/runner/work/_temp/s4-command-evidence/bundle/run-0/payloads/native-window.acceptance/./config/base/fonts/starcon.fon"
RUST_UIO: uio_getDirList: ZIP mount '/' returned 95 entries for "base/fonts/starcon.fon"
RUST_UIO: uio_getDirList: 95 matches for pattern '.' in "/base/fonts/starcon.fon"
RUST_UIO: uio_stat called
RUST_UIO: uio_stat called
RUST_UIO: uio_stat called
RUST_UIO: uio_stat called
RUST_UIO: uio_stat called
RUST_UIO: uio_stat called
RUST_UIO: uio_stat called
RUST_UIO: uio_stat called
RUST_UIO: uio_stat called
RUST_UIO: uio_stat called
RUST_UIO: uio_stat called
RUST_UIO: uio_stat called
RUST_UIO: uio_stat called
RUST_UIO: uio_stat called
RUST_UIO: uio_stat called
RUST_UIO: uio_stat called
RUST_UIO: uio_stat called
RUST_UIO: uio_stat called
RUST_UIO: uio_stat called
RUST_UIO: uio_stat called
RUST_UIO: uio_stat called
RUST_UIO: uio_stat called
RUST_UIO: uio_stat called
RUST_UIO: uio_stat called
RUST_UIO: uio_stat called
RUST_UIO: uio_stat called
RUST_UIO: uio_stat called
RUST_UIO: uio_stat called
RUST_UIO: uio_stat called
RUST_UIO: uio_stat called
RUST_UIO: uio_stat called
RUST_UIO: uio_stat called
RUST_UIO: uio_stat called
RUST_UIO: uio_stat called
RUST_UIO: uio_stat called
RUST_UIO: uio_stat called
RUST_UIO: uio_stat called
RUST_UIO: uio_stat called
RUST_UIO: uio_stat called
RUST_UIO: uio_stat called
RUST_UIO: uio_stat called
RUST_UIO: uio_stat called
RUST_UIO: uio_stat called
RUST_UIO: uio_stat called
RUST_UIO: uio_stat called
RUST_UIO: uio_stat called
RUST_UIO: uio_stat called
RUST_UIO: uio_stat called
RUST_UIO: uio_stat called
RUST_UIO: uio_stat called
RUST_UIO: uio_stat called
RUST_UIO: uio_stat called
RUST_UIO: uio_stat called
RUST_UIO: uio_stat called
RUST_UIO: uio_stat called
RUST_UIO: uio_stat called
RUST_UIO: uio_stat called
RUST_UIO: uio_stat called
RUST_UIO: uio_stat called
RUST_UIO: uio_stat called
RUST_UIO: uio_stat called
RUST_UIO: uio_stat called
RUST_UIO: uio_stat called
RUST_UIO: uio_stat called
RUST_UIO: uio_stat called
RUST_UIO: uio_stat called
RUST_UIO: uio_stat called
RUST_UIO: uio_stat called
RUST_UIO: uio_stat called
RUST_UIO: uio_stat called
RUST_UIO: uio_stat called
RUST_UIO: uio_stat called
RUST_UIO: uio_stat called
RUST_UIO: uio_stat called
RUST_UIO: uio_stat called
RUST_UIO: uio_stat called
RUST_UIO: uio_stat called
RUST_UIO: uio_stat called
RUST_UIO: uio_stat called
RUST_UIO: uio_stat called
RUST_UIO: uio_stat called
RUST_UIO: uio_stat called
RUST_UIO: uio_stat called
RUST_UIO: uio_stat called
RUST_UIO: uio_stat called
RUST_UIO: uio_stat called
RUST_UIO: uio_stat called
RUST_UIO: uio_stat called
RUST_UIO: uio_stat called
RUST_UIO: uio_stat called
RUST_UIO: uio_stat called
RUST_UIO: uio_stat called
RUST_UIO: uio_stat called
RUST_UIO: uio_stat called
RUST_UIO: uio_stat called
RUST_UIO: uio_closeDir called
RUST_UIO: uio_DirList_free called
RUST_UIO: uio_openDirRelative called
RUST_UIO: uio_openDirRelative: base="/Users/runner/work/_temp/s4-command-evidence/bundle/run-0/payloads/native-window.acceptance/./inputs/content" path="base/fonts/starcon.fon" (is_absolute=false)
RUST_UIO: uio_openDirRelative: joined "/Users/runner/work/_temp/s4-command-evidence/bundle/run-0/payloads/native-window.acceptance/./inputs/content" + "base/fonts/starcon.fon" = "/Users/runner/work/_temp/s4-command-evidence/bundle/run-0/payloads/native-window.acceptance/inputs/content/base/fonts/starcon.fon"
RUST_UIO: resolve_mount_path input: "/Users/runner/work/_temp/s4-command-evidence/bundle/run-0/payloads/native-window.acceptance/inputs/content/base/fonts/starcon.fon"
RUST_UIO: path "/Users/runner/work/_temp/s4-command-evidence/bundle/run-0/payloads/native-window.acceptance/inputs/content/base/fonts/starcon.fon" already resolved to filesystem path
RUST_UIO: uio_fopen entry
RUST_UIO: uio_fopen called
RUST_UIO: uio_fopen path="/Users/runner/work/_temp/s4-command-evidence/bundle/run-0/payloads/native-window.acceptance/inputs/content/base/fonts/starcon.fon/00052.png" mode=rb
RUST_UIO: uio_fopen returning stream=0x600002d14180
RUST_UIO: uio_fread requested=8 read=8
RUST_UIO: uio_fread requested=8 read=8
RUST_UIO: uio_fread requested=13 read=13
RUST_UIO: uio_fread requested=4 read=4
RUST_UIO: uio_fread requested=8 read=8
RUST_UIO: uio_fread requested=63 read=63
RUST_UIO: uio_fread requested=4 read=4
RUST_UIO: uio_fread requested=8 read=8
RUST_UIO: uio_fread requested=14 read=14
RUST_UIO: uio_fread requested=4 read=4
RUST_UIO: uio_fread requested=8 read=8
RUST_UIO: uio_fread requested=18 read=18
RUST_UIO: uio_fread requested=4 read=4
RUST_UIO: uio_fread requested=8 read=8
RUST_UIO: uio_fread requested=57 read=57
RUST_UIO: uio_fread requested=4 read=4
RUST_UIO: uio_fclose called
RUST_UIO: uio_fopen entry
RUST_UIO: uio_fopen called
RUST_UIO: uio_fopen path="/Users/runner/work/_temp/s4-command-evidence/bundle/run-0/payloads/native-window.acceptance/inputs/content/base/fonts/starcon.fon/00046.png" mode=rb
RUST_UIO: uio_fopen returning stream=0x600002d14040
RUST_UIO: uio_fread requested=8 read=8
RUST_UIO: uio_fread requested=8 read=8
RUST_UIO: uio_fread requested=13 read=13
RUST_UIO: uio_fread requested=4 read=4
RUST_UIO: uio_fread requested=8 read=8
RUST_UIO: uio_fread requested=63 read=63
RUST_UIO: uio_fread requested=4 read=4
RUST_UIO: uio_fread requested=8 read=8
RUST_UIO: uio_fread requested=14 read=14
RUST_UIO: uio_fread requested=4 read=4
RUST_UIO: uio_fread requested=8 read=8
RUST_UIO: uio_fread requested=18 read=18
RUST_UIO: uio_fread requested=4 read=4
RUST_UIO: uio_fread requested=8 read=8
RUST_UIO: uio_fread requested=39 read=39
RUST_UIO: uio_fread requested=4 read=4
RUST_UIO: uio_fclose called
RUST_UIO: uio_fopen entry
RUST_UIO: uio_fopen called
RUST_UIO: uio_fopen path="/Users/runner/work/_temp/s4-command-evidence/bundle/run-0/payloads/native-window.acceptance/inputs/content/base/fonts/starcon.fon/0005d.png" mode=rb
RUST_UIO: uio_fopen returning stream=0x600002d14180
RUST_UIO: uio_fread requested=8 read=8
RUST_UIO: uio_fread requested=8 read=8
RUST_UIO: uio_fread requested=13 read=13
RUST_UIO: uio_fread requested=4 read=4
RUST_UIO: uio_fread requested=8 read=8
RUST_UIO: uio_fread requested=63 read=63
RUST_UIO: uio_fread requested=4 read=4
RUST_UIO: uio_fread requested=8 read=8
RUST_UIO: uio_fread requested=14 read=14
RUST_UIO: uio_fread requested=4 read=4
RUST_UIO: uio_fread requested=8 read=8
RUST_UIO: uio_fread requested=18 read=18
RUST_UIO: uio_fread requested=4 read=4
RUST_UIO: uio_fread requested=8 read=8
RUST_UIO: uio_fread requested=33 read=33
RUST_UIO: uio_fread requested=4 read=4
RUST_UIO: uio_fclose called
RUST_UIO: uio_fopen entry
RUST_UIO: uio_fopen called
RUST_UIO: uio_fopen path="/Users/runner/work/_temp/s4-command-evidence/bundle/run-0/payloads/native-window.acceptance/inputs/content/base/fonts/starcon.fon/0004a.png" mode=rb
RUST_UIO: uio_fopen returning stream=0x600002d08ac0
RUST_UIO: uio_fread requested=8 read=8
RUST_UIO: uio_fread requested=8 read=8
RUST_UIO: uio_fread requested=13 read=13
RUST_UIO: uio_fread requested=4 read=4
RUST_UIO: uio_fread requested=8 read=8
RUST_UIO: uio_fread requested=63 read=63
RUST_UIO: uio_fread requested=4 read=4
RUST_UIO: uio_fread requested=8 read=8
RUST_UIO: uio_fread requested=14 read=14
RUST_UIO: uio_fread requested=4 read=4
RUST_UIO: uio_fread requested=8 read=8
RUST_UIO: uio_fread requested=18 read=18
RUST_UIO: uio_fread requested=4 read=4
RUST_UIO: uio_fread requested=8 read=8
RUST_UIO: uio_fread requested=38 read=38
RUST_UIO: uio_fread requested=4 read=4
RUST_UIO: uio_fclose called
RUST_UIO: uio_fopen entry
RUST_UIO: uio_fopen called
RUST_UIO: uio_fopen path="/Users/runner/work/_temp/s4-command-evidence/bundle/run-0/payloads/native-window.acceptance/inputs/content/base/fonts/starcon.fon/0005e.png" mode=rb
RUST_UIO: uio_fopen returning stream=0x600002d08a80
RUST_UIO: uio_fread requested=8 read=8
RUST_UIO: uio_fread requested=8 read=8
RUST_UIO: uio_fread requested=13 read=13
RUST_UIO: uio_fread requested=4 read=4
RUST_UIO: uio_fread requested=8 read=8
RUST_UIO: uio_fread requested=63 read=63
RUST_UIO: uio_fread requested=4 read=4
RUST_UIO: uio_fread requested=8 read=8
RUST_UIO: uio_fread requested=14 read=14
RUST_UIO: uio_fread requested=4 read=4
RUST_UIO: uio_fread requested=8 read=8
RUST_UIO: uio_fread requested=18 read=18
RUST_UIO: uio_fread requested=4 read=4
RUST_UIO: uio_fread requested=8 read=8
RUST_UIO: uio_fread requested=26 read=26
RUST_UIO: uio_fread requested=4 read=4
RUST_UIO: uio_fclose called
RUST_UIO: uio_fopen entry
RUST_UIO: uio_fopen called
RUST_UIO: uio_fopen path="/Users/runner/work/_temp/s4-command-evidence/bundle/run-0/payloads/native-window.acceptance/inputs/content/base/fonts/starcon.fon/00047.png" mode=rb
RUST_UIO: uio_fopen returning stream=0x600002d08ac0
RUST_UIO: uio_fread requested=8 read=8
RUST_UIO: uio_fread requested=8 read=8
RUST_UIO: uio_fread requested=13 read=13
RUST_UIO: uio_fread requested=4 read=4
RUST_UIO: uio_fread requested=8 read=8
RUST_UIO: uio_fread requested=63 read=63
RUST_UIO: uio_fread requested=4 read=4
RUST_UIO: uio_fread requested=8 read=8
RUST_UIO: uio_fread requested=14 read=14
RUST_UIO: uio_fread requested=4 read=4
RUST_UIO: uio_fread requested=8 read=8
RUST_UIO: uio_fread requested=18 read=18
RUST_UIO: uio_fread requested=4 read=4
RUST_UIO: uio_fread requested=8 read=8
RUST_UIO: uio_fread requested=51 read=51
RUST_UIO: uio_fread requested=4 read=4
RUST_UIO: uio_fclose called
RUST_UIO: uio_fopen entry
RUST_UIO: uio_fopen called
RUST_UIO: uio_fopen path="/Users/runner/work/_temp/s4-command-evidence/bundle/run-0/payloads/native-window.acceptance/inputs/content/base/fonts/starcon.fon/00053.png" mode=rb
RUST_UIO: uio_fopen returning stream=0x600002d08a80
RUST_UIO: uio_fread requested=8 read=8
RUST_UIO: uio_fread requested=8 read=8
RUST_UIO: uio_fread requested=13 read=13
RUST_UIO: uio_fread requested=4 read=4
RUST_UIO: uio_fread requested=8 read=8
RUST_UIO: uio_fread requested=63 read=63
RUST_UIO: uio_fread requested=4 read=4
RUST_UIO: uio_fread requested=8 read=8
RUST_UIO: uio_fread requested=14 read=14
RUST_UIO: uio_fread requested=4 read=4
RUST_UIO: uio_fread requested=8 read=8
RUST_UIO: uio_fread requested=18 read=18
RUST_UIO: uio_fread requested=4 read=4
RUST_UIO: uio_fread requested=8 read=8
RUST_UIO: uio_fread requested=49 read=49
RUST_UIO: uio_fread requested=4 read=4
RUST_UIO: uio_fclose called
RUST_UIO: uio_fopen entry
RUST_UIO: uio_fopen called
RUST_UIO: uio_fopen path="/Users/runner/work/_temp/s4-command-evidence/bundle/run-0/payloads/native-window.acceptance/inputs/content/base/fonts/starcon.fon/00045.png" mode=rb
RUST_UIO: uio_fopen returning stream=0x600002d08ac0
RUST_UIO: uio_fread requested=8 read=8
RUST_UIO: uio_fread requested=8 read=8
RUST_UIO: uio_fread requested=13 read=13
RUST_UIO: uio_fread requested=4 read=4
RUST_UIO: uio_fread requested=8 read=8
RUST_UIO: uio_fread requested=63 read=63
RUST_UIO: uio_fread requested=4 read=4
RUST_UIO: uio_fread requested=8 read=8
RUST_UIO: uio_fread requested=14 read=14
RUST_UIO: uio_fread requested=4 read=4
RUST_UIO: uio_fread requested=8 read=8
RUST_UIO: uio_fread requested=18 read=18
RUST_UIO: uio_fread requested=4 read=4
RUST_UIO: uio_fread requested=8 read=8
RUST_UIO: uio_fread requested=37 read=37
RUST_UIO: uio_fread requested=4 read=4
RUST_UIO: uio_fclose called
RUST_UIO: uio_fopen entry
RUST_UIO: uio_fopen called
RUST_UIO: uio_fopen path="/Users/runner/work/_temp/s4-command-evidence/bundle/run-0/payloads/native-window.acceptance/inputs/content/base/fonts/starcon.fon/00051.png" mode=rb
RUST_UIO: uio_fopen returning stream=0x600002d08a80
RUST_UIO: uio_fread requested=8 read=8
RUST_UIO: uio_fread requested=8 read=8
RUST_UIO: uio_fread requested=13 read=13
RUST_UIO: uio_fread requested=4 read=4
RUST_UIO: uio_fread requested=8 read=8
RUST_UIO: uio_fread requested=63 read=63
RUST_UIO: uio_fread requested=4 read=4
RUST_UIO: uio_fread requested=8 read=8
RUST_UIO: uio_fread requested=14 read=14
RUST_UIO: uio_fread requested=4 read=4
RUST_UIO: uio_fread requested=8 read=8
RUST_UIO: uio_fread requested=18 read=18
RUST_UIO: uio_fread requested=4 read=4
RUST_UIO: uio_fread requested=8 read=8
RUST_UIO: uio_fread requested=50 read=50
RUST_UIO: uio_fread requested=4 read=4
RUST_UIO: uio_fclose called
RUST_UIO: uio_fopen entry
RUST_UIO: uio_fopen called
RUST_UIO: uio_fopen path="/Users/runner/work/_temp/s4-command-evidence/bundle/run-0/payloads/native-window.acceptance/inputs/content/base/fonts/starcon.fon/0004c.png" mode=rb
RUST_UIO: uio_fopen returning stream=0x600002d08ac0
RUST_UIO: uio_fread requested=8 read=8
RUST_UIO: uio_fread requested=8 read=8
RUST_UIO: uio_fread requested=13 read=13
RUST_UIO: uio_fread requested=4 read=4
RUST_UIO: uio_fread requested=8 read=8
RUST_UIO: uio_fread requested=63 read=63
RUST_UIO: uio_fread requested=4 read=4
RUST_UIO: uio_fread requested=8 read=8
RUST_UIO: uio_fread requested=14 read=14
RUST_UIO: uio_fread requested=4 read=4
RUST_UIO: uio_fread requested=8 read=8
RUST_UIO: uio_fread requested=18 read=18
RUST_UIO: uio_fread requested=4 read=4
RUST_UIO: uio_fread requested=8 read=8
RUST_UIO: uio_fread requested=27 read=27
RUST_UIO: uio_fread requested=4 read=4
RUST_UIO: uio_fclose called
RUST_UIO: uio_fopen entry
RUST_UIO: uio_fopen called
RUST_UIO: uio_fopen path="/Users/runner/work/_temp/s4-command-evidence/bundle/run-0/payloads/native-window.acceptance/inputs/content/base/fonts/starcon.fon/00079.png" mode=rb
RUST_UIO: uio_fopen returning stream=0x600002d08a80
RUST_UIO: uio_fread requested=8 read=8
RUST_UIO: uio_fread requested=8 read=8
RUST_UIO: uio_fread requested=13 read=13
RUST_UIO: uio_fread requested=4 read=4
RUST_UIO: uio_fread requested=8 read=8
RUST_UIO: uio_fread requested=63 read=63
RUST_UIO: uio_fread requested=4 read=4
RUST_UIO: uio_fread requested=8 read=8
RUST_UIO: uio_fread requested=14 read=14
RUST_UIO: uio_fread requested=4 read=4
RUST_UIO: uio_fread requested=8 read=8
RUST_UIO: uio_fread requested=18 read=18
RUST_UIO: uio_fread requested=4 read=4
RUST_UIO: uio_fread requested=8 read=8
RUST_UIO: uio_fread requested=30 read=30
RUST_UIO: uio_fread requested=4 read=4
RUST_UIO: uio_fclose called
RUST_UIO: uio_fopen entry
RUST_UIO: uio_fopen called
RUST_UIO: uio_fopen path="/Users/runner/work/_temp/s4-command-evidence/bundle/run-0/payloads/native-window.acceptance/inputs/content/base/fonts/starcon.fon/0005f.png" mode=rb
RUST_UIO: uio_fopen returning stream=0x600002d08ac0
RUST_UIO: uio_fread requested=8 read=8
RUST_UIO: uio_fread requested=8 read=8
RUST_UIO: uio_fread requested=13 read=13
RUST_UIO: uio_fread requested=4 read=4
RUST_UIO: uio_fread requested=8 read=8
RUST_UIO: uio_fread requested=63 read=63
RUST_UIO: uio_fread requested=4 read=4
RUST_UIO: uio_fread requested=8 read=8
RUST_UIO: uio_fread requested=14 read=14
RUST_UIO: uio_fread requested=4 read=4
RUST_UIO: uio_fread requested=8 read=8
RUST_UIO: uio_fread requested=18 read=18
RUST_UIO: uio_fread requested=4 read=4
RUST_UIO: uio_fread requested=8 read=8
RUST_UIO: uio_fread requested=20 read=20
RUST_UIO: uio_fread requested=4 read=4
RUST_UIO: uio_fclose called
RUST_UIO: uio_fopen entry
RUST_UIO: uio_fopen called
RUST_UIO: uio_fopen path="/Users/runner/work/_temp/s4-command-evidence/bundle/run-0/payloads/native-window.acceptance/inputs/content/base/fonts/starcon.fon/00078.png" mode=rb
RUST_UIO: uio_fopen returning stream=0x600002d08a80
RUST_UIO: uio_fread requested=8 read=8
RUST_UIO: uio_fread requested=8 read=8
RUST_UIO: uio_fread requested=13 read=13
RUST_UIO: uio_fread requested=4 read=4
RUST_UIO: uio_fread requested=8 read=8
RUST_UIO: uio_fread requested=63 read=63
RUST_UIO: uio_fread requested=4 read=4
RUST_UIO: uio_fread requested=8 read=8
RUST_UIO: uio_fread requested=14 read=14
RUST_UIO: uio_fread requested=4 read=4
RUST_UIO: uio_fread requested=8 read=8
RUST_UIO: uio_fread requested=18 read=18
RUST_UIO: uio_fread requested=4 read=4
RUST_UIO: uio_fread requested=8 read=8
RUST_UIO: uio_fread requested=31 read=31
RUST_UIO: uio_fread requested=4 read=4
RUST_UIO: uio_fclose called
RUST_UIO: uio_fopen entry
RUST_UIO: uio_fopen called
RUST_UIO: uio_fopen path="/Users/runner/work/_temp/s4-command-evidence/bundle/run-0/payloads/native-window.acceptance/inputs/content/base/fonts/starcon.fon/0004b.png" mode=rb
RUST_UIO: uio_fopen returning stream=0x600002d08ac0
RUST_UIO: uio_fread requested=8 read=8
RUST_UIO: uio_fread requested=8 read=8
RUST_UIO: uio_fread requested=13 read=13
RUST_UIO: uio_fread requested=4 read=4
RUST_UIO: uio_fread requested=8 read=8
RUST_UIO: uio_fread requested=63 read=63
RUST_UIO: uio_fread requested=4 read=4
RUST_UIO: uio_fread requested=8 read=8
RUST_UIO: uio_fread requested=14 read=14
RUST_UIO: uio_fread requested=4 read=4
RUST_UIO: uio_fread requested=8 read=8
RUST_UIO: uio_fread requested=18 read=18
RUST_UIO: uio_fread requested=4 read=4
RUST_UIO: uio_fread requested=8 read=8
RUST_UIO: uio_fread requested=48 read=48
RUST_UIO: uio_fread requested=4 read=4
RUST_UIO: uio_fclose called
RUST_UIO: uio_fopen entry
RUST_UIO: uio_fopen called
RUST_UIO: uio_fopen path="/Users/runner/work/_temp/s4-command-evidence/bundle/run-0/payloads/native-window.acceptance/inputs/content/base/fonts/starcon.fon/00050.png" mode=rb
RUST_UIO: uio_fopen returning stream=0x600002d08a80
RUST_UIO: uio_fread requested=8 read=8
RUST_UIO: uio_fread requested=8 read=8
RUST_UIO: uio_fread requested=13 read=13
RUST_UIO: uio_fread requested=4 read=4
RUST_UIO: uio_fread requested=8 read=8
RUST_UIO: uio_fread requested=63 read=63
RUST_UIO: uio_fread requested=4 read=4
RUST_UIO: uio_fread requested=8 read=8
RUST_UIO: uio_fread requested=14 read=14
RUST_UIO: uio_fread requested=4 read=4
RUST_UIO: uio_fread requested=8 read=8
RUST_UIO: uio_fread requested=18 read=18
RUST_UIO: uio_fread requested=4 read=4
RUST_UIO: uio_fread requested=8 read=8
RUST_UIO: uio_fread requested=53 read=53
RUST_UIO: uio_fread requested=4 read=4
RUST_UIO: uio_fclose called
RUST_UIO: uio_fopen entry
RUST_UIO: uio_fopen called
RUST_UIO: uio_fopen path="/Users/runner/work/_temp/s4-command-evidence/bundle/run-0/payloads/native-window.acceptance/inputs/content/base/fonts/starcon.fon/00044.png" mode=rb
RUST_UIO: uio_fopen returning stream=0x600002d08ac0
RUST_UIO: uio_fread requested=8 read=8
RUST_UIO: uio_fread requested=8 read=8
RUST_UIO: uio_fread requested=13 read=13
RUST_UIO: uio_fread requested=4 read=4
RUST_UIO: uio_fread requested=8 read=8
RUST_UIO: uio_fread requested=63 read=63
RUST_UIO: uio_fread requested=4 read=4
RUST_UIO: uio_fread requested=8 read=8
RUST_UIO: uio_fread requested=14 read=14
RUST_UIO: uio_fread requested=4 read=4
RUST_UIO: uio_fread requested=8 read=8
RUST_UIO: uio_fread requested=18 read=18
RUST_UIO: uio_fread requested=4 read=4
RUST_UIO: uio_fread requested=8 read=8
RUST_UIO: uio_fread requested=51 read=51
RUST_UIO: uio_fread requested=4 read=4
RUST_UIO: uio_fclose called
RUST_UIO: uio_fopen entry
RUST_UIO: uio_fopen called
RUST_UIO: uio_fopen path="/Users/runner/work/_temp/s4-command-evidence/bundle/run-0/payloads/native-window.acceptance/inputs/content/base/fonts/starcon.fon/0004f.png" mode=rb
RUST_UIO: uio_fopen returning stream=0x600002d08a80
RUST_UIO: uio_fread requested=8 read=8
RUST_UIO: uio_fread requested=8 read=8
RUST_UIO: uio_fread requested=13 read=13
RUST_UIO: uio_fread requested=4 read=4
RUST_UIO: uio_fread requested=8 read=8
RUST_UIO: uio_fread requested=63 read=63
RUST_UIO: uio_fread requested=4 read=4
RUST_UIO: uio_fread requested=8 read=8
RUST_UIO: uio_fread requested=14 read=14
RUST_UIO: uio_fread requested=4 read=4
RUST_UIO: uio_fread requested=8 read=8
RUST_UIO: uio_fread requested=18 read=18
RUST_UIO: uio_fread requested=4 read=4
RUST_UIO: uio_fread requested=8 read=8
RUST_UIO: uio_fread requested=43 read=43
RUST_UIO: uio_fread requested=4 read=4
RUST_UIO: uio_fclose called
RUST_UIO: uio_fopen entry
RUST_UIO: uio_fopen called
RUST_UIO: uio_fopen path="/Users/runner/work/_temp/s4-command-evidence/bundle/run-0/payloads/native-window.acceptance/inputs/content/base/fonts/starcon.fon/00068.png" mode=rb
RUST_UIO: uio_fopen returning stream=0x600002d08ac0
RUST_UIO: uio_fread requested=8 read=8
RUST_UIO: uio_fread requested=8 read=8
RUST_UIO: uio_fread requested=13 read=13
RUST_UIO: uio_fread requested=4 read=4
RUST_UIO: uio_fread requested=8 read=8
RUST_UIO: uio_fread requested=63 read=63
RUST_UIO: uio_fread requested=4 read=4
RUST_UIO: uio_fread requested=8 read=8
RUST_UIO: uio_fread requested=14 read=14
RUST_UIO: uio_fread requested=4 read=4
RUST_UIO: uio_fread requested=8 read=8
RUST_UIO: uio_fread requested=18 read=18
RUST_UIO: uio_fread requested=4 read=4
RUST_UIO: uio_fread requested=8 read=8
RUST_UIO: uio_fread requested=32 read=32
RUST_UIO: uio_fread requested=4 read=4
RUST_UIO: uio_fclose called
RUST_UIO: uio_fopen entry
RUST_UIO: uio_fopen called
RUST_UIO: uio_fopen path="/Users/runner/work/_temp/s4-command-evidence/bundle/run-0/payloads/native-window.acceptance/inputs/content/base/fonts/starcon.fon/0005b.png" mode=rb
RUST_UIO: uio_fopen returning stream=0x600002d08a80
RUST_UIO: uio_fread requested=8 read=8
RUST_UIO: uio_fread requested=8 read=8
RUST_UIO: uio_fread requested=13 read=13
RUST_UIO: uio_fread requested=4 read=4
RUST_UIO: uio_fread requested=8 read=8
RUST_UIO: uio_fread requested=63 read=63
RUST_UIO: uio_fread requested=4 read=4
RUST_UIO: uio_fread requested=8 read=8
RUST_UIO: uio_fread requested=14 read=14
RUST_UIO: uio_fread requested=4 read=4
RUST_UIO: uio_fread requested=8 read=8
RUST_UIO: uio_fread requested=18 read=18
RUST_UIO: uio_fread requested=4 read=4
RUST_UIO: uio_fread requested=8 read=8
RUST_UIO: uio_fread requested=32 read=32
RUST_UIO: uio_fread requested=4 read=4
RUST_UIO: uio_fclose called
RUST_UIO: uio_fopen entry
RUST_UIO: uio_fopen called
RUST_UIO: uio_fopen path="/Users/runner/work/_temp/s4-command-evidence/bundle/run-0/payloads/native-window.acceptance/inputs/content/base/fonts/starcon.fon/00040.png" mode=rb
RUST_UIO: uio_fopen returning stream=0x600002d08ac0
RUST_UIO: uio_fread requested=8 read=8
RUST_UIO: uio_fread requested=8 read=8
RUST_UIO: uio_fread requested=13 read=13
RUST_UIO: uio_fread requested=4 read=4
RUST_UIO: uio_fread requested=8 read=8
RUST_UIO: uio_fread requested=63 read=63
RUST_UIO: uio_fread requested=4 read=4
RUST_UIO: uio_fread requested=8 read=8
RUST_UIO: uio_fread requested=14 read=14
RUST_UIO: uio_fread requested=4 read=4
RUST_UIO: uio_fread requested=8 read=8
RUST_UIO: uio_fread requested=18 read=18
RUST_UIO: uio_fread requested=4 read=4
RUST_UIO: uio_fread requested=8 read=8
RUST_UIO: uio_fread requested=41 read=41
RUST_UIO: uio_fread requested=4 read=4
RUST_UIO: uio_fclose called
RUST_UIO: uio_fopen entry
RUST_UIO: uio_fopen called
RUST_UIO: uio_fopen path="/Users/runner/work/_temp/s4-command-evidence/bundle/run-0/payloads/native-window.acceptance/inputs/content/base/fonts/starcon.fon/00054.png" mode=rb
RUST_UIO: uio_fopen returning stream=0x600002d08a80
RUST_UIO: uio_fread requested=8 read=8
RUST_UIO: uio_fread requested=8 read=8
RUST_UIO: uio_fread requested=13 read=13
RUST_UIO: uio_fread requested=4 read=4
RUST_UIO: uio_fread requested=8 read=8
RUST_UIO: uio_fread requested=63 read=63
RUST_UIO: uio_fread requested=4 read=4
RUST_UIO: uio_fread requested=8 read=8
RUST_UIO: uio_fread requested=14 read=14
RUST_UIO: uio_fread requested=4 read=4
RUST_UIO: uio_fread requested=8 read=8
RUST_UIO: uio_fread requested=18 read=18
RUST_UIO: uio_fread requested=4 read=4
RUST_UIO: uio_fread requested=8 read=8
RUST_UIO: uio_fread requested=31 read=31
RUST_UIO: uio_fread requested=4 read=4
RUST_UIO: uio_fclose called
RUST_UIO: uio_fopen entry
RUST_UIO: uio_fopen called
RUST_UIO: uio_fopen path="/Users/runner/work/_temp/s4-command-evidence/bundle/run-0/payloads/native-window.acceptance/inputs/content/base/fonts/starcon.fon/00055.png" mode=rb
RUST_UIO: uio_fopen returning stream=0x600002d08ac0
RUST_UIO: uio_fread requested=8 read=8
RUST_UIO: uio_fread requested=8 read=8
RUST_UIO: uio_fread requested=13 read=13
RUST_UIO: uio_fread requested=4 read=4
RUST_UIO: uio_fread requested=8 read=8
RUST_UIO: uio_fread requested=63 read=63
RUST_UIO: uio_fread requested=4 read=4
RUST_UIO: uio_fread requested=8 read=8
RUST_UIO: uio_fread requested=14 read=14
RUST_UIO: uio_fread requested=4 read=4
RUST_UIO: uio_fread requested=8 read=8
RUST_UIO: uio_fread requested=18 read=18
RUST_UIO: uio_fread requested=4 read=4
RUST_UIO: uio_fread requested=8 read=8
RUST_UIO: uio_fread requested=33 read=33
RUST_UIO: uio_fread requested=4 read=4
RUST_UIO: uio_fclose called
RUST_UIO: uio_fopen entry
RUST_UIO: uio_fopen called
RUST_UIO: uio_fopen path="/Users/runner/work/_temp/s4-command-evidence/bundle/run-0/payloads/native-window.acceptance/inputs/content/base/fonts/starcon.fon/00041.png" mode=rb
RUST_UIO: uio_fopen returning stream=0x600002d08a80
RUST_UIO: uio_fread requested=8 read=8
RUST_UIO: uio_fread requested=8 read=8
RUST_UIO: uio_fread requested=13 read=13
RUST_UIO: uio_fread requested=4 read=4
RUST_UIO: uio_fread requested=8 read=8
RUST_UIO: uio_fread requested=63 read=63
RUST_UIO: uio_fread requested=4 read=4
RUST_UIO: uio_fread requested=8 read=8
RUST_UIO: uio_fread requested=14 read=14
RUST_UIO: uio_fread requested=4 read=4
RUST_UIO: uio_fread requested=8 read=8
RUST_UIO: uio_fread requested=18 read=18
RUST_UIO: uio_fread requested=4 read=4
RUST_UIO: uio_fread requested=8 read=8
RUST_UIO: uio_fread requested=46 read=46
RUST_UIO: uio_fread requested=4 read=4
RUST_UIO: uio_fclose called
RUST_UIO: uio_fopen entry
RUST_UIO: uio_fopen called
RUST_UIO: uio_fopen path="/Users/runner/work/_temp/s4-command-evidence/bundle/run-0/payloads/native-window.acceptance/inputs/content/base/fonts/starcon.fon/0005c.png" mode=rb
RUST_UIO: uio_fopen returning stream=0x600002d08ac0
RUST_UIO: uio_fread requested=8 read=8
RUST_UIO: uio_fread requested=8 read=8
RUST_UIO: uio_fread requested=13 read=13
RUST_UIO: uio_fread requested=4 read=4
RUST_UIO: uio_fread requested=8 read=8
RUST_UIO: uio_fread requested=63 read=63
RUST_UIO: uio_fread requested=4 read=4
RUST_UIO: uio_fread requested=8 read=8
RUST_UIO: uio_fread requested=14 read=14
RUST_UIO: uio_fread requested=4 read=4
RUST_UIO: uio_fread requested=8 read=8
RUST_UIO: uio_fread requested=18 read=18
RUST_UIO: uio_fread requested=4 read=4
RUST_UIO: uio_fread requested=8 read=8
RUST_UIO: uio_fread requested=20 read=20
RUST_UIO: uio_fread requested=4 read=4
RUST_UIO: uio_fclose called
RUST_UIO: uio_fopen entry
RUST_UIO: uio_fopen called
RUST_UIO: uio_fopen path="/Users/runner/work/_temp/s4-command-evidence/bundle/run-0/payloads/native-window.acceptance/inputs/content/base/fonts/starcon.fon/00069.png" mode=rb
RUST_UIO: uio_fopen returning stream=0x600002d08a80
RUST_UIO: uio_fread requested=8 read=8
RUST_UIO: uio_fread requested=8 read=8
RUST_UIO: uio_fread requested=13 read=13
RUST_UIO: uio_fread requested=4 read=4
RUST_UIO: uio_fread requested=8 read=8
RUST_UIO: uio_fread requested=63 read=63
RUST_UIO: uio_fread requested=4 read=4
RUST_UIO: uio_fread requested=8 read=8
RUST_UIO: uio_fread requested=14 read=14
RUST_UIO: uio_fread requested=4 read=4
RUST_UIO: uio_fread requested=8 read=8
RUST_UIO: uio_fread requested=18 read=18
RUST_UIO: uio_fread requested=4 read=4
RUST_UIO: uio_fread requested=8 read=8
RUST_UIO: uio_fread requested=27 read=27
RUST_UIO: uio_fread requested=4 read=4
RUST_UIO: uio_fclose called
RUST_UIO: uio_fopen entry
RUST_UIO: uio_fopen called
RUST_UIO: uio_fopen path="/Users/runner/work/_temp/s4-command-evidence/bundle/run-0/payloads/native-window.acceptance/inputs/content/base/fonts/starcon.fon/0005a.png" mode=rb
RUST_UIO: uio_fopen returning stream=0x600002d08ac0
RUST_UIO: uio_fread requested=8 read=8
RUST_UIO: uio_fread requested=8 read=8
RUST_UIO: uio_fread requested=13 read=13
RUST_UIO: uio_fread requested=4 read=4
RUST_UIO: uio_fread requested=8 read=8
RUST_UIO: uio_fread requested=63 read=63
RUST_UIO: uio_fread requested=4 read=4
RUST_UIO: uio_fread requested=8 read=8
RUST_UIO: uio_fread requested=14 read=14
RUST_UIO: uio_fread requested=4 read=4
RUST_UIO: uio_fread requested=8 read=8
RUST_UIO: uio_fread requested=18 read=18
RUST_UIO: uio_fread requested=4 read=4
RUST_UIO: uio_fread requested=8 read=8
RUST_UIO: uio_fread requested=41 read=41
RUST_UIO: uio_fread requested=4 read=4
RUST_UIO: uio_fclose called
RUST_UIO: uio_fopen entry
RUST_UIO: uio_fopen called
RUST_UIO: uio_fopen path="/Users/runner/work/_temp/s4-command-evidence/bundle/run-0/payloads/native-window.acceptance/inputs/content/base/fonts/starcon.fon/0004e.png" mode=rb
RUST_UIO: uio_fopen returning stream=0x600002d08a80
RUST_UIO: uio_fread requested=8 read=8
RUST_UIO: uio_fread requested=8 read=8
RUST_UIO: uio_fread requested=13 read=13
RUST_UIO: uio_fread requested=4 read=4
RUST_UIO: uio_fread requested=8 read=8
RUST_UIO: uio_fread requested=63 read=63
RUST_UIO: uio_fread requested=4 read=4
RUST_UIO: uio_fread requested=8 read=8
RUST_UIO: uio_fread requested=14 read=14
RUST_UIO: uio_fread requested=4 read=4
RUST_UIO: uio_fread requested=8 read=8
RUST_UIO: uio_fread requested=18 read=18
RUST_UIO: uio_fread requested=4 read=4
RUST_UIO: uio_fread requested=8 read=8
RUST_UIO: uio_fread requested=48 read=48
RUST_UIO: uio_fread requested=4 read=4
RUST_UIO: uio_fclose called
RUST_UIO: uio_fopen entry
RUST_UIO: uio_fopen called
RUST_UIO: uio_fopen path="/Users/runner/work/_temp/s4-command-evidence/bundle/run-0/payloads/native-window.acceptance/inputs/content/base/fonts/starcon.fon/00057.png" mode=rb
RUST_UIO: uio_fopen returning stream=0x600002d08ac0
RUST_UIO: uio_fread requested=8 read=8
RUST_UIO: uio_fread requested=8 read=8
RUST_UIO: uio_fread requested=13 read=13
RUST_UIO: uio_fread requested=4 read=4
RUST_UIO: uio_fread requested=8 read=8
RUST_UIO: uio_fread requested=63 read=63
RUST_UIO: uio_fread requested=4 read=4
RUST_UIO: uio_fread requested=8 read=8
RUST_UIO: uio_fread requested=14 read=14
RUST_UIO: uio_fread requested=4 read=4
RUST_UIO: uio_fread requested=8 read=8
RUST_UIO: uio_fread requested=18 read=18
RUST_UIO: uio_fread requested=4 read=4
RUST_UIO: uio_fread requested=8 read=8
RUST_UIO: uio_fread requested=47 read=47
RUST_UIO: uio_fread requested=4 read=4
RUST_UIO: uio_fclose called
RUST_UIO: uio_fopen entry
RUST_UIO: uio_fopen called
RUST_UIO: uio_fopen path="/Users/runner/work/_temp/s4-command-evidence/bundle/run-0/payloads/native-window.acceptance/inputs/content/base/fonts/starcon.fon/00043.png" mode=rb
RUST_UIO: uio_fopen returning stream=0x600002d08a80
RUST_UIO: uio_fread requested=8 read=8
RUST_UIO: uio_fread requested=8 read=8
RUST_UIO: uio_fread requested=13 read=13
RUST_UIO: uio_fread requested=4 read=4
RUST_UIO: uio_fread requested=8 read=8
RUST_UIO: uio_fread requested=63 read=63
RUST_UIO: uio_fread requested=4 read=4
RUST_UIO: uio_fread requested=8 read=8
RUST_UIO: uio_fread requested=14 read=14
RUST_UIO: uio_fread requested=4 read=4
RUST_UIO: uio_fread requested=8 read=8
RUST_UIO: uio_fread requested=18 read=18
RUST_UIO: uio_fread requested=4 read=4
RUST_UIO: uio_fread requested=8 read=8
RUST_UIO: uio_fread requested=48 read=48
RUST_UIO: uio_fread requested=4 read=4
RUST_UIO: uio_fclose called
RUST_UIO: uio_fopen entry
RUST_UIO: uio_fopen called
RUST_UIO: uio_fopen path="/Users/runner/work/_temp/s4-command-evidence/bundle/run-0/payloads/native-window.acceptance/inputs/content/base/fonts/starcon.fon/00042.png" mode=rb
RUST_UIO: uio_fopen returning stream=0x600002d08ac0
RUST_UIO: uio_fread requested=8 read=8
RUST_UIO: uio_fread requested=8 read=8
RUST_UIO: uio_fread requested=13 read=13
RUST_UIO: uio_fread requested=4 read=4
RUST_UIO: uio_fread requested=8 read=8
RUST_UIO: uio_fread requested=63 read=63
RUST_UIO: uio_fread requested=4 read=4
RUST_UIO: uio_fread requested=8 read=8
RUST_UIO: uio_fread requested=14 read=14
RUST_UIO: uio_fread requested=4 read=4
RUST_UIO: uio_fread requested=8 read=8
RUST_UIO: uio_fread requested=18 read=18
RUST_UIO: uio_fread requested=4 read=4
RUST_UIO: uio_fread requested=8 read=8
RUST_UIO: uio_fread requested=52 read=52
RUST_UIO: uio_fread requested=4 read=4
RUST_UIO: uio_fclose called
RUST_UIO: uio_fopen entry
RUST_UIO: uio_fopen called
RUST_UIO: uio_fopen path="/Users/runner/work/_temp/s4-command-evidence/bundle/run-0/payloads/native-window.acceptance/inputs/content/base/fonts/starcon.fon/00056.png" mode=rb
RUST_UIO: uio_fopen returning stream=0x600002d08a80
RUST_UIO: uio_fread requested=8 read=8
RUST_UIO: uio_fread requested=8 read=8
RUST_UIO: uio_fread requested=13 read=13
RUST_UIO: uio_fread requested=4 read=4
RUST_UIO: uio_fread requested=8 read=8
RUST_UIO: uio_fread requested=63 read=63
RUST_UIO: uio_fread requested=4 read=4
RUST_UIO: uio_fread requested=8 read=8
RUST_UIO: uio_fread requested=14 read=14
RUST_UIO: uio_fread requested=4 read=4
RUST_UIO: uio_fread requested=8 read=8
RUST_UIO: uio_fread requested=18 read=18
RUST_UIO: uio_fread requested=4 read=4
RUST_UIO: uio_fread requested=8 read=8
RUST_UIO: uio_fread requested=44 read=44
RUST_UIO: uio_fread requested=4 read=4
RUST_UIO: uio_fclose called
RUST_UIO: uio_fopen entry
RUST_UIO: uio_fopen called
RUST_UIO: uio_fopen path="/Users/runner/work/_temp/s4-command-evidence/bundle/run-0/payloads/native-window.acceptance/inputs/content/base/fonts/starcon.fon/0004d.png" mode=rb
RUST_UIO: uio_fopen returning stream=0x600002d08ac0
RUST_UIO: uio_fread requested=8 read=8
RUST_UIO: uio_fread requested=8 read=8
RUST_UIO: uio_fread requested=13 read=13
RUST_UIO: uio_fread requested=4 read=4
RUST_UIO: uio_fread requested=8 read=8
RUST_UIO: uio_fread requested=63 read=63
RUST_UIO: uio_fread requested=4 read=4
RUST_UIO: uio_fread requested=8 read=8
RUST_UIO: uio_fread requested=14 read=14
RUST_UIO: uio_fread requested=4 read=4
RUST_UIO: uio_fread requested=8 read=8
RUST_UIO: uio_fread requested=18 read=18
RUST_UIO: uio_fread requested=4 read=4
RUST_UIO: uio_fread requested=8 read=8
RUST_UIO: uio_fread requested=54 read=54
RUST_UIO: uio_fread requested=4 read=4
RUST_UIO: uio_fclose called
RUST_UIO: uio_fopen entry
RUST_UIO: uio_fopen called
RUST_UIO: uio_fopen path="/Users/runner/work/_temp/s4-command-evidence/bundle/run-0/payloads/native-window.acceptance/inputs/content/base/fonts/starcon.fon/00031.png" mode=rb
RUST_UIO: uio_fopen returning stream=0x600002d08a80
RUST_UIO: uio_fread requested=8 read=8
RUST_UIO: uio_fread requested=8 read=8
RUST_UIO: uio_fread requested=13 read=13
RUST_UIO: uio_fread requested=4 read=4
RUST_UIO: uio_fread requested=8 read=8
RUST_UIO: uio_fread requested=63 read=63
RUST_UIO: uio_fread requested=4 read=4
RUST_UIO: uio_fread requested=8 read=8
RUST_UIO: uio_fread requested=14 read=14
RUST_UIO: uio_fread requested=4 read=4
RUST_UIO: uio_fread requested=8 read=8
RUST_UIO: uio_fread requested=18 read=18
RUST_UIO: uio_fread requested=4 read=4
RUST_UIO: uio_fread requested=8 read=8
RUST_UIO: uio_fread requested=36 read=36
RUST_UIO: uio_fread requested=4 read=4
RUST_UIO: uio_fclose called
RUST_UIO: uio_fopen entry
RUST_UIO: uio_fopen called
RUST_UIO: uio_fopen path="/Users/runner/work/_temp/s4-command-evidence/bundle/run-0/payloads/native-window.acceptance/inputs/content/base/fonts/starcon.fon/00025.png" mode=rb
RUST_UIO: uio_fopen returning stream=0x600002d08ac0
RUST_UIO: uio_fread requested=8 read=8
RUST_UIO: uio_fread requested=8 read=8
RUST_UIO: uio_fread requested=13 read=13
RUST_UIO: uio_fread requested=4 read=4
RUST_UIO: uio_fread requested=8 read=8
RUST_UIO: uio_fread requested=63 read=63
RUST_UIO: uio_fread requested=4 read=4
RUST_UIO: uio_fread requested=8 read=8
RUST_UIO: uio_fread requested=14 read=14
RUST_UIO: uio_fread requested=4 read=4
RUST_UIO: uio_fread requested=8 read=8
RUST_UIO: uio_fread requested=18 read=18
RUST_UIO: uio_fread requested=4 read=4
RUST_UIO: uio_fread requested=8 read=8
RUST_UIO: uio_fread requested=51 read=51
RUST_UIO: uio_fread requested=4 read=4
RUST_UIO: uio_fclose called
RUST_UIO: uio_fopen entry
RUST_UIO: uio_fopen called
RUST_UIO: uio_fopen path="/Users/runner/work/_temp/s4-command-evidence/bundle/run-0/payloads/native-window.acceptance/inputs/content/base/fonts/starcon.fon/0002c.png" mode=rb
RUST_UIO: uio_fopen returning stream=0x600002d08a80
RUST_UIO: uio_fread requested=8 read=8
RUST_UIO: uio_fread requested=8 read=8
RUST_UIO: uio_fread requested=13 read=13
RUST_UIO: uio_fread requested=4 read=4
RUST_UIO: uio_fread requested=8 read=8
RUST_UIO: uio_fread requested=63 read=63
RUST_UIO: uio_fread requested=4 read=4
RUST_UIO: uio_fread requested=8 read=8
RUST_UIO: uio_fread requested=14 read=14
RUST_UIO: uio_fread requested=4 read=4
RUST_UIO: uio_fread requested=8 read=8
RUST_UIO: uio_fread requested=18 read=18
RUST_UIO: uio_fread requested=4 read=4
RUST_UIO: uio_fread requested=8 read=8
RUST_UIO: uio_fread requested=19 read=19
RUST_UIO: uio_fread requested=4 read=4
RUST_UIO: uio_fclose called
RUST_UIO: uio_fopen entry
RUST_UIO: uio_fopen called
RUST_UIO: uio_fopen path="/Users/runner/work/_temp/s4-command-evidence/bundle/run-0/payloads/native-window.acceptance/inputs/content/base/fonts/starcon.fon/0002b.png" mode=rb
RUST_UIO: uio_fopen returning stream=0x600002d08ac0
RUST_UIO: uio_fread requested=8 read=8
RUST_UIO: uio_fread requested=8 read=8
RUST_UIO: uio_fread requested=13 read=13
RUST_UIO: uio_fread requested=4 read=4
RUST_UIO: uio_fread requested=8 read=8
RUST_UIO: uio_fread requested=63 read=63
RUST_UIO: uio_fread requested=4 read=4
RUST_UIO: uio_fread requested=8 read=8
RUST_UIO: uio_fread requested=14 read=14
RUST_UIO: uio_fread requested=4 read=4
RUST_UIO: uio_fread requested=8 read=8
RUST_UIO: uio_fread requested=18 read=18
RUST_UIO: uio_fread requested=4 read=4
RUST_UIO: uio_fread requested=8 read=8
RUST_UIO: uio_fread requested=28 read=28
RUST_UIO: uio_fread requested=4 read=4
RUST_UIO: uio_fclose called
RUST_UIO: uio_fopen entry
RUST_UIO: uio_fopen called
RUST_UIO: uio_fopen path="/Users/runner/work/_temp/s4-command-evidence/bundle/run-0/payloads/native-window.acceptance/inputs/content/base/fonts/starcon.fon/0003f.png" mode=rb
RUST_UIO: uio_fopen returning stream=0x600002d08a80
RUST_UIO: uio_fread requested=8 read=8
RUST_UIO: uio_fread requested=8 read=8
RUST_UIO: uio_fread requested=13 read=13
RUST_UIO: uio_fread requested=4 read=4
RUST_UIO: uio_fread requested=8 read=8
RUST_UIO: uio_fread requested=63 read=63
RUST_UIO: uio_fread requested=4 read=4
RUST_UIO: uio_fread requested=8 read=8
RUST_UIO: uio_fread requested=14 read=14
RUST_UIO: uio_fread requested=4 read=4
RUST_UIO: uio_fread requested=8 read=8
RUST_UIO: uio_fread requested=18 read=18
RUST_UIO: uio_fread requested=4 read=4
RUST_UIO: uio_fread requested=8 read=8
RUST_UIO: uio_fread requested=38 read=38
RUST_UIO: uio_fread requested=4 read=4
RUST_UIO: uio_fclose called
RUST_UIO: uio_fopen entry
RUST_UIO: uio_fopen called
RUST_UIO: uio_fopen path="/Users/runner/work/_temp/s4-command-evidence/bundle/run-0/payloads/native-window.acceptance/inputs/content/base/fonts/starcon.fon/00024.png" mode=rb
RUST_UIO: uio_fopen returning stream=0x600002d08ac0
RUST_UIO: uio_fread requested=8 read=8
RUST_UIO: uio_fread requested=8 read=8
RUST_UIO: uio_fread requested=13 read=13
RUST_UIO: uio_fread requested=4 read=4
RUST_UIO: uio_fread requested=8 read=8
RUST_UIO: uio_fread requested=63 read=63
RUST_UIO: uio_fread requested=4 read=4
RUST_UIO: uio_fread requested=8 read=8
RUST_UIO: uio_fread requested=14 read=14
RUST_UIO: uio_fread requested=4 read=4
RUST_UIO: uio_fread requested=8 read=8
RUST_UIO: uio_fread requested=18 read=18
RUST_UIO: uio_fread requested=4 read=4
RUST_UIO: uio_fread requested=8 read=8
RUST_UIO: uio_fread requested=43 read=43
RUST_UIO: uio_fread requested=4 read=4
RUST_UIO: uio_fclose called
RUST_UIO: uio_fopen entry
RUST_UIO: uio_fopen called
RUST_UIO: uio_fopen path="/Users/runner/work/_temp/s4-command-evidence/bundle/run-0/payloads/native-window.acceptance/inputs/content/base/fonts/starcon.fon/00030.png" mode=rb
RUST_UIO: uio_fopen returning stream=0x600002d08a80
RUST_UIO: uio_fread requested=8 read=8
RUST_UIO: uio_fread requested=8 read=8
RUST_UIO: uio_fread requested=13 read=13
RUST_UIO: uio_fread requested=4 read=4
RUST_UIO: uio_fread requested=8 read=8
RUST_UIO: uio_fread requested=63 read=63
RUST_UIO: uio_fread requested=4 read=4
RUST_UIO: uio_fread requested=8 read=8
RUST_UIO: uio_fread requested=14 read=14
RUST_UIO: uio_fread requested=4 read=4
RUST_UIO: uio_fread requested=8 read=8
RUST_UIO: uio_fread requested=18 read=18
RUST_UIO: uio_fread requested=4 read=4
RUST_UIO: uio_fread requested=8 read=8
RUST_UIO: uio_fread requested=42 read=42
RUST_UIO: uio_fread requested=4 read=4
RUST_UIO: uio_fclose called
RUST_UIO: uio_fopen entry
RUST_UIO: uio_fopen called
RUST_UIO: uio_fopen path="/Users/runner/work/_temp/s4-command-evidence/bundle/run-0/payloads/native-window.acceptance/inputs/content/base/fonts/starcon.fon/00026.png" mode=rb
RUST_UIO: uio_fopen returning stream=0x600002d08ac0
RUST_UIO: uio_fread requested=8 read=8
RUST_UIO: uio_fread requested=8 read=8
RUST_UIO: uio_fread requested=13 read=13
RUST_UIO: uio_fread requested=4 read=4
RUST_UIO: uio_fread requested=8 read=8
RUST_UIO: uio_fread requested=63 read=63
RUST_UIO: uio_fread requested=4 read=4
RUST_UIO: uio_fread requested=8 read=8
RUST_UIO: uio_fread requested=14 read=14
RUST_UIO: uio_fread requested=4 read=4
RUST_UIO: uio_fread requested=8 read=8
RUST_UIO: uio_fread requested=18 read=18
RUST_UIO: uio_fread requested=4 read=4
RUST_UIO: uio_fread requested=8 read=8
RUST_UIO: uio_fread requested=38 read=38
RUST_UIO: uio_fread requested=4 read=4
RUST_UIO: uio_fclose called
RUST_UIO: uio_fopen entry
RUST_UIO: uio_fopen called
RUST_UIO: uio_fopen path="/Users/runner/work/_temp/s4-command-evidence/bundle/run-0/payloads/native-window.acceptance/inputs/content/base/fonts/starcon.fon/00032.png" mode=rb
RUST_UIO: uio_fopen returning stream=0x600002d08a80
RUST_UIO: uio_fread requested=8 read=8
RUST_UIO: uio_fread requested=8 read=8
RUST_UIO: uio_fread requested=13 read=13
RUST_UIO: uio_fread requested=4 read=4
RUST_UIO: uio_fread requested=8 read=8
RUST_UIO: uio_fread requested=63 read=63
RUST_UIO: uio_fread requested=4 read=4
RUST_UIO: uio_fread requested=8 read=8
RUST_UIO: uio_fread requested=14 read=14
RUST_UIO: uio_fread requested=4 read=4
RUST_UIO: uio_fread requested=8 read=8
RUST_UIO: uio_fread requested=18 read=18
RUST_UIO: uio_fread requested=4 read=4
RUST_UIO: uio_fread requested=8 read=8
RUST_UIO: uio_fread requested=40 read=40
RUST_UIO: uio_fread requested=4 read=4
RUST_UIO: uio_fclose called
RUST_UIO: uio_fopen entry
RUST_UIO: uio_fopen called
RUST_UIO: uio_fopen path="/Users/runner/work/_temp/s4-command-evidence/bundle/run-0/payloads/native-window.acceptance/inputs/content/base/fonts/starcon.fon/0003d.png" mode=rb
RUST_UIO: uio_fopen returning stream=0x600002d08ac0
RUST_UIO: uio_fread requested=8 read=8
RUST_UIO: uio_fread requested=8 read=8
RUST_UIO: uio_fread requested=13 read=13
RUST_UIO: uio_fread requested=4 read=4
RUST_UIO: uio_fread requested=8 read=8
RUST_UIO: uio_fread requested=63 read=63
RUST_UIO: uio_fread requested=4 read=4
RUST_UIO: uio_fread requested=8 read=8
RUST_UIO: uio_fread requested=14 read=14
RUST_UIO: uio_fread requested=4 read=4
RUST_UIO: uio_fread requested=8 read=8
RUST_UIO: uio_fread requested=18 read=18
RUST_UIO: uio_fread requested=4 read=4
RUST_UIO: uio_fread requested=8 read=8
RUST_UIO: uio_fread requested=21 read=21
RUST_UIO: uio_fread requested=4 read=4
RUST_UIO: uio_fclose called
RUST_UIO: uio_fopen entry
RUST_UIO: uio_fopen called
RUST_UIO: uio_fopen path="/Users/runner/work/_temp/s4-command-evidence/bundle/run-0/payloads/native-window.acceptance/inputs/content/base/fonts/starcon.fon/0003e.png" mode=rb
RUST_UIO: uio_fopen returning stream=0x600002d08a80
RUST_UIO: uio_fread requested=8 read=8
RUST_UIO: uio_fread requested=8 read=8
RUST_UIO: uio_fread requested=13 read=13
RUST_UIO: uio_fread requested=4 read=4
RUST_UIO: uio_fread requested=8 read=8
RUST_UIO: uio_fread requested=63 read=63
RUST_UIO: uio_fread requested=4 read=4
RUST_UIO: uio_fread requested=8 read=8
RUST_UIO: uio_fread requested=14 read=14
RUST_UIO: uio_fread requested=4 read=4
RUST_UIO: uio_fread requested=8 read=8
RUST_UIO: uio_fread requested=18 read=18
RUST_UIO: uio_fread requested=4 read=4
RUST_UIO: uio_fread requested=8 read=8
RUST_UIO: uio_fread requested=22 read=22
RUST_UIO: uio_fread requested=4 read=4
RUST_UIO: uio_fclose called
RUST_UIO: uio_fopen entry
RUST_UIO: uio_fopen called
RUST_UIO: uio_fopen path="/Users/runner/work/_temp/s4-command-evidence/bundle/run-0/payloads/native-window.acceptance/inputs/content/base/fonts/starcon.fon/0002a.png" mode=rb
RUST_UIO: uio_fopen returning stream=0x600002d08ac0
RUST_UIO: uio_fread requested=8 read=8
RUST_UIO: uio_fread requested=8 read=8
RUST_UIO: uio_fread requested=13 read=13
RUST_UIO: uio_fread requested=4 read=4
RUST_UIO: uio_fread requested=8 read=8
RUST_UIO: uio_fread requested=63 read=63
RUST_UIO: uio_fread requested=4 read=4
RUST_UIO: uio_fread requested=8 read=8
RUST_UIO: uio_fread requested=14 read=14
RUST_UIO: uio_fread requested=4 read=4
RUST_UIO: uio_fread requested=8 read=8
RUST_UIO: uio_fread requested=18 read=18
RUST_UIO: uio_fread requested=4 read=4
RUST_UIO: uio_fread requested=8 read=8
RUST_UIO: uio_fread requested=37 read=37
RUST_UIO: uio_fread requested=4 read=4
RUST_UIO: uio_fclose called
RUST_UIO: uio_fopen entry
RUST_UIO: uio_fopen called
RUST_UIO: uio_fopen path="/Users/runner/work/_temp/s4-command-evidence/bundle/run-0/payloads/native-window.acceptance/inputs/content/base/fonts/starcon.fon/00033.png" mode=rb
RUST_UIO: uio_fopen returning stream=0x600002d08a80
RUST_UIO: uio_fread requested=8 read=8
RUST_UIO: uio_fread requested=8 read=8
RUST_UIO: uio_fread requested=13 read=13
RUST_UIO: uio_fread requested=4 read=4
RUST_UIO: uio_fread requested=8 read=8
RUST_UIO: uio_fread requested=63 read=63
RUST_UIO: uio_fread requested=4 read=4
RUST_UIO: uio_fread requested=8 read=8
RUST_UIO: uio_fread requested=14 read=14
RUST_UIO: uio_fread requested=4 read=4
RUST_UIO: uio_fread requested=8 read=8
RUST_UIO: uio_fread requested=18 read=18
RUST_UIO: uio_fread requested=4 read=4
RUST_UIO: uio_fread requested=8 read=8
RUST_UIO: uio_fread requested=38 read=38
RUST_UIO: uio_fread requested=4 read=4
RUST_UIO: uio_fclose called
RUST_UIO: uio_fopen entry
RUST_UIO: uio_fopen called
RUST_UIO: uio_fopen path="/Users/runner/work/_temp/s4-command-evidence/bundle/run-0/payloads/native-window.acceptance/inputs/content/base/fonts/starcon.fon/00027.png" mode=rb
RUST_UIO: uio_fopen returning stream=0x600002d08ac0
RUST_UIO: uio_fread requested=8 read=8
RUST_UIO: uio_fread requested=8 read=8
RUST_UIO: uio_fread requested=13 read=13
RUST_UIO: uio_fread requested=4 read=4
RUST_UIO: uio_fread requested=8 read=8
RUST_UIO: uio_fread requested=63 read=63
RUST_UIO: uio_fread requested=4 read=4
RUST_UIO: uio_fread requested=8 read=8
RUST_UIO: uio_fread requested=14 read=14
RUST_UIO: uio_fread requested=4 read=4
RUST_UIO: uio_fread requested=8 read=8
RUST_UIO: uio_fread requested=18 read=18
RUST_UIO: uio_fread requested=4 read=4
RUST_UIO: uio_fread requested=8 read=8
RUST_UIO: uio_fread requested=19 read=19
RUST_UIO: uio_fread requested=4 read=4
RUST_UIO: uio_fclose called
RUST_UIO: uio_fopen entry
RUST_UIO: uio_fopen called
RUST_UIO: uio_fopen path="/Users/runner/work/_temp/s4-command-evidence/bundle/run-0/payloads/native-window.acceptance/inputs/content/base/fonts/starcon.fon/0002e.png" mode=rb
RUST_UIO: uio_fopen returning stream=0x600002d08a80
RUST_UIO: uio_fread requested=8 read=8
RUST_UIO: uio_fread requested=8 read=8
RUST_UIO: uio_fread requested=13 read=13
RUST_UIO: uio_fread requested=4 read=4
RUST_UIO: uio_fread requested=8 read=8
RUST_UIO: uio_fread requested=63 read=63
RUST_UIO: uio_fread requested=4 read=4
RUST_UIO: uio_fread requested=8 read=8
RUST_UIO: uio_fread requested=14 read=14
RUST_UIO: uio_fread requested=4 read=4
RUST_UIO: uio_fread requested=8 read=8
RUST_UIO: uio_fread requested=18 read=18
RUST_UIO: uio_fread requested=4 read=4
RUST_UIO: uio_fread requested=8 read=8
RUST_UIO: uio_fread requested=18 read=18
RUST_UIO: uio_fread requested=4 read=4
RUST_UIO: uio_fclose called
RUST_UIO: uio_fopen entry
RUST_UIO: uio_fopen called
RUST_UIO: uio_fopen path="/Users/runner/work/_temp/s4-command-evidence/bundle/run-0/payloads/native-window.acceptance/inputs/content/base/fonts/starcon.fon/0003a.png" mode=rb
RUST_UIO: uio_fopen returning stream=0x600002d08ac0
RUST_UIO: uio_fread requested=8 read=8
RUST_UIO: uio_fread requested=8 read=8
RUST_UIO: uio_fread requested=13 read=13
RUST_UIO: uio_fread requested=4 read=4
RUST_UIO: uio_fread requested=8 read=8
RUST_UIO: uio_fread requested=63 read=63
RUST_UIO: uio_fread requested=4 read=4
RUST_UIO: uio_fread requested=8 read=8
RUST_UIO: uio_fread requested=14 read=14
RUST_UIO: uio_fread requested=4 read=4
RUST_UIO: uio_fread requested=8 read=8
RUST_UIO: uio_fread requested=18 read=18
RUST_UIO: uio_fread requested=4 read=4
RUST_UIO: uio_fread requested=8 read=8
RUST_UIO: uio_fread requested=18 read=18
RUST_UIO: uio_fread requested=4 read=4
RUST_UIO: uio_fclose called
RUST_UIO: uio_fopen entry
RUST_UIO: uio_fopen called
RUST_UIO: uio_fopen path="/Users/runner/work/_temp/s4-command-evidence/bundle/run-0/payloads/native-window.acceptance/inputs/content/base/fonts/starcon.fon/00023.png" mode=rb
RUST_UIO: uio_fopen returning stream=0x600002d08a80
RUST_UIO: uio_fread requested=8 read=8
RUST_UIO: uio_fread requested=8 read=8
RUST_UIO: uio_fread requested=13 read=13
RUST_UIO: uio_fread requested=4 read=4
RUST_UIO: uio_fread requested=8 read=8
RUST_UIO: uio_fread requested=63 read=63
RUST_UIO: uio_fread requested=4 read=4
RUST_UIO: uio_fread requested=8 read=8
RUST_UIO: uio_fread requested=14 read=14
RUST_UIO: uio_fread requested=4 read=4
RUST_UIO: uio_fread requested=8 read=8
RUST_UIO: uio_fread requested=18 read=18
RUST_UIO: uio_fread requested=4 read=4
RUST_UIO: uio_fread requested=8 read=8
RUST_UIO: uio_fread requested=25 read=25
RUST_UIO: uio_fread requested=4 read=4
RUST_UIO: uio_fclose called
RUST_UIO: uio_fopen entry
RUST_UIO: uio_fopen called
RUST_UIO: uio_fopen path="/Users/runner/work/_temp/s4-command-evidence/bundle/run-0/payloads/native-window.acceptance/inputs/content/base/fonts/starcon.fon/00037.png" mode=rb
RUST_UIO: uio_fopen returning stream=0x600002d08ac0
RUST_UIO: uio_fread requested=8 read=8
RUST_UIO: uio_fread requested=8 read=8
RUST_UIO: uio_fread requested=13 read=13
RUST_UIO: uio_fread requested=4 read=4
RUST_UIO: uio_fread requested=8 read=8
RUST_UIO: uio_fread requested=63 read=63
RUST_UIO: uio_fread requested=4 read=4
RUST_UIO: uio_fread requested=8 read=8
RUST_UIO: uio_fread requested=14 read=14
RUST_UIO: uio_fread requested=4 read=4
RUST_UIO: uio_fread requested=8 read=8
RUST_UIO: uio_fread requested=18 read=18
RUST_UIO: uio_fread requested=4 read=4
RUST_UIO: uio_fread requested=8 read=8
RUST_UIO: uio_fread requested=33 read=33
RUST_UIO: uio_fread requested=4 read=4
RUST_UIO: uio_fclose called
RUST_UIO: uio_fopen entry
RUST_UIO: uio_fopen called
RUST_UIO: uio_fopen path="/Users/runner/work/_temp/s4-command-evidence/bundle/run-0/payloads/native-window.acceptance/inputs/content/base/fonts/starcon.fon/00036.png" mode=rb
RUST_UIO: uio_fopen returning stream=0x600002d08a80
RUST_UIO: uio_fread requested=8 read=8
RUST_UIO: uio_fread requested=8 read=8
RUST_UIO: uio_fread requested=13 read=13
RUST_UIO: uio_fread requested=4 read=4
RUST_UIO: uio_fread requested=8 read=8
RUST_UIO: uio_fread requested=63 read=63
RUST_UIO: uio_fread requested=4 read=4
RUST_UIO: uio_fread requested=8 read=8
RUST_UIO: uio_fread requested=14 read=14
RUST_UIO: uio_fread requested=4 read=4
RUST_UIO: uio_fread requested=8 read=8
RUST_UIO: uio_fread requested=18 read=18
RUST_UIO: uio_fread requested=4 read=4
RUST_UIO: uio_fread requested=8 read=8
RUST_UIO: uio_fread requested=45 read=45
RUST_UIO: uio_fread requested=4 read=4
RUST_UIO: uio_fclose called
RUST_UIO: uio_fopen entry
RUST_UIO: uio_fopen called
RUST_UIO: uio_fopen path="/Users/runner/work/_temp/s4-command-evidence/bundle/run-0/payloads/native-window.acceptance/inputs/content/base/fonts/starcon.fon/00022.png" mode=rb
RUST_UIO: uio_fopen returning stream=0x600002d08ac0
RUST_UIO: uio_fread requested=8 read=8
RUST_UIO: uio_fread requested=8 read=8
RUST_UIO: uio_fread requested=13 read=13
RUST_UIO: uio_fread requested=4 read=4
RUST_UIO: uio_fread requested=8 read=8
RUST_UIO: uio_fread requested=63 read=63
RUST_UIO: uio_fread requested=4 read=4
RUST_UIO: uio_fread requested=8 read=8
RUST_UIO: uio_fread requested=14 read=14
RUST_UIO: uio_fread requested=4 read=4
RUST_UIO: uio_fread requested=8 read=8
RUST_UIO: uio_fread requested=18 read=18
RUST_UIO: uio_fread requested=4 read=4
RUST_UIO: uio_fread requested=8 read=8
RUST_UIO: uio_fread requested=23 read=23
RUST_UIO: uio_fread requested=4 read=4
RUST_UIO: uio_fclose called
RUST_UIO: uio_fopen entry
RUST_UIO: uio_fopen called
RUST_UIO: uio_fopen path="/Users/runner/work/_temp/s4-command-evidence/bundle/run-0/payloads/native-window.acceptance/inputs/content/base/fonts/starcon.fon/0002d.png" mode=rb
RUST_UIO: uio_fopen returning stream=0x600002d08a80
RUST_UIO: uio_fread requested=8 read=8
RUST_UIO: uio_fread requested=8 read=8
RUST_UIO: uio_fread requested=13 read=13
RUST_UIO: uio_fread requested=4 read=4
RUST_UIO: uio_fread requested=8 read=8
RUST_UIO: uio_fread requested=63 read=63
RUST_UIO: uio_fread requested=4 read=4
RUST_UIO: uio_fread requested=8 read=8
RUST_UIO: uio_fread requested=14 read=14
RUST_UIO: uio_fread requested=4 read=4
RUST_UIO: uio_fread requested=8 read=8
RUST_UIO: uio_fread requested=18 read=18
RUST_UIO: uio_fread requested=4 read=4
RUST_UIO: uio_fread requested=8 read=8
RUST_UIO: uio_fread requested=21 read=21
RUST_UIO: uio_fread requested=4 read=4
RUST_UIO: uio_fclose called
RUST_UIO: uio_fopen entry
RUST_UIO: uio_fopen called
RUST_UIO: uio_fopen path="/Users/runner/work/_temp/s4-command-evidence/bundle/run-0/payloads/native-window.acceptance/inputs/content/base/fonts/starcon.fon/0003b.png" mode=rb
RUST_UIO: uio_fopen returning stream=0x600002d08ac0
RUST_UIO: uio_fread requested=8 read=8
RUST_UIO: uio_fread requested=8 read=8
RUST_UIO: uio_fread requested=13 read=13
RUST_UIO: uio_fread requested=4 read=4
RUST_UIO: uio_fread requested=8 read=8
RUST_UIO: uio_fread requested=63 read=63
RUST_UIO: uio_fread requested=4 read=4
RUST_UIO: uio_fread requested=8 read=8
RUST_UIO: uio_fread requested=14 read=14
RUST_UIO: uio_fread requested=4 read=4
RUST_UIO: uio_fread requested=8 read=8
RUST_UIO: uio_fread requested=18 read=18
RUST_UIO: uio_fread requested=4 read=4
RUST_UIO: uio_fread requested=8 read=8
RUST_UIO: uio_fread requested=20 read=20
RUST_UIO: uio_fread requested=4 read=4
RUST_UIO: uio_fclose called
RUST_UIO: uio_fopen entry
RUST_UIO: uio_fopen called
RUST_UIO: uio_fopen path="/Users/runner/work/_temp/s4-command-evidence/bundle/run-0/payloads/native-window.acceptance/inputs/content/base/fonts/starcon.fon/0002f.png" mode=rb
RUST_UIO: uio_fopen returning stream=0x600002d08a80
RUST_UIO: uio_fread requested=8 read=8
RUST_UIO: uio_fread requested=8 read=8
RUST_UIO: uio_fread requested=13 read=13
RUST_UIO: uio_fread requested=4 read=4
RUST_UIO: uio_fread requested=8 read=8
RUST_UIO: uio_fread requested=63 read=63
RUST_UIO: uio_fread requested=4 read=4
RUST_UIO: uio_fread requested=8 read=8
RUST_UIO: uio_fread requested=14 read=14
RUST_UIO: uio_fread requested=4 read=4
RUST_UIO: uio_fread requested=8 read=8
RUST_UIO: uio_fread requested=18 read=18
RUST_UIO: uio_fread requested=4 read=4
RUST_UIO: uio_fread requested=8 read=8
RUST_UIO: uio_fread requested=20 read=20
RUST_UIO: uio_fread requested=4 read=4
RUST_UIO: uio_fclose called
RUST_UIO: uio_fopen entry
RUST_UIO: uio_fopen called
RUST_UIO: uio_fopen path="/Users/runner/work/_temp/s4-command-evidence/bundle/run-0/payloads/native-window.acceptance/inputs/content/base/fonts/starcon.fon/00034.png" mode=rb
RUST_UIO: uio_fopen returning stream=0x600002d08ac0
RUST_UIO: uio_fread requested=8 read=8
RUST_UIO: uio_fread requested=8 read=8
RUST_UIO: uio_fread requested=13 read=13
RUST_UIO: uio_fread requested=4 read=4
RUST_UIO: uio_fread requested=8 read=8
RUST_UIO: uio_fread requested=63 read=63
RUST_UIO: uio_fread requested=4 read=4
RUST_UIO: uio_fread requested=8 read=8
RUST_UIO: uio_fread requested=14 read=14
RUST_UIO: uio_fread requested=4 read=4
RUST_UIO: uio_fread requested=8 read=8
RUST_UIO: uio_fread requested=18 read=18
RUST_UIO: uio_fread requested=4 read=4
RUST_UIO: uio_fread requested=8 read=8
RUST_UIO: uio_fread requested=37 read=37
RUST_UIO: uio_fread requested=4 read=4
RUST_UIO: uio_fclose called
RUST_UIO: uio_fopen entry
RUST_UIO: uio_fopen called
RUST_UIO: uio_fopen path="/Users/runner/work/_temp/s4-command-evidence/bundle/run-0/payloads/native-window.acceptance/inputs/content/base/fonts/starcon.fon/00020.png" mode=rb
RUST_UIO: uio_fopen returning stream=0x600002d08a80
RUST_UIO: uio_fread requested=8 read=8
RUST_UIO: uio_fread requested=8 read=8
RUST_UIO: uio_fread requested=13 read=13
RUST_UIO: uio_fread requested=4 read=4
RUST_UIO: uio_fread requested=8 read=8
RUST_UIO: uio_fread requested=63 read=63
RUST_UIO: uio_fread requested=4 read=4
RUST_UIO: uio_fread requested=8 read=8
RUST_UIO: uio_fread requested=14 read=14
RUST_UIO: uio_fread requested=4 read=4
RUST_UIO: uio_fread requested=8 read=8
RUST_UIO: uio_fread requested=18 read=18
RUST_UIO: uio_fread requested=4 read=4
RUST_UIO: uio_fread requested=8 read=8
RUST_UIO: uio_fread requested=12 read=12
RUST_UIO: uio_fread requested=4 read=4
RUST_UIO: uio_fclose called
RUST_UIO: uio_fopen entry
RUST_UIO: uio_fopen called
RUST_UIO: uio_fopen path="/Users/runner/work/_temp/s4-command-evidence/bundle/run-0/payloads/native-window.acceptance/inputs/content/base/fonts/starcon.fon/00021.png" mode=rb
RUST_UIO: uio_fopen returning stream=0x600002d08ac0
RUST_UIO: uio_fread requested=8 read=8
RUST_UIO: uio_fread requested=8 read=8
RUST_UIO: uio_fread requested=13 read=13
RUST_UIO: uio_fread requested=4 read=4
RUST_UIO: uio_fread requested=8 read=8
RUST_UIO: uio_fread requested=63 read=63
RUST_UIO: uio_fread requested=4 read=4
RUST_UIO: uio_fread requested=8 read=8
RUST_UIO: uio_fread requested=14 read=14
RUST_UIO: uio_fread requested=4 read=4
RUST_UIO: uio_fread requested=8 read=8
RUST_UIO: uio_fread requested=18 read=18
RUST_UIO: uio_fread requested=4 read=4
RUST_UIO: uio_fread requested=8 read=8
RUST_UIO: uio_fread requested=30 read=30
RUST_UIO: uio_fread requested=4 read=4
RUST_UIO: uio_fclose called
RUST_UIO: uio_fopen entry
RUST_UIO: uio_fopen called
RUST_UIO: uio_fopen path="/Users/runner/work/_temp/s4-command-evidence/bundle/run-0/payloads/native-window.acceptance/inputs/content/base/fonts/starcon.fon/00035.png" mode=rb
RUST_UIO: uio_fopen returning stream=0x600002d08a80
RUST_UIO: uio_fread requested=8 read=8
RUST_UIO: uio_fread requested=8 read=8
RUST_UIO: uio_fread requested=13 read=13
RUST_UIO: uio_fread requested=4 read=4
RUST_UIO: uio_fread requested=8 read=8
RUST_UIO: uio_fread requested=63 read=63
RUST_UIO: uio_fread requested=4 read=4
RUST_UIO: uio_fread requested=8 read=8
RUST_UIO: uio_fread requested=14 read=14
RUST_UIO: uio_fread requested=4 read=4
RUST_UIO: uio_fread requested=8 read=8
RUST_UIO: uio_fread requested=18 read=18
RUST_UIO: uio_fread requested=4 read=4
RUST_UIO: uio_fread requested=8 read=8
RUST_UIO: uio_fread requested=42 read=42
RUST_UIO: uio_fread requested=4 read=4
RUST_UIO: uio_fclose called
RUST_UIO: uio_fopen entry
RUST_UIO: uio_fopen called
RUST_UIO: uio_fopen path="/Users/runner/work/_temp/s4-command-evidence/bundle/run-0/payloads/native-window.acceptance/inputs/content/base/fonts/starcon.fon/0003c.png" mode=rb
RUST_UIO: uio_fopen returning stream=0x600002d08ac0
RUST_UIO: uio_fread requested=8 read=8
RUST_UIO: uio_fread requested=8 read=8
RUST_UIO: uio_fread requested=13 read=13
RUST_UIO: uio_fread requested=4 read=4
RUST_UIO: uio_fread requested=8 read=8
RUST_UIO: uio_fread requested=63 read=63
RUST_UIO: uio_fread requested=4 read=4
RUST_UIO: uio_fread requested=8 read=8
RUST_UIO: uio_fread requested=14 read=14
RUST_UIO: uio_fread requested=4 read=4
RUST_UIO: uio_fread requested=8 read=8
RUST_UIO: uio_fread requested=18 read=18
RUST_UIO: uio_fread requested=4 read=4
RUST_UIO: uio_fread requested=8 read=8
RUST_UIO: uio_fread requested=24 read=24
RUST_UIO: uio_fread requested=4 read=4
RUST_UIO: uio_fclose called
RUST_UIO: uio_fopen entry
RUST_UIO: uio_fopen called
RUST_UIO: uio_fopen path="/Users/runner/work/_temp/s4-command-evidence/bundle/run-0/payloads/native-window.acceptance/inputs/content/base/fonts/starcon.fon/00038.png" mode=rb
RUST_UIO: uio_fopen returning stream=0x600002d08a80
RUST_UIO: uio_fread requested=8 read=8
RUST_UIO: uio_fread requested=8 read=8
RUST_UIO: uio_fread requested=13 read=13
RUST_UIO: uio_fread requested=4 read=4
RUST_UIO: uio_fread requested=8 read=8
RUST_UIO: uio_fread requested=63 read=63
RUST_UIO: uio_fread requested=4 read=4
RUST_UIO: uio_fread requested=8 read=8
RUST_UIO: uio_fread requested=14 read=14
RUST_UIO: uio_fread requested=4 read=4
RUST_UIO: uio_fread requested=8 read=8
RUST_UIO: uio_fread requested=18 read=18
RUST_UIO: uio_fread requested=4 read=4
RUST_UIO: uio_fread requested=8 read=8
RUST_UIO: uio_fread requested=37 read=37
RUST_UIO: uio_fread requested=4 read=4
RUST_UIO: uio_fclose called
RUST_UIO: uio_fopen entry
RUST_UIO: uio_fopen called
RUST_UIO: uio_fopen path="/Users/runner/work/_temp/s4-command-evidence/bundle/run-0/payloads/native-window.acceptance/inputs/content/base/fonts/starcon.fon/00039.png" mode=rb
RUST_UIO: uio_fopen returning stream=0x600002d08ac0
RUST_UIO: uio_fread requested=8 read=8
RUST_UIO: uio_fread requested=8 read=8
RUST_UIO: uio_fread requested=13 read=13
RUST_UIO: uio_fread requested=4 read=4
RUST_UIO: uio_fread requested=8 read=8
RUST_UIO: uio_fread requested=63 read=63
RUST_UIO: uio_fread requested=4 read=4
RUST_UIO: uio_fread requested=8 read=8
RUST_UIO: uio_fread requested=14 read=14
RUST_UIO: uio_fread requested=4 read=4
RUST_UIO: uio_fread requested=8 read=8
RUST_UIO: uio_fread requested=18 read=18
RUST_UIO: uio_fread requested=4 read=4
RUST_UIO: uio_fread requested=8 read=8
RUST_UIO: uio_fread requested=43 read=43
RUST_UIO: uio_fread requested=4 read=4
RUST_UIO: uio_fclose called
RUST_UIO: uio_fopen entry
RUST_UIO: uio_fopen called
RUST_UIO: uio_fopen path="/Users/runner/work/_temp/s4-command-evidence/bundle/run-0/payloads/native-window.acceptance/inputs/content/base/fonts/starcon.fon/00029.png" mode=rb
RUST_UIO: uio_fopen returning stream=0x600002d08a80
RUST_UIO: uio_fread requested=8 read=8
RUST_UIO: uio_fread requested=8 read=8
RUST_UIO: uio_fread requested=13 read=13
RUST_UIO: uio_fread requested=4 read=4
RUST_UIO: uio_fread requested=8 read=8
RUST_UIO: uio_fread requested=63 read=63
RUST_UIO: uio_fread requested=4 read=4
RUST_UIO: uio_fread requested=8 read=8
RUST_UIO: uio_fread requested=14 read=14
RUST_UIO: uio_fread requested=4 read=4
RUST_UIO: uio_fread requested=8 read=8
RUST_UIO: uio_fread requested=18 read=18
RUST_UIO: uio_fread requested=4 read=4
RUST_UIO: uio_fread requested=8 read=8
RUST_UIO: uio_fread requested=28 read=28
RUST_UIO: uio_fread requested=4 read=4
RUST_UIO: uio_fclose called
RUST_UIO: uio_fopen entry
RUST_UIO: uio_fopen called
RUST_UIO: uio_fopen path="/Users/runner/work/_temp/s4-command-evidence/bundle/run-0/payloads/native-window.acceptance/inputs/content/base/fonts/starcon.fon/00028.png" mode=rb
RUST_UIO: uio_fopen returning stream=0x600002d08ac0
RUST_UIO: uio_fread requested=8 read=8
RUST_UIO: uio_fread requested=8 read=8
RUST_UIO: uio_fread requested=13 read=13
RUST_UIO: uio_fread requested=4 read=4
RUST_UIO: uio_fread requested=8 read=8
RUST_UIO: uio_fread requested=63 read=63
RUST_UIO: uio_fread requested=4 read=4
RUST_UIO: uio_fread requested=8 read=8
RUST_UIO: uio_fread requested=14 read=14
RUST_UIO: uio_fread requested=4 read=4
RUST_UIO: uio_fread requested=8 read=8
RUST_UIO: uio_fread requested=18 read=18
RUST_UIO: uio_fread requested=4 read=4
RUST_UIO: uio_fread requested=8 read=8
RUST_UIO: uio_fread requested=29 read=29
RUST_UIO: uio_fread requested=4 read=4
RUST_UIO: uio_fclose called
RUST_UIO: uio_fopen entry
RUST_UIO: uio_fopen called
RUST_UIO: uio_fopen path="/Users/runner/work/_temp/s4-command-evidence/bundle/run-0/payloads/native-window.acceptance/inputs/content/base/fonts/starcon.fon/00073.png" mode=rb
RUST_UIO: uio_fopen returning stream=0x600002d08a80
RUST_UIO: uio_fread requested=8 read=8
RUST_UIO: uio_fread requested=8 read=8
RUST_UIO: uio_fread requested=13 read=13
RUST_UIO: uio_fread requested=4 read=4
RUST_UIO: uio_fread requested=8 read=8
RUST_UIO: uio_fread requested=63 read=63
RUST_UIO: uio_fread requested=4 read=4
RUST_UIO: uio_fread requested=8 read=8
RUST_UIO: uio_fread requested=14 read=14
RUST_UIO: uio_fread requested=4 read=4
RUST_UIO: uio_fread requested=8 read=8
RUST_UIO: uio_fread requested=18 read=18
RUST_UIO: uio_fread requested=4 read=4
RUST_UIO: uio_fread requested=8 read=8
RUST_UIO: uio_fread requested=42 read=42
RUST_UIO: uio_fread requested=4 read=4
RUST_UIO: uio_fclose called
RUST_UIO: uio_fopen entry
RUST_UIO: uio_fopen called
RUST_UIO: uio_fopen path="/Users/runner/work/_temp/s4-command-evidence/bundle/run-0/payloads/native-window.acceptance/inputs/content/base/fonts/starcon.fon/00067.png" mode=rb
RUST_UIO: uio_fopen returning stream=0x600002d08ac0
RUST_UIO: uio_fread requested=8 read=8
RUST_UIO: uio_fread requested=8 read=8
RUST_UIO: uio_fread requested=13 read=13
RUST_UIO: uio_fread requested=4 read=4
RUST_UIO: uio_fread requested=8 read=8
RUST_UIO: uio_fread requested=63 read=63
RUST_UIO: uio_fread requested=4 read=4
RUST_UIO: uio_fread requested=8 read=8
RUST_UIO: uio_fread requested=14 read=14
RUST_UIO: uio_fread requested=4 read=4
RUST_UIO: uio_fread requested=8 read=8
RUST_UIO: uio_fread requested=18 read=18
RUST_UIO: uio_fread requested=4 read=4
RUST_UIO: uio_fread requested=8 read=8
RUST_UIO: uio_fread requested=46 read=46
RUST_UIO: uio_fread requested=4 read=4
RUST_UIO: uio_fclose called
RUST_UIO: uio_fopen entry
RUST_UIO: uio_fopen called
RUST_UIO: uio_fopen path="/Users/runner/work/_temp/s4-command-evidence/bundle/run-0/payloads/native-window.acceptance/inputs/content/base/fonts/starcon.fon/0007e.png" mode=rb
RUST_UIO: uio_fopen returning stream=0x600002d08a80
RUST_UIO: uio_fread requested=8 read=8
RUST_UIO: uio_fread requested=8 read=8
RUST_UIO: uio_fread requested=13 read=13
RUST_UIO: uio_fread requested=4 read=4
RUST_UIO: uio_fread requested=8 read=8
RUST_UIO: uio_fread requested=4 read=4
RUST_UIO: uio_fread requested=4 read=4
RUST_UIO: uio_fread requested=8 read=8
RUST_UIO: uio_fread requested=32 read=32
RUST_UIO: uio_fread requested=4 read=4
RUST_UIO: uio_fread requested=8 read=8
RUST_UIO: uio_fread requested=53 read=53
RUST_UIO: uio_fread requested=4 read=4
RUST_UIO: uio_fclose called
RUST_UIO: uio_fopen entry
RUST_UIO: uio_fopen called
RUST_UIO: uio_fopen path="/Users/runner/work/_temp/s4-command-evidence/bundle/run-0/payloads/native-window.acceptance/inputs/content/base/fonts/starcon.fon/0006a.png" mode=rb
RUST_UIO: uio_fopen returning stream=0x600002d08ac0
RUST_UIO: uio_fread requested=8 read=8
RUST_UIO: uio_fread requested=8 read=8
RUST_UIO: uio_fread requested=13 read=13
RUST_UIO: uio_fread requested=4 read=4
RUST_UIO: uio_fread requested=8 read=8
RUST_UIO: uio_fread requested=63 read=63
RUST_UIO: uio_fread requested=4 read=4
RUST_UIO: uio_fread requested=8 read=8
RUST_UIO: uio_fread requested=14 read=14
RUST_UIO: uio_fread requested=4 read=4
RUST_UIO: uio_fread requested=8 read=8
RUST_UIO: uio_fread requested=18 read=18
RUST_UIO: uio_fread requested=4 read=4
RUST_UIO: uio_fread requested=8 read=8
RUST_UIO: uio_fread requested=43 read=43
RUST_UIO: uio_fread requested=4 read=4
RUST_UIO: uio_fclose called
RUST_UIO: uio_fopen entry
RUST_UIO: uio_fopen called
RUST_UIO: uio_fopen path="/Users/runner/work/_temp/s4-command-evidence/bundle/run-0/payloads/native-window.acceptance/inputs/content/base/fonts/starcon.fon/0007d.png" mode=rb
RUST_UIO: uio_fopen returning stream=0x600002d08a80
RUST_UIO: uio_fread requested=8 read=8
RUST_UIO: uio_fread requested=8 read=8
RUST_UIO: uio_fread requested=13 read=13
RUST_UIO: uio_fread requested=4 read=4
RUST_UIO: uio_fread requested=8 read=8
RUST_UIO: uio_fread requested=63 read=63
RUST_UIO: uio_fread requested=4 read=4
RUST_UIO: uio_fread requested=8 read=8
RUST_UIO: uio_fread requested=14 read=14
RUST_UIO: uio_fread requested=4 read=4
RUST_UIO: uio_fread requested=8 read=8
RUST_UIO: uio_fread requested=18 read=18
RUST_UIO: uio_fread requested=4 read=4
RUST_UIO: uio_fread requested=8 read=8
RUST_UIO: uio_fread requested=25 read=25
RUST_UIO: uio_fread requested=4 read=4
RUST_UIO: uio_fclose called
RUST_UIO: uio_fopen entry
RUST_UIO: uio_fopen called
RUST_UIO: uio_fopen path="/Users/runner/work/_temp/s4-command-evidence/bundle/run-0/payloads/native-window.acceptance/inputs/content/base/fonts/starcon.fon/00066.png" mode=rb
RUST_UIO: uio_fopen returning stream=0x600002d08ac0
RUST_UIO: uio_fread requested=8 read=8
RUST_UIO: uio_fread requested=8 read=8
RUST_UIO: uio_fread requested=13 read=13
RUST_UIO: uio_fread requested=4 read=4
RUST_UIO: uio_fread requested=8 read=8
RUST_UIO: uio_fread requested=63 read=63
RUST_UIO: uio_fread requested=4 read=4
RUST_UIO: uio_fread requested=8 read=8
RUST_UIO: uio_fread requested=14 read=14
RUST_UIO: uio_fread requested=4 read=4
RUST_UIO: uio_fread requested=8 read=8
RUST_UIO: uio_fread requested=18 read=18
RUST_UIO: uio_fread requested=4 read=4
RUST_UIO: uio_fread requested=8 read=8
RUST_UIO: uio_fread requested=37 read=37
RUST_UIO: uio_fread requested=4 read=4
RUST_UIO: uio_fclose called
RUST_UIO: uio_fopen entry
RUST_UIO: uio_fopen called
RUST_UIO: uio_fopen path="/Users/runner/work/_temp/s4-command-evidence/bundle/run-0/payloads/native-window.acceptance/inputs/content/base/fonts/starcon.fon/00072.png" mode=rb
RUST_UIO: uio_fopen returning stream=0x600002d08a80
RUST_UIO: uio_fread requested=8 read=8
RUST_UIO: uio_fread requested=8 read=8
RUST_UIO: uio_fread requested=13 read=13
RUST_UIO: uio_fread requested=4 read=4
RUST_UIO: uio_fread requested=8 read=8
RUST_UIO: uio_fread requested=63 read=63
RUST_UIO: uio_fread requested=4 read=4
RUST_UIO: uio_fread requested=8 read=8
RUST_UIO: uio_fread requested=14 read=14
RUST_UIO: uio_fread requested=4 read=4
RUST_UIO: uio_fread requested=8 read=8
RUST_UIO: uio_fread requested=18 read=18
RUST_UIO: uio_fread requested=4 read=4
RUST_UIO: uio_fread requested=8 read=8
RUST_UIO: uio_fread requested=41 read=41
RUST_UIO: uio_fread requested=4 read=4
RUST_UIO: uio_fclose called
RUST_UIO: uio_fopen entry
RUST_UIO: uio_fopen called
RUST_UIO: uio_fopen path="/Users/runner/work/_temp/s4-command-evidence/bundle/run-0/payloads/native-window.acceptance/inputs/content/base/fonts/starcon.fon/00064.png" mode=rb
RUST_UIO: uio_fopen returning stream=0x600002d08ac0
RUST_UIO: uio_fread requested=8 read=8
RUST_UIO: uio_fread requested=8 read=8
RUST_UIO: uio_fread requested=13 read=13
RUST_UIO: uio_fread requested=4 read=4
RUST_UIO: uio_fread requested=8 read=8
RUST_UIO: uio_fread requested=63 read=63
RUST_UIO: uio_fread requested=4 read=4
RUST_UIO: uio_fread requested=8 read=8
RUST_UIO: uio_fread requested=14 read=14
RUST_UIO: uio_fread requested=4 read=4
RUST_UIO: uio_fread requested=8 read=8
RUST_UIO: uio_fread requested=18 read=18
RUST_UIO: uio_fread requested=4 read=4
RUST_UIO: uio_fread requested=8 read=8
RUST_UIO: uio_fread requested=44 read=44
RUST_UIO: uio_fread requested=4 read=4
RUST_UIO: uio_fclose called
RUST_UIO: uio_fopen entry
RUST_UIO: uio_fopen called
RUST_UIO: uio_fopen path="/Users/runner/work/_temp/s4-command-evidence/bundle/run-0/payloads/native-window.acceptance/inputs/content/base/fonts/starcon.fon/00070.png" mode=rb
RUST_UIO: uio_fopen returning stream=0x600002d08a80
RUST_UIO: uio_fread requested=8 read=8
RUST_UIO: uio_fread requested=8 read=8
RUST_UIO: uio_fread requested=13 read=13
RUST_UIO: uio_fread requested=4 read=4
RUST_UIO: uio_fread requested=8 read=8
RUST_UIO: uio_fread requested=63 read=63
RUST_UIO: uio_fread requested=4 read=4
RUST_UIO: uio_fread requested=8 read=8
RUST_UIO: uio_fread requested=14 read=14
RUST_UIO: uio_fread requested=4 read=4
RUST_UIO: uio_fread requested=8 read=8
RUST_UIO: uio_fread requested=18 read=18
RUST_UIO: uio_fread requested=4 read=4
RUST_UIO: uio_fread requested=8 read=8
RUST_UIO: uio_fread requested=42 read=42
RUST_UIO: uio_fread requested=4 read=4
RUST_UIO: uio_fclose called
RUST_UIO: uio_fopen entry
RUST_UIO: uio_fopen called
RUST_UIO: uio_fopen path="/Users/runner/work/_temp/s4-command-evidence/bundle/run-0/payloads/native-window.acceptance/inputs/content/base/fonts/starcon.fon/0006b.png" mode=rb
RUST_UIO: uio_fopen returning stream=0x600002d08ac0
RUST_UIO: uio_fread requested=8 read=8
RUST_UIO: uio_fread requested=8 read=8
RUST_UIO: uio_fread requested=13 read=13
RUST_UIO: uio_fread requested=4 read=4
RUST_UIO: uio_fread requested=8 read=8
RUST_UIO: uio_fread requested=63 read=63
RUST_UIO: uio_fread requested=4 read=4
RUST_UIO: uio_fread requested=8 read=8
RUST_UIO: uio_fread requested=14 read=14
RUST_UIO: uio_fread requested=4 read=4
RUST_UIO: uio_fread requested=8 read=8
RUST_UIO: uio_fread requested=18 read=18
RUST_UIO: uio_fread requested=4 read=4
RUST_UIO: uio_fread requested=8 read=8
RUST_UIO: uio_fread requested=44 read=44
RUST_UIO: uio_fread requested=4 read=4
RUST_UIO: uio_fclose called
RUST_UIO: uio_fopen entry
RUST_UIO: uio_fopen called
RUST_UIO: uio_fopen path="/Users/runner/work/_temp/s4-command-evidence/bundle/run-0/payloads/native-window.acceptance/inputs/content/base/fonts/starcon.fon/00058.png" mode=rb
RUST_UIO: uio_fopen returning stream=0x600002d65600
RUST_UIO: uio_fread requested=8 read=8
RUST_UIO: uio_fread requested=8 read=8
RUST_UIO: uio_fread requested=13 read=13
RUST_UIO: uio_fread requested=4 read=4
RUST_UIO: uio_fread requested=8 read=8
RUST_UIO: uio_fread requested=63 read=63
RUST_UIO: uio_fread requested=4 read=4
RUST_UIO: uio_fread requested=8 read=8
RUST_UIO: uio_fread requested=14 read=14
RUST_UIO: uio_fread requested=4 read=4
RUST_UIO: uio_fread requested=8 read=8
RUST_UIO: uio_fread requested=18 read=18
RUST_UIO: uio_fread requested=4 read=4
RUST_UIO: uio_fread requested=8 read=8
RUST_UIO: uio_fread requested=39 read=39
RUST_UIO: uio_fread requested=4 read=4
RUST_UIO: uio_fclose called
RUST_UIO: uio_fopen entry
RUST_UIO: uio_fopen called
RUST_UIO: uio_fopen path="/Users/runner/work/_temp/s4-command-evidence/bundle/run-0/payloads/native-window.acceptance/inputs/content/base/fonts/starcon.fon/00059.png" mode=rb
RUST_UIO: uio_fopen returning stream=0x600002d65600
RUST_UIO: uio_fread requested=8 read=8
RUST_UIO: uio_fread requested=8 read=8
RUST_UIO: uio_fread requested=13 read=13
RUST_UIO: uio_fread requested=4 read=4
RUST_UIO: uio_fread requested=8 read=8
RUST_UIO: uio_fread requested=63 read=63
RUST_UIO: uio_fread requested=4 read=4
RUST_UIO: uio_fread requested=8 read=8
RUST_UIO: uio_fread requested=14 read=14
RUST_UIO: uio_fread requested=4 read=4
RUST_UIO: uio_fread requested=8 read=8
RUST_UIO: uio_fread requested=18 read=18
RUST_UIO: uio_fread requested=4 read=4
RUST_UIO: uio_fread requested=8 read=8
RUST_UIO: uio_fread requested=46 read=46
RUST_UIO: uio_fread requested=4 read=4
RUST_UIO: uio_fclose called
RUST_UIO: uio_fopen entry
RUST_UIO: uio_fopen called
RUST_UIO: uio_fopen path="/Users/runner/work/_temp/s4-command-evidence/bundle/run-0/payloads/native-window.acceptance/inputs/content/base/fonts/starcon.fon/0006c.png" mode=rb
RUST_UIO: uio_fopen returning stream=0x600002d0c0c0
RUST_UIO: uio_fread requested=8 read=8
RUST_UIO: uio_fread requested=8 read=8
RUST_UIO: uio_fread requested=13 read=13
RUST_UIO: uio_fread requested=4 read=4
RUST_UIO: uio_fread requested=8 read=8
RUST_UIO: uio_fread requested=63 read=63
RUST_UIO: uio_fread requested=4 read=4
RUST_UIO: uio_fread requested=8 read=8
RUST_UIO: uio_fread requested=14 read=14
RUST_UIO: uio_fread requested=4 read=4
RUST_UIO: uio_fread requested=8 read=8
RUST_UIO: uio_fread requested=18 read=18
RUST_UIO: uio_fread requested=4 read=4
RUST_UIO: uio_fread requested=8 read=8
RUST_UIO: uio_fread requested=27 read=27
RUST_UIO: uio_fread requested=4 read=4
RUST_UIO: uio_fclose called
RUST_UIO: uio_fopen entry
RUST_UIO: uio_fopen called
RUST_UIO: uio_fopen path="/Users/runner/work/_temp/s4-command-evidence/bundle/run-0/payloads/native-window.acceptance/inputs/content/base/fonts/starcon.fon/00071.png" mode=rb
RUST_UIO: uio_fopen returning stream=0x600002d0c080
RUST_UIO: uio_fread requested=8 read=8
RUST_UIO: uio_fread requested=8 read=8
RUST_UIO: uio_fread requested=13 read=13
RUST_UIO: uio_fread requested=4 read=4
RUST_UIO: uio_fread requested=8 read=8
RUST_UIO: uio_fread requested=63 read=63
RUST_UIO: uio_fread requested=4 read=4
RUST_UIO: uio_fread requested=8 read=8
RUST_UIO: uio_fread requested=14 read=14
RUST_UIO: uio_fread requested=4 read=4
RUST_UIO: uio_fread requested=8 read=8
RUST_UIO: uio_fread requested=18 read=18
RUST_UIO: uio_fread requested=4 read=4
RUST_UIO: uio_fread requested=8 read=8
RUST_UIO: uio_fread requested=48 read=48
RUST_UIO: uio_fread requested=4 read=4
RUST_UIO: uio_fclose called
RUST_UIO: uio_fopen entry
RUST_UIO: uio_fopen called
RUST_UIO: uio_fopen path="/Users/runner/work/_temp/s4-command-evidence/bundle/run-0/payloads/native-window.acceptance/inputs/content/base/fonts/starcon.fon/00065.png" mode=rb
RUST_UIO: uio_fopen returning stream=0x600002d0c0c0
RUST_UIO: uio_fread requested=8 read=8
RUST_UIO: uio_fread requested=8 read=8
RUST_UIO: uio_fread requested=13 read=13
RUST_UIO: uio_fread requested=4 read=4
RUST_UIO: uio_fread requested=8 read=8
RUST_UIO: uio_fread requested=63 read=63
RUST_UIO: uio_fread requested=4 read=4
RUST_UIO: uio_fread requested=8 read=8
RUST_UIO: uio_fread requested=14 read=14
RUST_UIO: uio_fread requested=4 read=4
RUST_UIO: uio_fread requested=8 read=8
RUST_UIO: uio_fread requested=18 read=18
RUST_UIO: uio_fread requested=4 read=4
RUST_UIO: uio_fread requested=8 read=8
RUST_UIO: uio_fread requested=39 read=39
RUST_UIO: uio_fread requested=4 read=4
RUST_UIO: uio_fclose called
RUST_UIO: uio_fopen entry
RUST_UIO: uio_fopen called
RUST_UIO: uio_fopen path="/Users/runner/work/_temp/s4-command-evidence/bundle/run-0/payloads/native-window.acceptance/inputs/content/base/fonts/starcon.fon/00049.png" mode=rb
RUST_UIO: uio_fopen returning stream=0x600002d0c080
RUST_UIO: uio_fread requested=8 read=8
RUST_UIO: uio_fread requested=8 read=8
RUST_UIO: uio_fread requested=13 read=13
RUST_UIO: uio_fread requested=4 read=4
RUST_UIO: uio_fread requested=8 read=8
RUST_UIO: uio_fread requested=63 read=63
RUST_UIO: uio_fread requested=4 read=4
RUST_UIO: uio_fread requested=8 read=8
RUST_UIO: uio_fread requested=14 read=14
RUST_UIO: uio_fread requested=4 read=4
RUST_UIO: uio_fread requested=8 read=8
RUST_UIO: uio_fread requested=18 read=18
RUST_UIO: uio_fread requested=4 read=4
RUST_UIO: uio_fread requested=8 read=8
RUST_UIO: uio_fread requested=27 read=27
RUST_UIO: uio_fread requested=4 read=4
RUST_UIO: uio_fclose called
RUST_UIO: uio_fopen entry
RUST_UIO: uio_fopen called
RUST_UIO: uio_fopen path="/Users/runner/work/_temp/s4-command-evidence/bundle/run-0/payloads/native-window.acceptance/inputs/content/base/fonts/starcon.fon/0007c.png" mode=rb
RUST_UIO: uio_fopen returning stream=0x600002d0c0c0
RUST_UIO: uio_fread requested=8 read=8
RUST_UIO: uio_fread requested=8 read=8
RUST_UIO: uio_fread requested=13 read=13
RUST_UIO: uio_fread requested=4 read=4
RUST_UIO: uio_fread requested=8 read=8
RUST_UIO: uio_fread requested=63 read=63
RUST_UIO: uio_fread requested=4 read=4
RUST_UIO: uio_fread requested=8 read=8
RUST_UIO: uio_fread requested=14 read=14
RUST_UIO: uio_fread requested=4 read=4
RUST_UIO: uio_fread requested=8 read=8
RUST_UIO: uio_fread requested=18 read=18
RUST_UIO: uio_fread requested=4 read=4
RUST_UIO: uio_fread requested=8 read=8
RUST_UIO: uio_fread requested=23 read=23
RUST_UIO: uio_fread requested=4 read=4
RUST_UIO: uio_fclose called
RUST_UIO: uio_fopen entry
RUST_UIO: uio_fopen called
RUST_UIO: uio_fopen path="/Users/runner/work/_temp/s4-command-evidence/bundle/run-0/payloads/native-window.acceptance/inputs/content/base/fonts/starcon.fon/00061.png" mode=rb
RUST_UIO: uio_fopen returning stream=0x600002d0c080
RUST_UIO: uio_fread requested=8 read=8
RUST_UIO: uio_fread requested=8 read=8
RUST_UIO: uio_fread requested=13 read=13
RUST_UIO: uio_fread requested=4 read=4
RUST_UIO: uio_fread requested=8 read=8
RUST_UIO: uio_fread requested=63 read=63
RUST_UIO: uio_fread requested=4 read=4
RUST_UIO: uio_fread requested=8 read=8
RUST_UIO: uio_fread requested=14 read=14
RUST_UIO: uio_fread requested=4 read=4
RUST_UIO: uio_fread requested=8 read=8
RUST_UIO: uio_fread requested=18 read=18
RUST_UIO: uio_fread requested=4 read=4
RUST_UIO: uio_fread requested=8 read=8
RUST_UIO: uio_fread requested=45 read=45
RUST_UIO: uio_fread requested=4 read=4
RUST_UIO: uio_fclose called
RUST_UIO: uio_fopen entry
RUST_UIO: uio_fopen called
RUST_UIO: uio_fopen path="/Users/runner/work/_temp/s4-command-evidence/bundle/run-0/payloads/native-window.acceptance/inputs/content/base/fonts/starcon.fon/00075.png" mode=rb
RUST_UIO: uio_fopen returning stream=0x600002d0c0c0
RUST_UIO: uio_fread requested=8 read=8
RUST_UIO: uio_fread requested=8 read=8
RUST_UIO: uio_fread requested=13 read=13
RUST_UIO: uio_fread requested=4 read=4
RUST_UIO: uio_fread requested=8 read=8
RUST_UIO: uio_fread requested=63 read=63
RUST_UIO: uio_fread requested=4 read=4
RUST_UIO: uio_fread requested=8 read=8
RUST_UIO: uio_fread requested=14 read=14
RUST_UIO: uio_fread requested=4 read=4
RUST_UIO: uio_fread requested=8 read=8
RUST_UIO: uio_fread requested=18 read=18
RUST_UIO: uio_fread requested=4 read=4
RUST_UIO: uio_fread requested=8 read=8
RUST_UIO: uio_fread requested=32 read=32
RUST_UIO: uio_fread requested=4 read=4
RUST_UIO: uio_fclose called
RUST_UIO: uio_fopen entry
RUST_UIO: uio_fopen called
RUST_UIO: uio_fopen path="/Users/runner/work/_temp/s4-command-evidence/bundle/run-0/payloads/native-window.acceptance/inputs/content/base/fonts/starcon.fon/00074.png" mode=rb
RUST_UIO: uio_fopen returning stream=0x600002d0c080
RUST_UIO: uio_fread requested=8 read=8
RUST_UIO: uio_fread requested=8 read=8
RUST_UIO: uio_fread requested=13 read=13
RUST_UIO: uio_fread requested=4 read=4
RUST_UIO: uio_fread requested=8 read=8
RUST_UIO: uio_fread requested=63 read=63
RUST_UIO: uio_fread requested=4 read=4
RUST_UIO: uio_fread requested=8 read=8
RUST_UIO: uio_fread requested=14 read=14
RUST_UIO: uio_fread requested=4 read=4
RUST_UIO: uio_fread requested=8 read=8
RUST_UIO: uio_fread requested=18 read=18
RUST_UIO: uio_fread requested=4 read=4
RUST_UIO: uio_fread requested=8 read=8
RUST_UIO: uio_fread requested=31 read=31
RUST_UIO: uio_fread requested=4 read=4
RUST_UIO: uio_fclose called
RUST_UIO: uio_fopen entry
RUST_UIO: uio_fopen called
RUST_UIO: uio_fopen path="/Users/runner/work/_temp/s4-command-evidence/bundle/run-0/payloads/native-window.acceptance/inputs/content/base/fonts/starcon.fon/00060.png" mode=rb
RUST_UIO: uio_fopen returning stream=0x600002d0c0c0
RUST_UIO: uio_fread requested=8 read=8
RUST_UIO: uio_fread requested=8 read=8
RUST_UIO: uio_fread requested=13 read=13
RUST_UIO: uio_fread requested=4 read=4
RUST_UIO: uio_fread requested=8 read=8
RUST_UIO: uio_fread requested=63 read=63
RUST_UIO: uio_fread requested=4 read=4
RUST_UIO: uio_fread requested=8 read=8
RUST_UIO: uio_fread requested=14 read=14
RUST_UIO: uio_fread requested=4 read=4
RUST_UIO: uio_fread requested=8 read=8
RUST_UIO: uio_fread requested=18 read=18
RUST_UIO: uio_fread requested=4 read=4
RUST_UIO: uio_fread requested=8 read=8
RUST_UIO: uio_fread requested=20 read=20
RUST_UIO: uio_fread requested=4 read=4
RUST_UIO: uio_fclose called
RUST_UIO: uio_fopen entry
RUST_UIO: uio_fopen called
RUST_UIO: uio_fopen path="/Users/runner/work/_temp/s4-command-evidence/bundle/run-0/payloads/native-window.acceptance/inputs/content/base/fonts/starcon.fon/0007b.png" mode=rb
RUST_UIO: uio_fopen returning stream=0x600002d0c080
RUST_UIO: uio_fread requested=8 read=8
RUST_UIO: uio_fread requested=8 read=8
RUST_UIO: uio_fread requested=13 read=13
RUST_UIO: uio_fread requested=4 read=4
RUST_UIO: uio_fread requested=8 read=8
RUST_UIO: uio_fread requested=63 read=63
RUST_UIO: uio_fread requested=4 read=4
RUST_UIO: uio_fread requested=8 read=8
RUST_UIO: uio_fread requested=14 read=14
RUST_UIO: uio_fread requested=4 read=4
RUST_UIO: uio_fread requested=8 read=8
RUST_UIO: uio_fread requested=18 read=18
RUST_UIO: uio_fread requested=4 read=4
RUST_UIO: uio_fread requested=8 read=8
RUST_UIO: uio_fread requested=32 read=32
RUST_UIO: uio_fread requested=4 read=4
RUST_UIO: uio_fclose called
RUST_UIO: uio_fopen entry
RUST_UIO: uio_fopen called
RUST_UIO: uio_fopen path="/Users/runner/work/_temp/s4-command-evidence/bundle/run-0/payloads/native-window.acceptance/inputs/content/base/fonts/starcon.fon/00048.png" mode=rb
RUST_UIO: uio_fopen returning stream=0x600002d14180
RUST_UIO: uio_fread requested=8 read=8
RUST_UIO: uio_fread requested=8 read=8
RUST_UIO: uio_fread requested=13 read=13
RUST_UIO: uio_fread requested=4 read=4
RUST_UIO: uio_fread requested=8 read=8
RUST_UIO: uio_fread requested=63 read=63
RUST_UIO: uio_fread requested=4 read=4
RUST_UIO: uio_fread requested=8 read=8
RUST_UIO: uio_fread requested=14 read=14
RUST_UIO: uio_fread requested=4 read=4
RUST_UIO: uio_fread requested=8 read=8
RUST_UIO: uio_fread requested=18 read=18
RUST_UIO: uio_fread requested=4 read=4
RUST_UIO: uio_fread requested=8 read=8
RUST_UIO: uio_fread requested=36 read=36
RUST_UIO: uio_fread requested=4 read=4
RUST_UIO: uio_fclose called
RUST_UIO: uio_fopen entry
RUST_UIO: uio_fopen called
RUST_UIO: uio_fopen path="/Users/runner/work/_temp/s4-command-evidence/bundle/run-0/payloads/native-window.acceptance/inputs/content/base/fonts/starcon.fon/0006f.png" mode=rb
RUST_UIO: uio_fopen returning stream=0x600002d14040
RUST_UIO: uio_fread requested=8 read=8
RUST_UIO: uio_fread requested=8 read=8
RUST_UIO: uio_fread requested=13 read=13
RUST_UIO: uio_fread requested=4 read=4
RUST_UIO: uio_fread requested=8 read=8
RUST_UIO: uio_fread requested=63 read=63
RUST_UIO: uio_fread requested=4 read=4
RUST_UIO: uio_fread requested=8 read=8
RUST_UIO: uio_fread requested=14 read=14
RUST_UIO: uio_fread requested=4 read=4
RUST_UIO: uio_fread requested=8 read=8
RUST_UIO: uio_fread requested=18 read=18
RUST_UIO: uio_fread requested=4 read=4
RUST_UIO: uio_fread requested=8 read=8
RUST_UIO: uio_fread requested=43 read=43
RUST_UIO: uio_fread requested=4 read=4
RUST_UIO: uio_fclose called
RUST_UIO: uio_fopen entry
RUST_UIO: uio_fopen called
RUST_UIO: uio_fopen path="/Users/runner/work/_temp/s4-command-evidence/bundle/run-0/payloads/native-window.acceptance/inputs/content/base/fonts/starcon.fon/0006d.png" mode=rb
RUST_UIO: uio_fopen returning stream=0x600002d14180
RUST_UIO: uio_fread requested=8 read=8
RUST_UIO: uio_fread requested=8 read=8
RUST_UIO: uio_fread requested=13 read=13
RUST_UIO: uio_fread requested=4 read=4
RUST_UIO: uio_fread requested=8 read=8
RUST_UIO: uio_fread requested=63 read=63
RUST_UIO: uio_fread requested=4 read=4
RUST_UIO: uio_fread requested=8 read=8
RUST_UIO: uio_fread requested=14 read=14
RUST_UIO: uio_fread requested=4 read=4
RUST_UIO: uio_fread requested=8 read=8
RUST_UIO: uio_fread requested=18 read=18
RUST_UIO: uio_fread requested=4 read=4
RUST_UIO: uio_fread requested=8 read=8
RUST_UIO: uio_fread requested=45 read=45
RUST_UIO: uio_fread requested=4 read=4
RUST_UIO: uio_fclose called
RUST_UIO: uio_fopen entry
RUST_UIO: uio_fopen called
RUST_UIO: uio_fopen path="/Users/runner/work/_temp/s4-command-evidence/bundle/run-0/payloads/native-window.acceptance/inputs/content/base/fonts/starcon.fon/00076.png" mode=rb
RUST_UIO: uio_fopen returning stream=0x600002d14040
RUST_UIO: uio_fread requested=8 read=8
RUST_UIO: uio_fread requested=8 read=8
RUST_UIO: uio_fread requested=13 read=13
RUST_UIO: uio_fread requested=4 read=4
RUST_UIO: uio_fread requested=8 read=8
RUST_UIO: uio_fread requested=63 read=63
RUST_UIO: uio_fread requested=4 read=4
RUST_UIO: uio_fread requested=8 read=8
RUST_UIO: uio_fread requested=14 read=14
RUST_UIO: uio_fread requested=4 read=4
RUST_UIO: uio_fread requested=8 read=8
RUST_UIO: uio_fread requested=18 read=18
RUST_UIO: uio_fread requested=4 read=4
RUST_UIO: uio_fread requested=8 read=8
RUST_UIO: uio_fread requested=37 read=37
RUST_UIO: uio_fread requested=4 read=4
RUST_UIO: uio_fclose called
RUST_UIO: uio_fopen entry
RUST_UIO: uio_fopen called
RUST_UIO: uio_fopen path="/Users/runner/work/_temp/s4-command-evidence/bundle/run-0/payloads/native-window.acceptance/inputs/content/base/fonts/starcon.fon/00062.png" mode=rb
RUST_UIO: uio_fopen returning stream=0x600002d14180
RUST_UIO: uio_fread requested=8 read=8
RUST_UIO: uio_fread requested=8 read=8
RUST_UIO: uio_fread requested=13 read=13
RUST_UIO: uio_fread requested=4 read=4
RUST_UIO: uio_fread requested=8 read=8
RUST_UIO: uio_fread requested=63 read=63
RUST_UIO: uio_fread requested=4 read=4
RUST_UIO: uio_fread requested=8 read=8
RUST_UIO: uio_fread requested=14 read=14
RUST_UIO: uio_fread requested=4 read=4
RUST_UIO: uio_fread requested=8 read=8
RUST_UIO: uio_fread requested=18 read=18
RUST_UIO: uio_fread requested=4 read=4
RUST_UIO: uio_fread requested=8 read=8
RUST_UIO: uio_fread requested=39 read=39
RUST_UIO: uio_fread requested=4 read=4
RUST_UIO: uio_fclose called
RUST_UIO: uio_fopen entry
RUST_UIO: uio_fopen called
RUST_UIO: uio_fopen path="/Users/runner/work/_temp/s4-command-evidence/bundle/run-0/payloads/native-window.acceptance/inputs/content/base/fonts/starcon.fon/00063.png" mode=rb
RUST_UIO: uio_fopen returning stream=0x600002d14040
RUST_UIO: uio_fread requested=8 read=8
RUST_UIO: uio_fread requested=8 read=8
RUST_UIO: uio_fread requested=13 read=13
RUST_UIO: uio_fread requested=4 read=4
RUST_UIO: uio_fread requested=8 read=8
RUST_UIO: uio_fread requested=63 read=63
RUST_UIO: uio_fread requested=4 read=4
RUST_UIO: uio_fread requested=8 read=8
RUST_UIO: uio_fread requested=14 read=14
RUST_UIO: uio_fread requested=4 read=4
RUST_UIO: uio_fread requested=8 read=8
RUST_UIO: uio_fread requested=18 read=18
RUST_UIO: uio_fread requested=4 read=4
RUST_UIO: uio_fread requested=8 read=8
RUST_UIO: uio_fread requested=44 read=44
RUST_UIO: uio_fread requested=4 read=4
RUST_UIO: uio_fclose called
RUST_UIO: uio_fopen entry
RUST_UIO: uio_fopen called
RUST_UIO: uio_fopen path="/Users/runner/work/_temp/s4-command-evidence/bundle/run-0/payloads/native-window.acceptance/inputs/content/base/fonts/starcon.fon/00077.png" mode=rb
RUST_UIO: uio_fopen returning stream=0x600002d614c0
RUST_UIO: uio_fread requested=8 read=8
RUST_UIO: uio_fread requested=8 read=8
RUST_UIO: uio_fread requested=13 read=13
RUST_UIO: uio_fread requested=4 read=4
RUST_UIO: uio_fread requested=8 read=8
RUST_UIO: uio_fread requested=63 read=63
RUST_UIO: uio_fread requested=4 read=4
RUST_UIO: uio_fread requested=8 read=8
RUST_UIO: uio_fread requested=14 read=14
RUST_UIO: uio_fread requested=4 read=4
RUST_UIO: uio_fread requested=8 read=8
RUST_UIO: uio_fread requested=18 read=18
RUST_UIO: uio_fread requested=4 read=4
RUST_UIO: uio_fread requested=8 read=8
RUST_UIO: uio_fread requested=38 read=38
RUST_UIO: uio_fread requested=4 read=4
RUST_UIO: uio_fclose called
RUST_UIO: uio_fopen entry
RUST_UIO: uio_fopen called
RUST_UIO: uio_fopen path="/Users/runner/work/_temp/s4-command-evidence/bundle/run-0/payloads/native-window.acceptance/inputs/content/base/fonts/starcon.fon/0006e.png" mode=rb
RUST_UIO: uio_fopen returning stream=0x600002d62040
RUST_UIO: uio_fread requested=8 read=8
RUST_UIO: uio_fread requested=8 read=8
RUST_UIO: uio_fread requested=13 read=13
RUST_UIO: uio_fread requested=4 read=4
RUST_UIO: uio_fread requested=8 read=8
RUST_UIO: uio_fread requested=63 read=63
RUST_UIO: uio_fread requested=4 read=4
RUST_UIO: uio_fread requested=8 read=8
RUST_UIO: uio_fread requested=14 read=14
RUST_UIO: uio_fread requested=4 read=4
RUST_UIO: uio_fread requested=8 read=8
RUST_UIO: uio_fread requested=18 read=18
RUST_UIO: uio_fread requested=4 read=4
RUST_UIO: uio_fread requested=8 read=8
RUST_UIO: uio_fread requested=45 read=45
RUST_UIO: uio_fread requested=4 read=4
RUST_UIO: uio_fclose called
RUST_UIO: uio_fopen entry
RUST_UIO: uio_fopen called
RUST_UIO: uio_fopen path="/Users/runner/work/_temp/s4-command-evidence/bundle/run-0/payloads/native-window.acceptance/inputs/content/base/fonts/starcon.fon/0007a.png" mode=rb
RUST_UIO: uio_fopen returning stream=0x600002d614c0
RUST_UIO: uio_fread requested=8 read=8
RUST_UIO: uio_fread requested=8 read=8
RUST_UIO: uio_fread requested=13 read=13
RUST_UIO: uio_fread requested=4 read=4
RUST_UIO: uio_fread requested=8 read=8
RUST_UIO: uio_fread requested=63 read=63
RUST_UIO: uio_fread requested=4 read=4
RUST_UIO: uio_fread requested=8 read=8
RUST_UIO: uio_fread requested=14 read=14
RUST_UIO: uio_fread requested=4 read=4
RUST_UIO: uio_fread requested=8 read=8
RUST_UIO: uio_fread requested=18 read=18
RUST_UIO: uio_fread requested=4 read=4
RUST_UIO: uio_fread requested=8 read=8
RUST_UIO: uio_fread requested=32 read=32
RUST_UIO: uio_fread requested=4 read=4
RUST_UIO: uio_fclose called
RUST_UIO: uio_closeDir called
RUST_UIO: uio_stat called
RUST_UIO: uio_openDirRelative called
RUST_UIO: uio_openDirRelative: base="/Users/runner/work/_temp/s4-command-evidence/bundle/run-0/payloads/native-window.acceptance/./inputs/content" path="base/fonts/tiny.fon" (is_absolute=false)
RUST_UIO: uio_openDirRelative: joined "/Users/runner/work/_temp/s4-command-evidence/bundle/run-0/payloads/native-window.acceptance/./inputs/content" + "base/fonts/tiny.fon" = "/Users/runner/work/_temp/s4-command-evidence/bundle/run-0/payloads/native-window.acceptance/inputs/content/base/fonts/tiny.fon"
RUST_UIO: resolve_mount_path input: "/Users/runner/work/_temp/s4-command-evidence/bundle/run-0/payloads/native-window.acceptance/inputs/content/base/fonts/tiny.fon"
RUST_UIO: path "/Users/runner/work/_temp/s4-command-evidence/bundle/run-0/payloads/native-window.acceptance/inputs/content/base/fonts/tiny.fon" already resolved to filesystem path
RUST_UIO: uio_getDirList called: dir=0x600001c4d980 path=0x102a63b4e pattern=0x102a5f8bf
RUST_UIO: uio_getDirList: dir_virtual="/base/fonts/tiny.fon" rel_path=""
RUST_UIO: uio_getDirList: virtual_path="/base/fonts/tiny.fon" pattern='.' matchType=3
RUST_UIO: uio_getDirList: checking stdio mount '/' at host_path="/Users/runner/work/_temp/s4-command-evidence/bundle/run-0/payloads/native-window.acceptance/./inputs/content/base/fonts/tiny.fon"
RUST_UIO: uio_getDirList: checking stdio mount '/' at host_path="/Users/runner/work/_temp/s4-command-evidence/bundle/run-0/payloads/native-window.acceptance/./config/base/fonts/tiny.fon"
RUST_UIO: uio_getDirList: ZIP mount '/' returned 98 entries for "base/fonts/tiny.fon"
RUST_UIO: uio_getDirList: 98 matches for pattern '.' in "/base/fonts/tiny.fon"
RUST_UIO: uio_stat called
RUST_UIO: uio_stat called
RUST_UIO: uio_stat called
RUST_UIO: uio_stat called
RUST_UIO: uio_stat called
RUST_UIO: uio_stat called
RUST_UIO: uio_stat called
RUST_UIO: uio_stat called
RUST_UIO: uio_stat called
RUST_UIO: uio_stat called
RUST_UIO: uio_stat called
RUST_UIO: uio_stat called
RUST_UIO: uio_stat called
RUST_UIO: uio_stat called
RUST_UIO: uio_stat called
RUST_UIO: uio_stat called
RUST_UIO: uio_stat called
RUST_UIO: uio_stat called
RUST_UIO: uio_stat called
RUST_UIO: uio_stat called
RUST_UIO: uio_stat called
RUST_UIO: uio_stat called
RUST_UIO: uio_stat called
RUST_UIO: uio_stat called
RUST_UIO: uio_stat called
RUST_UIO: uio_stat called
RUST_UIO: uio_stat called
RUST_UIO: uio_stat called
RUST_UIO: uio_stat called
RUST_UIO: uio_stat called
RUST_UIO: uio_stat called
RUST_UIO: uio_stat called
RUST_UIO: uio_stat called
RUST_UIO: uio_stat called
RUST_UIO: uio_stat called
RUST_UIO: uio_stat called
RUST_UIO: uio_stat called
RUST_UIO: uio_stat called
RUST_UIO: uio_stat called
RUST_UIO: uio_stat called
RUST_UIO: uio_stat called
RUST_UIO: uio_stat called
RUST_UIO: uio_stat called
RUST_UIO: uio_stat called
RUST_UIO: uio_stat called
RUST_UIO: uio_stat called
RUST_UIO: uio_stat called
RUST_UIO: uio_stat called
RUST_UIO: uio_stat called
RUST_UIO: uio_stat called
RUST_UIO: uio_stat called
RUST_UIO: uio_stat called
RUST_UIO: uio_stat called
RUST_UIO: uio_stat called
RUST_UIO: uio_stat called
RUST_UIO: uio_stat called
RUST_UIO: uio_stat called
RUST_UIO: uio_stat called
RUST_UIO: uio_stat called
RUST_UIO: uio_stat called
RUST_UIO: uio_stat called
RUST_UIO: uio_stat called
RUST_UIO: uio_stat called
RUST_UIO: uio_stat called
RUST_UIO: uio_stat called
RUST_UIO: uio_stat called
RUST_UIO: uio_stat called
RUST_UIO: uio_stat called
RUST_UIO: uio_stat called
RUST_UIO: uio_stat called
RUST_UIO: uio_stat called
RUST_UIO: uio_stat called
RUST_UIO: uio_stat called
RUST_UIO: uio_stat called
RUST_UIO: uio_stat called
RUST_UIO: uio_stat called
RUST_UIO: uio_stat called
RUST_UIO: uio_stat called
RUST_UIO: uio_stat called
RUST_UIO: uio_stat called
RUST_UIO: uio_stat called
RUST_UIO: uio_stat called
RUST_UIO: uio_stat called
RUST_UIO: uio_stat called
RUST_UIO: uio_stat called
RUST_UIO: uio_stat called
RUST_UIO: uio_stat called
RUST_UIO: uio_stat called
RUST_UIO: uio_stat called
RUST_UIO: uio_stat called
RUST_UIO: uio_stat called
RUST_UIO: uio_stat called
RUST_UIO: uio_stat called
RUST_UIO: uio_stat called
RUST_UIO: uio_stat called
RUST_UIO: uio_stat called
RUST_UIO: uio_stat called
RUST_UIO: uio_stat called
RUST_UIO: uio_closeDir called
RUST_UIO: uio_DirList_free called
RUST_UIO: uio_openDirRelative called
RUST_UIO: uio_openDirRelative: base="/Users/runner/work/_temp/s4-command-evidence/bundle/run-0/payloads/native-window.acceptance/./inputs/content" path="base/fonts/tiny.fon" (is_absolute=false)
RUST_UIO: uio_openDirRelative: joined "/Users/runner/work/_temp/s4-command-evidence/bundle/run-0/payloads/native-window.acceptance/./inputs/content" + "base/fonts/tiny.fon" = "/Users/runner/work/_temp/s4-command-evidence/bundle/run-0/payloads/native-window.acceptance/inputs/content/base/fonts/tiny.fon"
RUST_UIO: resolve_mount_path input: "/Users/runner/work/_temp/s4-command-evidence/bundle/run-0/payloads/native-window.acceptance/inputs/content/base/fonts/tiny.fon"
RUST_UIO: path "/Users/runner/work/_temp/s4-command-evidence/bundle/run-0/payloads/native-window.acceptance/inputs/content/base/fonts/tiny.fon" already resolved to filesystem path
RUST_UIO: uio_fopen entry
RUST_UIO: uio_fopen called
RUST_UIO: uio_fopen path="/Users/runner/work/_temp/s4-command-evidence/bundle/run-0/payloads/native-window.acceptance/inputs/content/base/fonts/tiny.fon/00052.png" mode=rb
RUST_UIO: uio_fopen returning stream=0x600002d0c000
RUST_UIO: uio_fread requested=8 read=8
RUST_UIO: uio_fread requested=8 read=8
RUST_UIO: uio_fread requested=13 read=13
RUST_UIO: uio_fread requested=4 read=4
RUST_UIO: uio_fread requested=8 read=8
RUST_UIO: uio_fread requested=63 read=63
RUST_UIO: uio_fread requested=4 read=4
RUST_UIO: uio_fread requested=8 read=8
RUST_UIO: uio_fread requested=14 read=14
RUST_UIO: uio_fread requested=4 read=4
RUST_UIO: uio_fread requested=8 read=8
RUST_UIO: uio_fread requested=18 read=18
RUST_UIO: uio_fread requested=4 read=4
RUST_UIO: uio_fread requested=8 read=8
RUST_UIO: uio_fread requested=35 read=35
RUST_UIO: uio_fread requested=4 read=4
RUST_UIO: uio_fclose called
RUST_UIO: uio_fopen entry
RUST_UIO: uio_fopen called
RUST_UIO: uio_fopen path="/Users/runner/work/_temp/s4-command-evidence/bundle/run-0/payloads/native-window.acceptance/inputs/content/base/fonts/tiny.fon/00046.png" mode=rb
RUST_UIO: uio_fopen returning stream=0x600002d14d40
RUST_UIO: uio_fread requested=8 read=8
RUST_UIO: uio_fread requested=8 read=8
RUST_UIO: uio_fread requested=13 read=13
RUST_UIO: uio_fread requested=4 read=4
RUST_UIO: uio_fread requested=8 read=8
RUST_UIO: uio_fread requested=63 read=63
RUST_UIO: uio_fread requested=4 read=4
RUST_UIO: uio_fread requested=8 read=8
RUST_UIO: uio_fread requested=14 read=14
RUST_UIO: uio_fread requested=4 read=4
RUST_UIO: uio_fread requested=8 read=8
RUST_UIO: uio_fread requested=18 read=18
RUST_UIO: uio_fread requested=4 read=4
RUST_UIO: uio_fread requested=8 read=8
RUST_UIO: uio_fread requested=33 read=33
RUST_UIO: uio_fread requested=4 read=4
RUST_UIO: uio_fclose called
RUST_UIO: uio_fopen entry
RUST_UIO: uio_fopen called
RUST_UIO: uio_fopen path="/Users/runner/work/_temp/s4-command-evidence/bundle/run-0/payloads/native-window.acceptance/inputs/content/base/fonts/tiny.fon/0005d.png" mode=rb
RUST_UIO: uio_fopen returning stream=0x600002d14d40
RUST_UIO: uio_fread requested=8 read=8
RUST_UIO: uio_fread requested=8 read=8
RUST_UIO: uio_fread requested=13 read=13
RUST_UIO: uio_fread requested=4 read=4
RUST_UIO: uio_fread requested=8 read=8
RUST_UIO: uio_fread requested=63 read=63
RUST_UIO: uio_fread requested=4 read=4
RUST_UIO: uio_fread requested=8 read=8
RUST_UIO: uio_fread requested=14 read=14
RUST_UIO: uio_fread requested=4 read=4
RUST_UIO: uio_fread requested=8 read=8
RUST_UIO: uio_fread requested=18 read=18
RUST_UIO: uio_fread requested=4 read=4
RUST_UIO: uio_fread requested=8 read=8
RUST_UIO: uio_fread requested=33 read=33
RUST_UIO: uio_fread requested=4 read=4
RUST_UIO: uio_fclose called
RUST_UIO: uio_fopen entry
RUST_UIO: uio_fopen called
RUST_UIO: uio_fopen path="/Users/runner/work/_temp/s4-command-evidence/bundle/run-0/payloads/native-window.acceptance/inputs/content/base/fonts/tiny.fon/0004a.png" mode=rb
RUST_UIO: uio_fopen returning stream=0x600002d14d40
RUST_UIO: uio_fread requested=8 read=8
RUST_UIO: uio_fread requested=8 read=8
RUST_UIO: uio_fread requested=13 read=13
RUST_UIO: uio_fread requested=4 read=4
RUST_UIO: uio_fread requested=8 read=8
RUST_UIO: uio_fread requested=63 read=63
RUST_UIO: uio_fread requested=4 read=4
RUST_UIO: uio_fread requested=8 read=8
RUST_UIO: uio_fread requested=14 read=14
RUST_UIO: uio_fread requested=4 read=4
RUST_UIO: uio_fread requested=8 read=8
RUST_UIO: uio_fread requested=18 read=18
RUST_UIO: uio_fread requested=4 read=4
RUST_UIO: uio_fread requested=8 read=8
RUST_UIO: uio_fread requested=34 read=34
RUST_UIO: uio_fread requested=4 read=4
RUST_UIO: uio_fclose called
RUST_UIO: uio_fopen entry
RUST_UIO: uio_fopen called
RUST_UIO: uio_fopen path="/Users/runner/work/_temp/s4-command-evidence/bundle/run-0/payloads/native-window.acceptance/inputs/content/base/fonts/tiny.fon/000b0.png" mode=rb
RUST_UIO: uio_fopen returning stream=0x600002d62600
RUST_UIO: uio_fread requested=8 read=8
RUST_UIO: uio_fread requested=8 read=8
RUST_UIO: uio_fread requested=13 read=13
RUST_UIO: uio_fread requested=4 read=4
RUST_UIO: uio_fread requested=8 read=8
RUST_UIO: uio_fread requested=63 read=63
RUST_UIO: uio_fread requested=4 read=4
RUST_UIO: uio_fread requested=8 read=8
RUST_UIO: uio_fread requested=14 read=14
RUST_UIO: uio_fread requested=4 read=4
RUST_UIO: uio_fread requested=8 read=8
RUST_UIO: uio_fread requested=18 read=18
RUST_UIO: uio_fread requested=4 read=4
RUST_UIO: uio_fread requested=8 read=8
RUST_UIO: uio_fread requested=22 read=22
RUST_UIO: uio_fread requested=4 read=4
RUST_UIO: uio_fclose called
RUST_UIO: uio_fopen entry
RUST_UIO: uio_fopen called
RUST_UIO: uio_fopen path="/Users/runner/work/_temp/s4-command-evidence/bundle/run-0/payloads/native-window.acceptance/inputs/content/base/fonts/tiny.fon/0005e.png" mode=rb
RUST_UIO: uio_fopen returning stream=0x600002d0c0c0
RUST_UIO: uio_fread requested=8 read=8
RUST_UIO: uio_fread requested=8 read=8
RUST_UIO: uio_fread requested=13 read=13
RUST_UIO: uio_fread requested=4 read=4
RUST_UIO: uio_fread requested=8 read=8
RUST_UIO: uio_fread requested=4 read=4
RUST_UIO: uio_fread requested=4 read=4
RUST_UIO: uio_fread requested=8 read=8
RUST_UIO: uio_fread requested=32 read=32
RUST_UIO: uio_fread requested=4 read=4
RUST_UIO: uio_fread requested=8 read=8
RUST_UIO: uio_fread requested=49 read=49
RUST_UIO: uio_fread requested=4 read=4
RUST_UIO: uio_fclose called
RUST_UIO: uio_fopen entry
RUST_UIO: uio_fopen called
RUST_UIO: uio_fopen path="/Users/runner/work/_temp/s4-command-evidence/bundle/run-0/payloads/native-window.acceptance/inputs/content/base/fonts/tiny.fon/00047.png" mode=rb
RUST_UIO: uio_fopen returning stream=0x600002d0c0c0
RUST_UIO: uio_fread requested=8 read=8
RUST_UIO: uio_fread requested=8 read=8
RUST_UIO: uio_fread requested=13 read=13
RUST_UIO: uio_fread requested=4 read=4
RUST_UIO: uio_fread requested=8 read=8
RUST_UIO: uio_fread requested=63 read=63
RUST_UIO: uio_fread requested=4 read=4
RUST_UIO: uio_fread requested=8 read=8
RUST_UIO: uio_fread requested=14 read=14
RUST_UIO: uio_fread requested=4 read=4
RUST_UIO: uio_fread requested=8 read=8
RUST_UIO: uio_fread requested=18 read=18
RUST_UIO: uio_fread requested=4 read=4
RUST_UIO: uio_fread requested=8 read=8
RUST_UIO: uio_fread requested=41 read=41
RUST_UIO: uio_fread requested=4 read=4
RUST_UIO: uio_fclose called
RUST_UIO: uio_fopen entry
RUST_UIO: uio_fopen called
RUST_UIO: uio_fopen path="/Users/runner/work/_temp/s4-command-evidence/bundle/run-0/payloads/native-window.acceptance/inputs/content/base/fonts/tiny.fon/00053.png" mode=rb
RUST_UIO: uio_fopen returning stream=0x600002d0c0c0
RUST_UIO: uio_fread requested=8 read=8
RUST_UIO: uio_fread requested=8 read=8
RUST_UIO: uio_fread requested=13 read=13
RUST_UIO: uio_fread requested=4 read=4
RUST_UIO: uio_fread requested=8 read=8
RUST_UIO: uio_fread requested=63 read=63
RUST_UIO: uio_fread requested=4 read=4
RUST_UIO: uio_fread requested=8 read=8
RUST_UIO: uio_fread requested=14 read=14
RUST_UIO: uio_fread requested=4 read=4
RUST_UIO: uio_fread requested=8 read=8
RUST_UIO: uio_fread requested=18 read=18
RUST_UIO: uio_fread requested=4 read=4
RUST_UIO: uio_fread requested=8 read=8
RUST_UIO: uio_fread requested=38 read=38
RUST_UIO: uio_fread requested=4 read=4
RUST_UIO: uio_fclose called
RUST_UIO: uio_fopen entry
RUST_UIO: uio_fopen called
RUST_UIO: uio_fopen path="/Users/runner/work/_temp/s4-command-evidence/bundle/run-0/payloads/native-window.acceptance/inputs/content/base/fonts/tiny.fon/00045.png" mode=rb
RUST_UIO: uio_fopen returning stream=0x600002d0c0c0
RUST_UIO: uio_fread requested=8 read=8
RUST_UIO: uio_fread requested=8 read=8
RUST_UIO: uio_fread requested=13 read=13
RUST_UIO: uio_fread requested=4 read=4
RUST_UIO: uio_fread requested=8 read=8
RUST_UIO: uio_fread requested=63 read=63
RUST_UIO: uio_fread requested=4 read=4
RUST_UIO: uio_fread requested=8 read=8
RUST_UIO: uio_fread requested=14 read=14
RUST_UIO: uio_fread requested=4 read=4
RUST_UIO: uio_fread requested=8 read=8
RUST_UIO: uio_fread requested=18 read=18
RUST_UIO: uio_fread requested=4 read=4
RUST_UIO: uio_fread requested=8 read=8
RUST_UIO: uio_fread requested=31 read=31
RUST_UIO: uio_fread requested=4 read=4
RUST_UIO: uio_fclose called
RUST_UIO: uio_fopen entry
RUST_UIO: uio_fopen called
RUST_UIO: uio_fopen path="/Users/runner/work/_temp/s4-command-evidence/bundle/run-0/payloads/native-window.acceptance/inputs/content/base/fonts/tiny.fon/00051.png" mode=rb
RUST_UIO: uio_fopen returning stream=0x600002d0c0c0
RUST_UIO: uio_fread requested=8 read=8
RUST_UIO: uio_fread requested=8 read=8
RUST_UIO: uio_fread requested=13 read=13
RUST_UIO: uio_fread requested=4 read=4
RUST_UIO: uio_fread requested=8 read=8
RUST_UIO: uio_fread requested=63 read=63
RUST_UIO: uio_fread requested=4 read=4
RUST_UIO: uio_fread requested=8 read=8
RUST_UIO: uio_fread requested=14 read=14
RUST_UIO: uio_fread requested=4 read=4
RUST_UIO: uio_fread requested=8 read=8
RUST_UIO: uio_fread requested=18 read=18
RUST_UIO: uio_fread requested=4 read=4
RUST_UIO: uio_fread requested=8 read=8
RUST_UIO: uio_fread requested=32 read=32
RUST_UIO: uio_fread requested=4 read=4
RUST_UIO: uio_fclose called
RUST_UIO: uio_fopen entry
RUST_UIO: uio_fopen called
RUST_UIO: uio_fopen path="/Users/runner/work/_temp/s4-command-evidence/bundle/run-0/payloads/native-window.acceptance/inputs/content/base/fonts/tiny.fon/0004c.png" mode=rb
RUST_UIO: uio_fopen returning stream=0x600002d0c0c0
RUST_UIO: uio_fread requested=8 read=8
RUST_UIO: uio_fread requested=8 read=8
RUST_UIO: uio_fread requested=13 read=13
RUST_UIO: uio_fread requested=4 read=4
RUST_UIO: uio_fread requested=8 read=8
RUST_UIO: uio_fread requested=63 read=63
RUST_UIO: uio_fread requested=4 read=4
RUST_UIO: uio_fread requested=8 read=8
RUST_UIO: uio_fread requested=14 read=14
RUST_UIO: uio_fread requested=4 read=4
RUST_UIO: uio_fread requested=8 read=8
RUST_UIO: uio_fread requested=18 read=18
RUST_UIO: uio_fread requested=4 read=4
RUST_UIO: uio_fread requested=8 read=8
RUST_UIO: uio_fread requested=28 read=28
RUST_UIO: uio_fread requested=4 read=4
RUST_UIO: uio_fclose called
RUST_UIO: uio_fopen entry
RUST_UIO: uio_fopen called
RUST_UIO: uio_fopen path="/Users/runner/work/_temp/s4-command-evidence/bundle/run-0/payloads/native-window.acceptance/inputs/content/base/fonts/tiny.fon/00079.png" mode=rb
RUST_UIO: uio_fopen returning stream=0x600002d0c0c0
RUST_UIO: uio_fread requested=8 read=8
RUST_UIO: uio_fread requested=8 read=8
RUST_UIO: uio_fread requested=13 read=13
RUST_UIO: uio_fread requested=4 read=4
RUST_UIO: uio_fread requested=8 read=8
RUST_UIO: uio_fread requested=63 read=63
RUST_UIO: uio_fread requested=4 read=4
RUST_UIO: uio_fread requested=8 read=8
RUST_UIO: uio_fread requested=14 read=14
RUST_UIO: uio_fread requested=4 read=4
RUST_UIO: uio_fread requested=8 read=8
RUST_UIO: uio_fread requested=18 read=18
RUST_UIO: uio_fread requested=4 read=4
RUST_UIO: uio_fread requested=8 read=8
RUST_UIO: uio_fread requested=33 read=33
RUST_UIO: uio_fread requested=4 read=4
RUST_UIO: uio_fclose called
RUST_UIO: uio_fopen entry
RUST_UIO: uio_fopen called
RUST_UIO: uio_fopen path="/Users/runner/work/_temp/s4-command-evidence/bundle/run-0/payloads/native-window.acceptance/inputs/content/base/fonts/tiny.fon/0005f.png" mode=rb
RUST_UIO: uio_fopen returning stream=0x600002d0c0c0
RUST_UIO: uio_fread requested=8 read=8
RUST_UIO: uio_fread requested=8 read=8
RUST_UIO: uio_fread requested=13 read=13
RUST_UIO: uio_fread requested=4 read=4
RUST_UIO: uio_fread requested=8 read=8
RUST_UIO: uio_fread requested=4 read=4
RUST_UIO: uio_fread requested=4 read=4
RUST_UIO: uio_fread requested=8 read=8
RUST_UIO: uio_fread requested=32 read=32
RUST_UIO: uio_fread requested=4 read=4
RUST_UIO: uio_fread requested=8 read=8
RUST_UIO: uio_fread requested=46 read=46
RUST_UIO: uio_fread requested=4 read=4
RUST_UIO: uio_fclose called
RUST_UIO: uio_fopen entry
RUST_UIO: uio_fopen called
RUST_UIO: uio_fopen path="/Users/runner/work/_temp/s4-command-evidence/bundle/run-0/payloads/native-window.acceptance/inputs/content/base/fonts/tiny.fon/00078.png" mode=rb
RUST_UIO: uio_fopen returning stream=0x600002d0c0c0
RUST_UIO: uio_fread requested=8 read=8
RUST_UIO: uio_fread requested=8 read=8
RUST_UIO: uio_fread requested=13 read=13
RUST_UIO: uio_fread requested=4 read=4
RUST_UIO: uio_fread requested=8 read=8
RUST_UIO: uio_fread requested=63 read=63
RUST_UIO: uio_fread requested=4 read=4
RUST_UIO: uio_fread requested=8 read=8
RUST_UIO: uio_fread requested=14 read=14
RUST_UIO: uio_fread requested=4 read=4
RUST_UIO: uio_fread requested=8 read=8
RUST_UIO: uio_fread requested=18 read=18
RUST_UIO: uio_fread requested=4 read=4
RUST_UIO: uio_fread requested=8 read=8
RUST_UIO: uio_fread requested=30 read=30
RUST_UIO: uio_fread requested=4 read=4
RUST_UIO: uio_fclose called
RUST_UIO: uio_fopen entry
RUST_UIO: uio_fopen called
RUST_UIO: uio_fopen path="/Users/runner/work/_temp/s4-command-evidence/bundle/run-0/payloads/native-window.acceptance/inputs/content/base/fonts/tiny.fon/0004b.png" mode=rb
RUST_UIO: uio_fopen returning stream=0x600002d0c0c0
RUST_UIO: uio_fread requested=8 read=8
RUST_UIO: uio_fread requested=8 read=8
RUST_UIO: uio_fread requested=13 read=13
RUST_UIO: uio_fread requested=4 read=4
RUST_UIO: uio_fread requested=8 read=8
RUST_UIO: uio_fread requested=63 read=63
RUST_UIO: uio_fread requested=4 read=4
RUST_UIO: uio_fread requested=8 read=8
RUST_UIO: uio_fread requested=14 read=14
RUST_UIO: uio_fread requested=4 read=4
RUST_UIO: uio_fread requested=8 read=8
RUST_UIO: uio_fread requested=18 read=18
RUST_UIO: uio_fread requested=4 read=4
RUST_UIO: uio_fread requested=8 read=8
RUST_UIO: uio_fread requested=32 read=32
RUST_UIO: uio_fread requested=4 read=4
RUST_UIO: uio_fclose called
RUST_UIO: uio_fopen entry
RUST_UIO: uio_fopen called
RUST_UIO: uio_fopen path="/Users/runner/work/_temp/s4-command-evidence/bundle/run-0/payloads/native-window.acceptance/inputs/content/base/fonts/tiny.fon/00050.png" mode=rb
RUST_UIO: uio_fopen returning stream=0x600002d0c0c0
RUST_UIO: uio_fread requested=8 read=8
RUST_UIO: uio_fread requested=8 read=8
RUST_UIO: uio_fread requested=13 read=13
RUST_UIO: uio_fread requested=4 read=4
RUST_UIO: uio_fread requested=8 read=8
RUST_UIO: uio_fread requested=63 read=63
RUST_UIO: uio_fread requested=4 read=4
RUST_UIO: uio_fread requested=8 read=8
RUST_UIO: uio_fread requested=14 read=14
RUST_UIO: uio_fread requested=4 read=4
RUST_UIO: uio_fread requested=8 read=8
RUST_UIO: uio_fread requested=18 read=18
RUST_UIO: uio_fread requested=4 read=4
RUST_UIO: uio_fread requested=8 read=8
RUST_UIO: uio_fread requested=38 read=38
RUST_UIO: uio_fread requested=4 read=4
RUST_UIO: uio_fclose called
RUST_UIO: uio_fopen entry
RUST_UIO: uio_fopen called
RUST_UIO: uio_fopen path="/Users/runner/work/_temp/s4-command-evidence/bundle/run-0/payloads/native-window.acceptance/inputs/content/base/fonts/tiny.fon/00044.png" mode=rb
RUST_UIO: uio_fopen returning stream=0x600002d0c0c0
RUST_UIO: uio_fread requested=8 read=8
RUST_UIO: uio_fread requested=8 read=8
RUST_UIO: uio_fread requested=13 read=13
RUST_UIO: uio_fread requested=4 read=4
RUST_UIO: uio_fread requested=8 read=8
RUST_UIO: uio_fread requested=63 read=63
RUST_UIO: uio_fread requested=4 read=4
RUST_UIO: uio_fread requested=8 read=8
RUST_UIO: uio_fread requested=14 read=14
RUST_UIO: uio_fread requested=4 read=4
RUST_UIO: uio_fread requested=8 read=8
RUST_UIO: uio_fread requested=18 read=18
RUST_UIO: uio_fread requested=4 read=4
RUST_UIO: uio_fread requested=8 read=8
RUST_UIO: uio_fread requested=38 read=38
RUST_UIO: uio_fread requested=4 read=4
RUST_UIO: uio_fclose called
RUST_UIO: uio_fopen entry
RUST_UIO: uio_fopen called
RUST_UIO: uio_fopen path="/Users/runner/work/_temp/s4-command-evidence/bundle/run-0/payloads/native-window.acceptance/inputs/content/base/fonts/tiny.fon/0004f.png" mode=rb
RUST_UIO: uio_fopen returning stream=0x600002d0c0c0
RUST_UIO: uio_fread requested=8 read=8
RUST_UIO: uio_fread requested=8 read=8
RUST_UIO: uio_fread requested=13 read=13
RUST_UIO: uio_fread requested=4 read=4
RUST_UIO: uio_fread requested=8 read=8
RUST_UIO: uio_fread requested=63 read=63
RUST_UIO: uio_fread requested=4 read=4
RUST_UIO: uio_fread requested=8 read=8
RUST_UIO: uio_fread requested=14 read=14
RUST_UIO: uio_fread requested=4 read=4
RUST_UIO: uio_fread requested=8 read=8
RUST_UIO: uio_fread requested=18 read=18
RUST_UIO: uio_fread requested=4 read=4
RUST_UIO: uio_fread requested=8 read=8
RUST_UIO: uio_fread requested=27 read=27
RUST_UIO: uio_fread requested=4 read=4
RUST_UIO: uio_fclose called
RUST_UIO: uio_fopen entry
RUST_UIO: uio_fopen called
RUST_UIO: uio_fopen path="/Users/runner/work/_temp/s4-command-evidence/bundle/run-0/payloads/native-window.acceptance/inputs/content/base/fonts/tiny.fon/000b7.png" mode=rb
RUST_UIO: uio_fopen returning stream=0x600002d0c0c0
RUST_UIO: uio_fread requested=8 read=8
RUST_UIO: uio_fread requested=8 read=8
RUST_UIO: uio_fread requested=13 read=13
RUST_UIO: uio_fread requested=4 read=4
RUST_UIO: uio_fread requested=8 read=8
RUST_UIO: uio_fread requested=4 read=4
RUST_UIO: uio_fread requested=4 read=4
RUST_UIO: uio_fread requested=8 read=8
RUST_UIO: uio_fread requested=25 read=25
RUST_UIO: uio_fread requested=4 read=4
RUST_UIO: uio_fread requested=8 read=8
RUST_UIO: uio_fread requested=47 read=47
RUST_UIO: uio_fread requested=4 read=4
RUST_UIO: uio_fclose called
RUST_UIO: uio_fopen entry
RUST_UIO: uio_fopen called
RUST_UIO: uio_fopen path="/Users/runner/work/_temp/s4-command-evidence/bundle/run-0/payloads/native-window.acceptance/inputs/content/base/fonts/tiny.fon/00068.png" mode=rb
RUST_UIO: uio_fopen returning stream=0x600002d0c0c0
RUST_UIO: uio_fread requested=8 read=8
RUST_UIO: uio_fread requested=8 read=8
RUST_UIO: uio_fread requested=13 read=13
RUST_UIO: uio_fread requested=4 read=4
RUST_UIO: uio_fread requested=8 read=8
RUST_UIO: uio_fread requested=63 read=63
RUST_UIO: uio_fread requested=4 read=4
RUST_UIO: uio_fread requested=8 read=8
RUST_UIO: uio_fread requested=14 read=14
RUST_UIO: uio_fread requested=4 read=4
RUST_UIO: uio_fread requested=8 read=8
RUST_UIO: uio_fread requested=18 read=18
RUST_UIO: uio_fread requested=4 read=4
RUST_UIO: uio_fread requested=8 read=8
RUST_UIO: uio_fread requested=38 read=38
RUST_UIO: uio_fread requested=4 read=4
RUST_UIO: uio_fclose called
RUST_UIO: uio_fopen entry
RUST_UIO: uio_fopen called
RUST_UIO: uio_fopen path="/Users/runner/work/_temp/s4-command-evidence/bundle/run-0/payloads/native-window.acceptance/inputs/content/base/fonts/tiny.fon/0005b.png" mode=rb
RUST_UIO: uio_fopen returning stream=0x600002d0c0c0
RUST_UIO: uio_fread requested=8 read=8
RUST_UIO: uio_fread requested=8 read=8
RUST_UIO: uio_fread requested=13 read=13
RUST_UIO: uio_fread requested=4 read=4
RUST_UIO: uio_fread requested=8 read=8
RUST_UIO: uio_fread requested=63 read=63
RUST_UIO: uio_fread requested=4 read=4
RUST_UIO: uio_fread requested=8 read=8
RUST_UIO: uio_fread requested=14 read=14
RUST_UIO: uio_fread requested=4 read=4
RUST_UIO: uio_fread requested=8 read=8
RUST_UIO: uio_fread requested=18 read=18
RUST_UIO: uio_fread requested=4 read=4
RUST_UIO: uio_fread requested=8 read=8
RUST_UIO: uio_fread requested=31 read=31
RUST_UIO: uio_fread requested=4 read=4
RUST_UIO: uio_fclose called
RUST_UIO: uio_fopen entry
RUST_UIO: uio_fopen called
RUST_UIO: uio_fopen path="/Users/runner/work/_temp/s4-command-evidence/bundle/run-0/payloads/native-window.acceptance/inputs/content/base/fonts/tiny.fon/00040.png" mode=rb
RUST_UIO: uio_fopen returning stream=0x600002d0c0c0
RUST_UIO: uio_fread requested=8 read=8
RUST_UIO: uio_fread requested=8 read=8
RUST_UIO: uio_fread requested=13 read=13
RUST_UIO: uio_fread requested=4 read=4
RUST_UIO: uio_fread requested=8 read=8
RUST_UIO: uio_fread requested=63 read=63
RUST_UIO: uio_fread requested=4 read=4
RUST_UIO: uio_fread requested=8 read=8
RUST_UIO: uio_fread requested=14 read=14
RUST_UIO: uio_fread requested=4 read=4
RUST_UIO: uio_fread requested=8 read=8
RUST_UIO: uio_fread requested=18 read=18
RUST_UIO: uio_fread requested=4 read=4
RUST_UIO: uio_fread requested=8 read=8
RUST_UIO: uio_fread requested=27 read=27
RUST_UIO: uio_fread requested=4 read=4
RUST_UIO: uio_fclose called
RUST_UIO: uio_fopen entry
RUST_UIO: uio_fopen called
RUST_UIO: uio_fopen path="/Users/runner/work/_temp/s4-command-evidence/bundle/run-0/payloads/native-window.acceptance/inputs/content/base/fonts/tiny.fon/00054.png" mode=rb
RUST_UIO: uio_fopen returning stream=0x600002d0c0c0
RUST_UIO: uio_fread requested=8 read=8
RUST_UIO: uio_fread requested=8 read=8
RUST_UIO: uio_fread requested=13 read=13
RUST_UIO: uio_fread requested=4 read=4
RUST_UIO: uio_fread requested=8 read=8
RUST_UIO: uio_fread requested=63 read=63
RUST_UIO: uio_fread requested=4 read=4
RUST_UIO: uio_fread requested=8 read=8
RUST_UIO: uio_fread requested=14 read=14
RUST_UIO: uio_fread requested=4 read=4
RUST_UIO: uio_fread requested=8 read=8
RUST_UIO: uio_fread requested=18 read=18
RUST_UIO: uio_fread requested=4 read=4
RUST_UIO: uio_fread requested=8 read=8
RUST_UIO: uio_fread requested=28 read=28
RUST_UIO: uio_fread requested=4 read=4
RUST_UIO: uio_fclose called
RUST_UIO: uio_fopen entry
RUST_UIO: uio_fopen called
RUST_UIO: uio_fopen path="/Users/runner/work/_temp/s4-command-evidence/bundle/run-0/payloads/native-window.acceptance/inputs/content/base/fonts/tiny.fon/00055.png" mode=rb
RUST_UIO: uio_fopen returning stream=0x600002d0c0c0
RUST_UIO: uio_fread requested=8 read=8
RUST_UIO: uio_fread requested=8 read=8
RUST_UIO: uio_fread requested=13 read=13
RUST_UIO: uio_fread requested=4 read=4
RUST_UIO: uio_fread requested=8 read=8
RUST_UIO: uio_fread requested=63 read=63
RUST_UIO: uio_fread requested=4 read=4
RUST_UIO: uio_fread requested=8 read=8
RUST_UIO: uio_fread requested=14 read=14
RUST_UIO: uio_fread requested=4 read=4
RUST_UIO: uio_fread requested=8 read=8
RUST_UIO: uio_fread requested=18 read=18
RUST_UIO: uio_fread requested=4 read=4
RUST_UIO: uio_fread requested=8 read=8
RUST_UIO: uio_fread requested=29 read=29
RUST_UIO: uio_fread requested=4 read=4
RUST_UIO: uio_fclose called
RUST_UIO: uio_fopen entry
RUST_UIO: uio_fopen called
RUST_UIO: uio_fopen path="/Users/runner/work/_temp/s4-command-evidence/bundle/run-0/payloads/native-window.acceptance/inputs/content/base/fonts/tiny.fon/00041.png" mode=rb
RUST_UIO: uio_fopen returning stream=0x600002d0c0c0
RUST_UIO: uio_fread requested=8 read=8
RUST_UIO: uio_fread requested=8 read=8
RUST_UIO: uio_fread requested=13 read=13
RUST_UIO: uio_fread requested=4 read=4
RUST_UIO: uio_fread requested=8 read=8
RUST_UIO: uio_fread requested=63 read=63
RUST_UIO: uio_fread requested=4 read=4
RUST_UIO: uio_fread requested=8 read=8
RUST_UIO: uio_fread requested=14 read=14
RUST_UIO: uio_fread requested=4 read=4
RUST_UIO: uio_fread requested=8 read=8
RUST_UIO: uio_fread requested=18 read=18
RUST_UIO: uio_fread requested=4 read=4
RUST_UIO: uio_fread requested=8 read=8
RUST_UIO: uio_fread requested=27 read=27
RUST_UIO: uio_fread requested=4 read=4
RUST_UIO: uio_fclose called
RUST_UIO: uio_fopen entry
RUST_UIO: uio_fopen called
RUST_UIO: uio_fopen path="/Users/runner/work/_temp/s4-command-evidence/bundle/run-0/payloads/native-window.acceptance/inputs/content/base/fonts/tiny.fon/0005c.png" mode=rb
RUST_UIO: uio_fopen returning stream=0x600002d0c0c0
RUST_UIO: uio_fread requested=8 read=8
RUST_UIO: uio_fread requested=8 read=8
RUST_UIO: uio_fread requested=13 read=13
RUST_UIO: uio_fread requested=4 read=4
RUST_UIO: uio_fread requested=8 read=8
RUST_UIO: uio_fread requested=63 read=63
RUST_UIO: uio_fread requested=4 read=4
RUST_UIO: uio_fread requested=8 read=8
RUST_UIO: uio_fread requested=14 read=14
RUST_UIO: uio_fread requested=4 read=4
RUST_UIO: uio_fread requested=8 read=8
RUST_UIO: uio_fread requested=18 read=18
RUST_UIO: uio_fread requested=4 read=4
RUST_UIO: uio_fread requested=8 read=8
RUST_UIO: uio_fread requested=26 read=26
RUST_UIO: uio_fread requested=4 read=4
RUST_UIO: uio_fclose called
RUST_UIO: uio_fopen entry
RUST_UIO: uio_fopen called
RUST_UIO: uio_fopen path="/Users/runner/work/_temp/s4-command-evidence/bundle/run-0/payloads/native-window.acceptance/inputs/content/base/fonts/tiny.fon/00069.png" mode=rb
RUST_UIO: uio_fopen returning stream=0x600002d0c0c0
RUST_UIO: uio_fread requested=8 read=8
RUST_UIO: uio_fread requested=8 read=8
RUST_UIO: uio_fread requested=13 read=13
RUST_UIO: uio_fread requested=4 read=4
RUST_UIO: uio_fread requested=8 read=8
RUST_UIO: uio_fread requested=63 read=63
RUST_UIO: uio_fread requested=4 read=4
RUST_UIO: uio_fread requested=8 read=8
RUST_UIO: uio_fread requested=14 read=14
RUST_UIO: uio_fread requested=4 read=4
RUST_UIO: uio_fread requested=8 read=8
RUST_UIO: uio_fread requested=18 read=18
RUST_UIO: uio_fread requested=4 read=4
RUST_UIO: uio_fread requested=8 read=8
RUST_UIO: uio_fread requested=28 read=28
RUST_UIO: uio_fread requested=4 read=4
RUST_UIO: uio_fclose called
RUST_UIO: uio_fopen entry
RUST_UIO: uio_fopen called
RUST_UIO: uio_fopen path="/Users/runner/work/_temp/s4-command-evidence/bundle/run-0/payloads/native-window.acceptance/inputs/content/base/fonts/tiny.fon/0005a.png" mode=rb
RUST_UIO: uio_fopen returning stream=0x600002d0c0c0
RUST_UIO: uio_fread requested=8 read=8
RUST_UIO: uio_fread requested=8 read=8
RUST_UIO: uio_fread requested=13 read=13
RUST_UIO: uio_fread requested=4 read=4
RUST_UIO: uio_fread requested=8 read=8
RUST_UIO: uio_fread requested=63 read=63
RUST_UIO: uio_fread requested=4 read=4
RUST_UIO: uio_fread requested=8 read=8
RUST_UIO: uio_fread requested=14 read=14
RUST_UIO: uio_fread requested=4 read=4
RUST_UIO: uio_fread requested=8 read=8
RUST_UIO: uio_fread requested=18 read=18
RUST_UIO: uio_fread requested=4 read=4
RUST_UIO: uio_fread requested=8 read=8
RUST_UIO: uio_fread requested=29 read=29
RUST_UIO: uio_fread requested=4 read=4
RUST_UIO: uio_fclose called
RUST_UIO: uio_fopen entry
RUST_UIO: uio_fopen called
RUST_UIO: uio_fopen path="/Users/runner/work/_temp/s4-command-evidence/bundle/run-0/payloads/native-window.acceptance/inputs/content/base/fonts/tiny.fon/0004e.png" mode=rb
RUST_UIO: uio_fopen returning stream=0x600002d0c0c0
RUST_UIO: uio_fread requested=8 read=8
RUST_UIO: uio_fread requested=8 read=8
RUST_UIO: uio_fread requested=13 read=13
RUST_UIO: uio_fread requested=4 read=4
RUST_UIO: uio_fread requested=8 read=8
RUST_UIO: uio_fread requested=63 read=63
RUST_UIO: uio_fread requested=4 read=4
RUST_UIO: uio_fread requested=8 read=8
RUST_UIO: uio_fread requested=14 read=14
RUST_UIO: uio_fread requested=4 read=4
RUST_UIO: uio_fread requested=8 read=8
RUST_UIO: uio_fread requested=18 read=18
RUST_UIO: uio_fread requested=4 read=4
RUST_UIO: uio_fread requested=8 read=8
RUST_UIO: uio_fread requested=42 read=42
RUST_UIO: uio_fread requested=4 read=4
RUST_UIO: uio_fclose called
RUST_UIO: uio_fopen entry
RUST_UIO: uio_fopen called
RUST_UIO: uio_fopen path="/Users/runner/work/_temp/s4-command-evidence/bundle/run-0/payloads/native-window.acceptance/inputs/content/base/fonts/tiny.fon/00057.png" mode=rb
RUST_UIO: uio_fopen returning stream=0x600002d0c0c0
RUST_UIO: uio_fread requested=8 read=8
RUST_UIO: uio_fread requested=8 read=8
RUST_UIO: uio_fread requested=13 read=13
RUST_UIO: uio_fread requested=4 read=4
RUST_UIO: uio_fread requested=8 read=8
RUST_UIO: uio_fread requested=63 read=63
RUST_UIO: uio_fread requested=4 read=4
RUST_UIO: uio_fread requested=8 read=8
RUST_UIO: uio_fread requested=14 read=14
RUST_UIO: uio_fread requested=4 read=4
RUST_UIO: uio_fread requested=8 read=8
RUST_UIO: uio_fread requested=18 read=18
RUST_UIO: uio_fread requested=4 read=4
RUST_UIO: uio_fread requested=8 read=8
RUST_UIO: uio_fread requested=38 read=38
RUST_UIO: uio_fread requested=4 read=4
RUST_UIO: uio_fclose called
RUST_UIO: uio_fopen entry
RUST_UIO: uio_fopen called
RUST_UIO: uio_fopen path="/Users/runner/work/_temp/s4-command-evidence/bundle/run-0/payloads/native-window.acceptance/inputs/content/base/fonts/tiny.fon/00043.png" mode=rb
RUST_UIO: uio_fopen returning stream=0x600002d0c0c0
RUST_UIO: uio_fread requested=8 read=8
RUST_UIO: uio_fread requested=8 read=8
RUST_UIO: uio_fread requested=13 read=13
RUST_UIO: uio_fread requested=4 read=4
RUST_UIO: uio_fread requested=8 read=8
RUST_UIO: uio_fread requested=63 read=63
RUST_UIO: uio_fread requested=4 read=4
RUST_UIO: uio_fread requested=8 read=8
RUST_UIO: uio_fread requested=14 read=14
RUST_UIO: uio_fread requested=4 read=4
RUST_UIO: uio_fread requested=8 read=8
RUST_UIO: uio_fread requested=18 read=18
RUST_UIO: uio_fread requested=4 read=4
RUST_UIO: uio_fread requested=8 read=8
RUST_UIO: uio_fread requested=37 read=37
RUST_UIO: uio_fread requested=4 read=4
RUST_UIO: uio_fclose called
RUST_UIO: uio_fopen entry
RUST_UIO: uio_fopen called
RUST_UIO: uio_fopen path="/Users/runner/work/_temp/s4-command-evidence/bundle/run-0/payloads/native-window.acceptance/inputs/content/base/fonts/tiny.fon/00042.png" mode=rb
RUST_UIO: uio_fopen returning stream=0x600002d0c0c0
RUST_UIO: uio_fread requested=8 read=8
RUST_UIO: uio_fread requested=8 read=8
RUST_UIO: uio_fread requested=13 read=13
RUST_UIO: uio_fread requested=4 read=4
RUST_UIO: uio_fread requested=8 read=8
RUST_UIO: uio_fread requested=63 read=63
RUST_UIO: uio_fread requested=4 read=4
RUST_UIO: uio_fread requested=8 read=8
RUST_UIO: uio_fread requested=14 read=14
RUST_UIO: uio_fread requested=4 read=4
RUST_UIO: uio_fread requested=8 read=8
RUST_UIO: uio_fread requested=18 read=18
RUST_UIO: uio_fread requested=4 read=4
RUST_UIO: uio_fread requested=8 read=8
RUST_UIO: uio_fread requested=33 read=33
RUST_UIO: uio_fread requested=4 read=4
RUST_UIO: uio_fclose called
RUST_UIO: uio_fopen entry
RUST_UIO: uio_fopen called
RUST_UIO: uio_fopen path="/Users/runner/work/_temp/s4-command-evidence/bundle/run-0/payloads/native-window.acceptance/inputs/content/base/fonts/tiny.fon/00056.png" mode=rb
RUST_UIO: uio_fopen returning stream=0x600002d0c0c0
RUST_UIO: uio_fread requested=8 read=8
RUST_UIO: uio_fread requested=8 read=8
RUST_UIO: uio_fread requested=13 read=13
RUST_UIO: uio_fread requested=4 read=4
RUST_UIO: uio_fread requested=8 read=8
RUST_UIO: uio_fread requested=63 read=63
RUST_UIO: uio_fread requested=4 read=4
RUST_UIO: uio_fread requested=8 read=8
RUST_UIO: uio_fread requested=14 read=14
RUST_UIO: uio_fread requested=4 read=4
RUST_UIO: uio_fread requested=8 read=8
RUST_UIO: uio_fread requested=18 read=18
RUST_UIO: uio_fread requested=4 read=4
RUST_UIO: uio_fread requested=8 read=8
RUST_UIO: uio_fread requested=31 read=31
RUST_UIO: uio_fread requested=4 read=4
RUST_UIO: uio_fclose called
RUST_UIO: uio_fopen entry
RUST_UIO: uio_fopen called
RUST_UIO: uio_fopen path="/Users/runner/work/_temp/s4-command-evidence/bundle/run-0/payloads/native-window.acceptance/inputs/content/base/fonts/tiny.fon/0004d.png" mode=rb
RUST_UIO: uio_fopen returning stream=0x600002d0c0c0
RUST_UIO: uio_fread requested=8 read=8
RUST_UIO: uio_fread requested=8 read=8
RUST_UIO: uio_fread requested=13 read=13
RUST_UIO: uio_fread requested=4 read=4
RUST_UIO: uio_fread requested=8 read=8
RUST_UIO: uio_fread requested=63 read=63
RUST_UIO: uio_fread requested=4 read=4
RUST_UIO: uio_fread requested=8 read=8
RUST_UIO: uio_fread requested=14 read=14
RUST_UIO: uio_fread requested=4 read=4
RUST_UIO: uio_fread requested=8 read=8
RUST_UIO: uio_fread requested=18 read=18
RUST_UIO: uio_fread requested=4 read=4
RUST_UIO: uio_fread requested=8 read=8
RUST_UIO: uio_fread requested=41 read=41
RUST_UIO: uio_fread requested=4 read=4
RUST_UIO: uio_fclose called
RUST_UIO: uio_fopen entry
RUST_UIO: uio_fopen called
RUST_UIO: uio_fopen path="/Users/runner/work/_temp/s4-command-evidence/bundle/run-0/payloads/native-window.acceptance/inputs/content/base/fonts/tiny.fon/00031.png" mode=rb
RUST_UIO: uio_fopen returning stream=0x600002d0c0c0
RUST_UIO: uio_fread requested=8 read=8
RUST_UIO: uio_fread requested=8 read=8
RUST_UIO: uio_fread requested=13 read=13
RUST_UIO: uio_fread requested=4 read=4
RUST_UIO: uio_fread requested=8 read=8
RUST_UIO: uio_fread requested=7 read=7
RUST_UIO: uio_fread requested=4 read=4
RUST_UIO: uio_fread requested=8 read=8
RUST_UIO: uio_fread requested=9 read=9
RUST_UIO: uio_fread requested=4 read=4
RUST_UIO: uio_fread requested=8 read=8
RUST_UIO: uio_fread requested=4 read=4
RUST_UIO: uio_fread requested=4 read=4
RUST_UIO: uio_fread requested=8 read=8
RUST_UIO: uio_fread requested=27 read=27
RUST_UIO: uio_fread requested=4 read=4
RUST_UIO: uio_fclose called
RUST_UIO: uio_fopen entry
RUST_UIO: uio_fopen called
RUST_UIO: uio_fopen path="/Users/runner/work/_temp/s4-command-evidence/bundle/run-0/payloads/native-window.acceptance/inputs/content/base/fonts/tiny.fon/00025.png" mode=rb
RUST_UIO: uio_fopen returning stream=0x600002d0c0c0
RUST_UIO: uio_fread requested=8 read=8
RUST_UIO: uio_fread requested=8 read=8
RUST_UIO: uio_fread requested=13 read=13
RUST_UIO: uio_fread requested=4 read=4
RUST_UIO: uio_fread requested=8 read=8
RUST_UIO: uio_fread requested=63 read=63
RUST_UIO: uio_fread requested=4 read=4
RUST_UIO: uio_fread requested=8 read=8
RUST_UIO: uio_fread requested=14 read=14
RUST_UIO: uio_fread requested=4 read=4
RUST_UIO: uio_fread requested=8 read=8
RUST_UIO: uio_fread requested=18 read=18
RUST_UIO: uio_fread requested=4 read=4
RUST_UIO: uio_fread requested=8 read=8
RUST_UIO: uio_fread requested=29 read=29
RUST_UIO: uio_fread requested=4 read=4
RUST_UIO: uio_fclose called
RUST_UIO: uio_fopen entry
RUST_UIO: uio_fopen called
RUST_UIO: uio_fopen path="/Users/runner/work/_temp/s4-command-evidence/bundle/run-0/payloads/native-window.acceptance/inputs/content/base/fonts/tiny.fon/0002c.png" mode=rb
RUST_UIO: uio_fopen returning stream=0x600002d0c0c0
RUST_UIO: uio_fread requested=8 read=8
RUST_UIO: uio_fread requested=8 read=8
RUST_UIO: uio_fread requested=13 read=13
RUST_UIO: uio_fread requested=4 read=4
RUST_UIO: uio_fread requested=8 read=8
RUST_UIO: uio_fread requested=63 read=63
RUST_UIO: uio_fread requested=4 read=4
RUST_UIO: uio_fread requested=8 read=8
RUST_UIO: uio_fread requested=14 read=14
RUST_UIO: uio_fread requested=4 read=4
RUST_UIO: uio_fread requested=8 read=8
RUST_UIO: uio_fread requested=18 read=18
RUST_UIO: uio_fread requested=4 read=4
RUST_UIO: uio_fread requested=8 read=8
RUST_UIO: uio_fread requested=23 read=23
RUST_UIO: uio_fread requested=4 read=4
RUST_UIO: uio_fclose called
RUST_UIO: uio_fopen entry
RUST_UIO: uio_fopen called
RUST_UIO: uio_fopen path="/Users/runner/work/_temp/s4-command-evidence/bundle/run-0/payloads/native-window.acceptance/inputs/content/base/fonts/tiny.fon/0002b.png" mode=rb
RUST_UIO: uio_fopen returning stream=0x600002d0c0c0
RUST_UIO: uio_fread requested=8 read=8
RUST_UIO: uio_fread requested=8 read=8
RUST_UIO: uio_fread requested=13 read=13
RUST_UIO: uio_fread requested=4 read=4
RUST_UIO: uio_fread requested=8 read=8
RUST_UIO: uio_fread requested=63 read=63
RUST_UIO: uio_fread requested=4 read=4
RUST_UIO: uio_fread requested=8 read=8
RUST_UIO: uio_fread requested=14 read=14
RUST_UIO: uio_fread requested=4 read=4
RUST_UIO: uio_fread requested=8 read=8
RUST_UIO: uio_fread requested=18 read=18
RUST_UIO: uio_fread requested=4 read=4
RUST_UIO: uio_fread requested=8 read=8
RUST_UIO: uio_fread requested=27 read=27
RUST_UIO: uio_fread requested=4 read=4
RUST_UIO: uio_fclose called
RUST_UIO: uio_fopen entry
RUST_UIO: uio_fopen called
RUST_UIO: uio_fopen path="/Users/runner/work/_temp/s4-command-evidence/bundle/run-0/payloads/native-window.acceptance/inputs/content/base/fonts/tiny.fon/0003f.png" mode=rb
RUST_UIO: uio_fopen returning stream=0x600002d0c0c0
RUST_UIO: uio_fread requested=8 read=8
RUST_UIO: uio_fread requested=8 read=8
RUST_UIO: uio_fread requested=13 read=13
RUST_UIO: uio_fread requested=4 read=4
RUST_UIO: uio_fread requested=8 read=8
RUST_UIO: uio_fread requested=63 read=63
RUST_UIO: uio_fread requested=4 read=4
RUST_UIO: uio_fread requested=8 read=8
RUST_UIO: uio_fread requested=14 read=14
RUST_UIO: uio_fread requested=4 read=4
RUST_UIO: uio_fread requested=8 read=8
RUST_UIO: uio_fread requested=18 read=18
RUST_UIO: uio_fread requested=4 read=4
RUST_UIO: uio_fread requested=8 read=8
RUST_UIO: uio_fread requested=32 read=32
RUST_UIO: uio_fread requested=4 read=4
RUST_UIO: uio_fclose called
RUST_UIO: uio_fopen entry
RUST_UIO: uio_fopen called
RUST_UIO: uio_fopen path="/Users/runner/work/_temp/s4-command-evidence/bundle/run-0/payloads/native-window.acceptance/inputs/content/base/fonts/tiny.fon/00024.png" mode=rb
RUST_UIO: uio_fopen returning stream=0x600002d0c0c0
RUST_UIO: uio_fread requested=8 read=8
RUST_UIO: uio_fread requested=8 read=8
RUST_UIO: uio_fread requested=13 read=13
RUST_UIO: uio_fread requested=4 read=4
RUST_UIO: uio_fread requested=8 read=8
RUST_UIO: uio_fread requested=63 read=63
RUST_UIO: uio_fread requested=4 read=4
RUST_UIO: uio_fread requested=8 read=8
RUST_UIO: uio_fread requested=14 read=14
RUST_UIO: uio_fread requested=4 read=4
RUST_UIO: uio_fread requested=8 read=8
RUST_UIO: uio_fread requested=18 read=18
RUST_UIO: uio_fread requested=4 read=4
RUST_UIO: uio_fread requested=8 read=8
RUST_UIO: uio_fread requested=38 read=38
RUST_UIO: uio_fread requested=4 read=4
RUST_UIO: uio_fclose called
RUST_UIO: uio_fopen entry
RUST_UIO: uio_fopen called
RUST_UIO: uio_fopen path="/Users/runner/work/_temp/s4-command-evidence/bundle/run-0/payloads/native-window.acceptance/inputs/content/base/fonts/tiny.fon/00030.png" mode=rb
RUST_UIO: uio_fopen returning stream=0x600002d0c0c0
RUST_UIO: uio_fread requested=8 read=8
RUST_UIO: uio_fread requested=8 read=8
RUST_UIO: uio_fread requested=13 read=13
RUST_UIO: uio_fread requested=4 read=4
RUST_UIO: uio_fread requested=8 read=8
RUST_UIO: uio_fread requested=63 read=63
RUST_UIO: uio_fread requested=4 read=4
RUST_UIO: uio_fread requested=8 read=8
RUST_UIO: uio_fread requested=14 read=14
RUST_UIO: uio_fread requested=4 read=4
RUST_UIO: uio_fread requested=8 read=8
RUST_UIO: uio_fread requested=18 read=18
RUST_UIO: uio_fread requested=4 read=4
RUST_UIO: uio_fread requested=8 read=8
RUST_UIO: uio_fread requested=27 read=27
RUST_UIO: uio_fread requested=4 read=4
RUST_UIO: uio_fclose called
RUST_UIO: uio_fopen entry
RUST_UIO: uio_fopen called
RUST_UIO: uio_fopen path="/Users/runner/work/_temp/s4-command-evidence/bundle/run-0/payloads/native-window.acceptance/inputs/content/base/fonts/tiny.fon/00026.png" mode=rb
RUST_UIO: uio_fopen returning stream=0x600002d0c0c0
RUST_UIO: uio_fread requested=8 read=8
RUST_UIO: uio_fread requested=8 read=8
RUST_UIO: uio_fread requested=13 read=13
RUST_UIO: uio_fread requested=4 read=4
RUST_UIO: uio_fread requested=8 read=8
RUST_UIO: uio_fread requested=63 read=63
RUST_UIO: uio_fread requested=4 read=4
RUST_UIO: uio_fread requested=8 read=8
RUST_UIO: uio_fread requested=14 read=14
RUST_UIO: uio_fread requested=4 read=4
RUST_UIO: uio_fread requested=8 read=8
RUST_UIO: uio_fread requested=18 read=18
RUST_UIO: uio_fread requested=4 read=4
RUST_UIO: uio_fread requested=8 read=8
RUST_UIO: uio_fread requested=36 read=36
RUST_UIO: uio_fread requested=4 read=4
RUST_UIO: uio_fclose called
RUST_UIO: uio_fopen entry
RUST_UIO: uio_fopen called
RUST_UIO: uio_fopen path="/Users/runner/work/_temp/s4-command-evidence/bundle/run-0/payloads/native-window.acceptance/inputs/content/base/fonts/tiny.fon/00032.png" mode=rb
RUST_UIO: uio_fopen returning stream=0x600002d0c0c0
RUST_UIO: uio_fread requested=8 read=8
RUST_UIO: uio_fread requested=8 read=8
RUST_UIO: uio_fread requested=13 read=13
RUST_UIO: uio_fread requested=4 read=4
RUST_UIO: uio_fread requested=8 read=8
RUST_UIO: uio_fread requested=63 read=63
RUST_UIO: uio_fread requested=4 read=4
RUST_UIO: uio_fread requested=8 read=8
RUST_UIO: uio_fread requested=14 read=14
RUST_UIO: uio_fread requested=4 read=4
RUST_UIO: uio_fread requested=8 read=8
RUST_UIO: uio_fread requested=18 read=18
RUST_UIO: uio_fread requested=4 read=4
RUST_UIO: uio_fread requested=8 read=8
RUST_UIO: uio_fread requested=26 read=26
RUST_UIO: uio_fread requested=4 read=4
RUST_UIO: uio_fclose called
RUST_UIO: uio_fopen entry
RUST_UIO: uio_fopen called
RUST_UIO: uio_fopen path="/Users/runner/work/_temp/s4-command-evidence/bundle/run-0/payloads/native-window.acceptance/inputs/content/base/fonts/tiny.fon/0003d.png" mode=rb
RUST_UIO: uio_fopen returning stream=0x600002d0c0c0
RUST_UIO: uio_fread requested=8 read=8
RUST_UIO: uio_fread requested=8 read=8
RUST_UIO: uio_fread requested=13 read=13
RUST_UIO: uio_fread requested=4 read=4
RUST_UIO: uio_fread requested=8 read=8
RUST_UIO: uio_fread requested=63 read=63
RUST_UIO: uio_fread requested=4 read=4
RUST_UIO: uio_fread requested=8 read=8
RUST_UIO: uio_fread requested=14 read=14
RUST_UIO: uio_fread requested=4 read=4
RUST_UIO: uio_fread requested=8 read=8
RUST_UIO: uio_fread requested=18 read=18
RUST_UIO: uio_fread requested=4 read=4
RUST_UIO: uio_fread requested=8 read=8
RUST_UIO: uio_fread requested=21 read=21
RUST_UIO: uio_fread requested=4 read=4
RUST_UIO: uio_fclose called
RUST_UIO: uio_fopen entry
RUST_UIO: uio_fopen called
RUST_UIO: uio_fopen path="/Users/runner/work/_temp/s4-command-evidence/bundle/run-0/payloads/native-window.acceptance/inputs/content/base/fonts/tiny.fon/0003e.png" mode=rb
RUST_UIO: uio_fopen returning stream=0x600002d0c0c0
RUST_UIO: uio_fread requested=8 read=8
RUST_UIO: uio_fread requested=8 read=8
RUST_UIO: uio_fread requested=13 read=13
RUST_UIO: uio_fread requested=4 read=4
RUST_UIO: uio_fread requested=8 read=8
RUST_UIO: uio_fread requested=63 read=63
RUST_UIO: uio_fread requested=4 read=4
RUST_UIO: uio_fread requested=8 read=8
RUST_UIO: uio_fread requested=14 read=14
RUST_UIO: uio_fread requested=4 read=4
RUST_UIO: uio_fread requested=8 read=8
RUST_UIO: uio_fread requested=18 read=18
RUST_UIO: uio_fread requested=4 read=4
RUST_UIO: uio_fread requested=8 read=8
RUST_UIO: uio_fread requested=22 read=22
RUST_UIO: uio_fread requested=4 read=4
RUST_UIO: uio_fclose called
RUST_UIO: uio_fopen entry
RUST_UIO: uio_fopen called
RUST_UIO: uio_fopen path="/Users/runner/work/_temp/s4-command-evidence/bundle/run-0/payloads/native-window.acceptance/inputs/content/base/fonts/tiny.fon/0002a.png" mode=rb
RUST_UIO: uio_fopen returning stream=0x600002d0c0c0
RUST_UIO: uio_fread requested=8 read=8
RUST_UIO: uio_fread requested=8 read=8
RUST_UIO: uio_fread requested=13 read=13
RUST_UIO: uio_fread requested=4 read=4
RUST_UIO: uio_fread requested=8 read=8
RUST_UIO: uio_fread requested=63 read=63
RUST_UIO: uio_fread requested=4 read=4
RUST_UIO: uio_fread requested=8 read=8
RUST_UIO: uio_fread requested=14 read=14
RUST_UIO: uio_fread requested=4 read=4
RUST_UIO: uio_fread requested=8 read=8
RUST_UIO: uio_fread requested=18 read=18
RUST_UIO: uio_fread requested=4 read=4
RUST_UIO: uio_fread requested=8 read=8
RUST_UIO: uio_fread requested=23 read=23
RUST_UIO: uio_fread requested=4 read=4
RUST_UIO: uio_fclose called
RUST_UIO: uio_fopen entry
RUST_UIO: uio_fopen called
RUST_UIO: uio_fopen path="/Users/runner/work/_temp/s4-command-evidence/bundle/run-0/payloads/native-window.acceptance/inputs/content/base/fonts/tiny.fon/00033.png" mode=rb
RUST_UIO: uio_fopen returning stream=0x600002d0c0c0
RUST_UIO: uio_fread requested=8 read=8
RUST_UIO: uio_fread requested=8 read=8
RUST_UIO: uio_fread requested=13 read=13
RUST_UIO: uio_fread requested=4 read=4
RUST_UIO: uio_fread requested=8 read=8
RUST_UIO: uio_fread requested=63 read=63
RUST_UIO: uio_fread requested=4 read=4
RUST_UIO: uio_fread requested=8 read=8
RUST_UIO: uio_fread requested=14 read=14
RUST_UIO: uio_fread requested=4 read=4
RUST_UIO: uio_fread requested=8 read=8
RUST_UIO: uio_fread requested=18 read=18
RUST_UIO: uio_fread requested=4 read=4
RUST_UIO: uio_fread requested=8 read=8
RUST_UIO: uio_fread requested=40 read=40
RUST_UIO: uio_fread requested=4 read=4
RUST_UIO: uio_fclose called
RUST_UIO: uio_fopen entry
RUST_UIO: uio_fopen called
RUST_UIO: uio_fopen path="/Users/runner/work/_temp/s4-command-evidence/bundle/run-0/payloads/native-window.acceptance/inputs/content/base/fonts/tiny.fon/00027.png" mode=rb
RUST_UIO: uio_fopen returning stream=0x600002d0c0c0
RUST_UIO: uio_fread requested=8 read=8
RUST_UIO: uio_fread requested=8 read=8
RUST_UIO: uio_fread requested=13 read=13
RUST_UIO: uio_fread requested=4 read=4
RUST_UIO: uio_fread requested=8 read=8
RUST_UIO: uio_fread requested=63 read=63
RUST_UIO: uio_fread requested=4 read=4
RUST_UIO: uio_fread requested=8 read=8
RUST_UIO: uio_fread requested=14 read=14
RUST_UIO: uio_fread requested=4 read=4
RUST_UIO: uio_fread requested=8 read=8
RUST_UIO: uio_fread requested=18 read=18
RUST_UIO: uio_fread requested=4 read=4
RUST_UIO: uio_fread requested=8 read=8
RUST_UIO: uio_fread requested=23 read=23
RUST_UIO: uio_fread requested=4 read=4
RUST_UIO: uio_fclose called
RUST_UIO: uio_fopen entry
RUST_UIO: uio_fopen called
RUST_UIO: uio_fopen path="/Users/runner/work/_temp/s4-command-evidence/bundle/run-0/payloads/native-window.acceptance/inputs/content/base/fonts/tiny.fon/0002e.png" mode=rb
RUST_UIO: uio_fopen returning stream=0x600002d14f80
RUST_UIO: uio_fread requested=8 read=8
RUST_UIO: uio_fread requested=8 read=8
RUST_UIO: uio_fread requested=13 read=13
RUST_UIO: uio_fread requested=4 read=4
RUST_UIO: uio_fread requested=8 read=8
RUST_UIO: uio_fread requested=63 read=63
RUST_UIO: uio_fread requested=4 read=4
RUST_UIO: uio_fread requested=8 read=8
RUST_UIO: uio_fread requested=14 read=14
RUST_UIO: uio_fread requested=4 read=4
RUST_UIO: uio_fread requested=8 read=8
RUST_UIO: uio_fread requested=18 read=18
RUST_UIO: uio_fread requested=4 read=4
RUST_UIO: uio_fread requested=8 read=8
RUST_UIO: uio_fread requested=21 read=21
RUST_UIO: uio_fread requested=4 read=4
RUST_UIO: uio_fclose called
RUST_UIO: uio_fopen entry
RUST_UIO: uio_fopen called
RUST_UIO: uio_fopen path="/Users/runner/work/_temp/s4-command-evidence/bundle/run-0/payloads/native-window.acceptance/inputs/content/base/fonts/tiny.fon/0003a.png" mode=rb
RUST_UIO: uio_fopen returning stream=0x600002d14f80
RUST_UIO: uio_fread requested=8 read=8
RUST_UIO: uio_fread requested=8 read=8
RUST_UIO: uio_fread requested=13 read=13
RUST_UIO: uio_fread requested=4 read=4
RUST_UIO: uio_fread requested=8 read=8
RUST_UIO: uio_fread requested=63 read=63
RUST_UIO: uio_fread requested=4 read=4
RUST_UIO: uio_fread requested=8 read=8
RUST_UIO: uio_fread requested=14 read=14
RUST_UIO: uio_fread requested=4 read=4
RUST_UIO: uio_fread requested=8 read=8
RUST_UIO: uio_fread requested=18 read=18
RUST_UIO: uio_fread requested=4 read=4
RUST_UIO: uio_fread requested=8 read=8
RUST_UIO: uio_fread requested=22 read=22
RUST_UIO: uio_fread requested=4 read=4
RUST_UIO: uio_fclose called
RUST_UIO: uio_fopen entry
RUST_UIO: uio_fopen called
RUST_UIO: uio_fopen path="/Users/runner/work/_temp/s4-command-evidence/bundle/run-0/payloads/native-window.acceptance/inputs/content/base/fonts/tiny.fon/00023.png" mode=rb
RUST_UIO: uio_fopen returning stream=0x600002d14f80
RUST_UIO: uio_fread requested=8 read=8
RUST_UIO: uio_fread requested=8 read=8
RUST_UIO: uio_fread requested=13 read=13
RUST_UIO: uio_fread requested=4 read=4
RUST_UIO: uio_fread requested=8 read=8
RUST_UIO: uio_fread requested=63 read=63
RUST_UIO: uio_fread requested=4 read=4
RUST_UIO: uio_fread requested=8 read=8
RUST_UIO: uio_fread requested=14 read=14
RUST_UIO: uio_fread requested=4 read=4
RUST_UIO: uio_fread requested=8 read=8
RUST_UIO: uio_fread requested=18 read=18
RUST_UIO: uio_fread requested=4 read=4
RUST_UIO: uio_fread requested=8 read=8
RUST_UIO: uio_fread requested=25 read=25
RUST_UIO: uio_fread requested=4 read=4
RUST_UIO: uio_fclose called
RUST_UIO: uio_fopen entry
RUST_UIO: uio_fopen called
RUST_UIO: uio_fopen path="/Users/runner/work/_temp/s4-command-evidence/bundle/run-0/payloads/native-window.acceptance/inputs/content/base/fonts/tiny.fon/00037.png" mode=rb
RUST_UIO: uio_fopen returning stream=0x600002d14f80
RUST_UIO: uio_fread requested=8 read=8
RUST_UIO: uio_fread requested=8 read=8
RUST_UIO: uio_fread requested=13 read=13
RUST_UIO: uio_fread requested=4 read=4
RUST_UIO: uio_fread requested=8 read=8
RUST_UIO: uio_fread requested=63 read=63
RUST_UIO: uio_fread requested=4 read=4
RUST_UIO: uio_fread requested=8 read=8
RUST_UIO: uio_fread requested=14 read=14
RUST_UIO: uio_fread requested=4 read=4
RUST_UIO: uio_fread requested=8 read=8
RUST_UIO: uio_fread requested=18 read=18
RUST_UIO: uio_fread requested=4 read=4
RUST_UIO: uio_fread requested=8 read=8
RUST_UIO: uio_fread requested=26 read=26
RUST_UIO: uio_fread requested=4 read=4
RUST_UIO: uio_fclose called
RUST_UIO: uio_fopen entry
RUST_UIO: uio_fopen called
RUST_UIO: uio_fopen path="/Users/runner/work/_temp/s4-command-evidence/bundle/run-0/payloads/native-window.acceptance/inputs/content/base/fonts/tiny.fon/00036.png" mode=rb
RUST_UIO: uio_fopen returning stream=0x600002d14f80
RUST_UIO: uio_fread requested=8 read=8
RUST_UIO: uio_fread requested=8 read=8
RUST_UIO: uio_fread requested=13 read=13
RUST_UIO: uio_fread requested=4 read=4
RUST_UIO: uio_fread requested=8 read=8
RUST_UIO: uio_fread requested=63 read=63
RUST_UIO: uio_fread requested=4 read=4
RUST_UIO: uio_fread requested=8 read=8
RUST_UIO: uio_fread requested=14 read=14
RUST_UIO: uio_fread requested=4 read=4
RUST_UIO: uio_fread requested=8 read=8
RUST_UIO: uio_fread requested=18 read=18
RUST_UIO: uio_fread requested=4 read=4
RUST_UIO: uio_fread requested=8 read=8
RUST_UIO: uio_fread requested=33 read=33
RUST_UIO: uio_fread requested=4 read=4
RUST_UIO: uio_fclose called
RUST_UIO: uio_fopen entry
RUST_UIO: uio_fopen called
RUST_UIO: uio_fopen path="/Users/runner/work/_temp/s4-command-evidence/bundle/run-0/payloads/native-window.acceptance/inputs/content/base/fonts/tiny.fon/00022.png" mode=rb
RUST_UIO: uio_fopen returning stream=0x600002d14f80
RUST_UIO: uio_fread requested=8 read=8
RUST_UIO: uio_fread requested=8 read=8
RUST_UIO: uio_fread requested=13 read=13
RUST_UIO: uio_fread requested=4 read=4
RUST_UIO: uio_fread requested=8 read=8
RUST_UIO: uio_fread requested=63 read=63
RUST_UIO: uio_fread requested=4 read=4
RUST_UIO: uio_fread requested=8 read=8
RUST_UIO: uio_fread requested=14 read=14
RUST_UIO: uio_fread requested=4 read=4
RUST_UIO: uio_fread requested=8 read=8
RUST_UIO: uio_fread requested=18 read=18
RUST_UIO: uio_fread requested=4 read=4
RUST_UIO: uio_fread requested=8 read=8
RUST_UIO: uio_fread requested=23 read=23
RUST_UIO: uio_fread requested=4 read=4
RUST_UIO: uio_fclose called
RUST_UIO: uio_fopen entry
RUST_UIO: uio_fopen called
RUST_UIO: uio_fopen path="/Users/runner/work/_temp/s4-command-evidence/bundle/run-0/payloads/native-window.acceptance/inputs/content/base/fonts/tiny.fon/0002d.png" mode=rb
RUST_UIO: uio_fopen returning stream=0x600002d14f80
RUST_UIO: uio_fread requested=8 read=8
RUST_UIO: uio_fread requested=8 read=8
RUST_UIO: uio_fread requested=13 read=13
RUST_UIO: uio_fread requested=4 read=4
RUST_UIO: uio_fread requested=8 read=8
RUST_UIO: uio_fread requested=63 read=63
RUST_UIO: uio_fread requested=4 read=4
RUST_UIO: uio_fread requested=8 read=8
RUST_UIO: uio_fread requested=14 read=14
RUST_UIO: uio_fread requested=4 read=4
RUST_UIO: uio_fread requested=8 read=8
RUST_UIO: uio_fread requested=18 read=18
RUST_UIO: uio_fread requested=4 read=4
RUST_UIO: uio_fread requested=8 read=8
RUST_UIO: uio_fread requested=19 read=19
RUST_UIO: uio_fread requested=4 read=4
RUST_UIO: uio_fclose called
RUST_UIO: uio_fopen entry
RUST_UIO: uio_fopen called
RUST_UIO: uio_fopen path="/Users/runner/work/_temp/s4-command-evidence/bundle/run-0/payloads/native-window.acceptance/inputs/content/base/fonts/tiny.fon/0003b.png" mode=rb
RUST_UIO: uio_fopen returning stream=0x600002d14f80
RUST_UIO: uio_fread requested=8 read=8
RUST_UIO: uio_fread requested=8 read=8
RUST_UIO: uio_fread requested=13 read=13
RUST_UIO: uio_fread requested=4 read=4
RUST_UIO: uio_fread requested=8 read=8
RUST_UIO: uio_fread requested=63 read=63
RUST_UIO: uio_fread requested=4 read=4
RUST_UIO: uio_fread requested=8 read=8
RUST_UIO: uio_fread requested=14 read=14
RUST_UIO: uio_fread requested=4 read=4
RUST_UIO: uio_fread requested=8 read=8
RUST_UIO: uio_fread requested=18 read=18
RUST_UIO: uio_fread requested=4 read=4
RUST_UIO: uio_fread requested=8 read=8
RUST_UIO: uio_fread requested=20 read=20
RUST_UIO: uio_fread requested=4 read=4
RUST_UIO: uio_fclose called
RUST_UIO: uio_fopen entry
RUST_UIO: uio_fopen called
RUST_UIO: uio_fopen path="/Users/runner/work/_temp/s4-command-evidence/bundle/run-0/payloads/native-window.acceptance/inputs/content/base/fonts/tiny.fon/0002f.png" mode=rb
RUST_UIO: uio_fopen returning stream=0x600002d14f80
RUST_UIO: uio_fread requested=8 read=8
RUST_UIO: uio_fread requested=8 read=8
RUST_UIO: uio_fread requested=13 read=13
RUST_UIO: uio_fread requested=4 read=4
RUST_UIO: uio_fread requested=8 read=8
RUST_UIO: uio_fread requested=63 read=63
RUST_UIO: uio_fread requested=4 read=4
RUST_UIO: uio_fread requested=8 read=8
RUST_UIO: uio_fread requested=14 read=14
RUST_UIO: uio_fread requested=4 read=4
RUST_UIO: uio_fread requested=8 read=8
RUST_UIO: uio_fread requested=18 read=18
RUST_UIO: uio_fread requested=4 read=4
RUST_UIO: uio_fread requested=8 read=8
RUST_UIO: uio_fread requested=20 read=20
RUST_UIO: uio_fread requested=4 read=4
RUST_UIO: uio_fclose called
RUST_UIO: uio_fopen entry
RUST_UIO: uio_fopen called
RUST_UIO: uio_fopen path="/Users/runner/work/_temp/s4-command-evidence/bundle/run-0/payloads/native-window.acceptance/inputs/content/base/fonts/tiny.fon/00034.png" mode=rb
RUST_UIO: uio_fopen returning stream=0x600002d14f80
RUST_UIO: uio_fread requested=8 read=8
RUST_UIO: uio_fread requested=8 read=8
RUST_UIO: uio_fread requested=13 read=13
RUST_UIO: uio_fread requested=4 read=4
RUST_UIO: uio_fread requested=8 read=8
RUST_UIO: uio_fread requested=63 read=63
RUST_UIO: uio_fread requested=4 read=4
RUST_UIO: uio_fread requested=8 read=8
RUST_UIO: uio_fread requested=14 read=14
RUST_UIO: uio_fread requested=4 read=4
RUST_UIO: uio_fread requested=8 read=8
RUST_UIO: uio_fread requested=18 read=18
RUST_UIO: uio_fread requested=4 read=4
RUST_UIO: uio_fread requested=8 read=8
RUST_UIO: uio_fread requested=30 read=30
RUST_UIO: uio_fread requested=4 read=4
RUST_UIO: uio_fclose called
RUST_UIO: uio_fopen entry
RUST_UIO: uio_fopen called
RUST_UIO: uio_fopen path="/Users/runner/work/_temp/s4-command-evidence/bundle/run-0/payloads/native-window.acceptance/inputs/content/base/fonts/tiny.fon/00020.png" mode=rb
RUST_UIO: uio_fopen returning stream=0x600002d14f80
RUST_UIO: uio_fread requested=8 read=8
RUST_UIO: uio_fread requested=8 read=8
RUST_UIO: uio_fread requested=13 read=13
RUST_UIO: uio_fread requested=4 read=4
RUST_UIO: uio_fread requested=8 read=8
RUST_UIO: uio_fread requested=63 read=63
RUST_UIO: uio_fread requested=4 read=4
RUST_UIO: uio_fread requested=8 read=8
RUST_UIO: uio_fread requested=14 read=14
RUST_UIO: uio_fread requested=4 read=4
RUST_UIO: uio_fread requested=8 read=8
RUST_UIO: uio_fread requested=18 read=18
RUST_UIO: uio_fread requested=4 read=4
RUST_UIO: uio_fread requested=8 read=8
RUST_UIO: uio_fread requested=12 read=12
RUST_UIO: uio_fread requested=4 read=4
RUST_UIO: uio_fclose called
RUST_UIO: uio_fopen entry
RUST_UIO: uio_fopen called
RUST_UIO: uio_fopen path="/Users/runner/work/_temp/s4-command-evidence/bundle/run-0/payloads/native-window.acceptance/inputs/content/base/fonts/tiny.fon/00021.png" mode=rb
RUST_UIO: uio_fopen returning stream=0x600002d14f80
RUST_UIO: uio_fread requested=8 read=8
RUST_UIO: uio_fread requested=8 read=8
RUST_UIO: uio_fread requested=13 read=13
RUST_UIO: uio_fread requested=4 read=4
RUST_UIO: uio_fread requested=8 read=8
RUST_UIO: uio_fread requested=63 read=63
RUST_UIO: uio_fread requested=4 read=4
RUST_UIO: uio_fread requested=8 read=8
RUST_UIO: uio_fread requested=14 read=14
RUST_UIO: uio_fread requested=4 read=4
RUST_UIO: uio_fread requested=8 read=8
RUST_UIO: uio_fread requested=18 read=18
RUST_UIO: uio_fread requested=4 read=4
RUST_UIO: uio_fread requested=8 read=8
RUST_UIO: uio_fread requested=28 read=28
RUST_UIO: uio_fread requested=4 read=4
RUST_UIO: uio_fclose called
RUST_UIO: uio_fopen entry
RUST_UIO: uio_fopen called
RUST_UIO: uio_fopen path="/Users/runner/work/_temp/s4-command-evidence/bundle/run-0/payloads/native-window.acceptance/inputs/content/base/fonts/tiny.fon/00035.png" mode=rb
RUST_UIO: uio_fopen returning stream=0x600002d14f80
RUST_UIO: uio_fread requested=8 read=8
RUST_UIO: uio_fread requested=8 read=8
RUST_UIO: uio_fread requested=13 read=13
RUST_UIO: uio_fread requested=4 read=4
RUST_UIO: uio_fread requested=8 read=8
RUST_UIO: uio_fread requested=63 read=63
RUST_UIO: uio_fread requested=4 read=4
RUST_UIO: uio_fread requested=8 read=8
RUST_UIO: uio_fread requested=14 read=14
RUST_UIO: uio_fread requested=4 read=4
RUST_UIO: uio_fread requested=8 read=8
RUST_UIO: uio_fread requested=18 read=18
RUST_UIO: uio_fread requested=4 read=4
RUST_UIO: uio_fread requested=8 read=8
RUST_UIO: uio_fread requested=35 read=35
RUST_UIO: uio_fread requested=4 read=4
RUST_UIO: uio_fclose called
RUST_UIO: uio_fopen entry
RUST_UIO: uio_fopen called
RUST_UIO: uio_fopen path="/Users/runner/work/_temp/s4-command-evidence/bundle/run-0/payloads/native-window.acceptance/inputs/content/base/fonts/tiny.fon/0003c.png" mode=rb
RUST_UIO: uio_fopen returning stream=0x600002d14f80
RUST_UIO: uio_fread requested=8 read=8
RUST_UIO: uio_fread requested=8 read=8
RUST_UIO: uio_fread requested=13 read=13
RUST_UIO: uio_fread requested=4 read=4
RUST_UIO: uio_fread requested=8 read=8
RUST_UIO: uio_fread requested=63 read=63
RUST_UIO: uio_fread requested=4 read=4
RUST_UIO: uio_fread requested=8 read=8
RUST_UIO: uio_fread requested=14 read=14
RUST_UIO: uio_fread requested=4 read=4
RUST_UIO: uio_fread requested=8 read=8
RUST_UIO: uio_fread requested=18 read=18
RUST_UIO: uio_fread requested=4 read=4
RUST_UIO: uio_fread requested=8 read=8
RUST_UIO: uio_fread requested=22 read=22
RUST_UIO: uio_fread requested=4 read=4
RUST_UIO: uio_fclose called
RUST_UIO: uio_fopen entry
RUST_UIO: uio_fopen called
RUST_UIO: uio_fopen path="/Users/runner/work/_temp/s4-command-evidence/bundle/run-0/payloads/native-window.acceptance/inputs/content/base/fonts/tiny.fon/00038.png" mode=rb
RUST_UIO: uio_fopen returning stream=0x600002d14f80
RUST_UIO: uio_fread requested=8 read=8
RUST_UIO: uio_fread requested=8 read=8
RUST_UIO: uio_fread requested=13 read=13
RUST_UIO: uio_fread requested=4 read=4
RUST_UIO: uio_fread requested=8 read=8
RUST_UIO: uio_fread requested=63 read=63
RUST_UIO: uio_fread requested=4 read=4
RUST_UIO: uio_fread requested=8 read=8
RUST_UIO: uio_fread requested=14 read=14
RUST_UIO: uio_fread requested=4 read=4
RUST_UIO: uio_fread requested=8 read=8
RUST_UIO: uio_fread requested=18 read=18
RUST_UIO: uio_fread requested=4 read=4
RUST_UIO: uio_fread requested=8 read=8
RUST_UIO: uio_fread requested=22 read=22
RUST_UIO: uio_fread requested=4 read=4
RUST_UIO: uio_fclose called
RUST_UIO: uio_fopen entry
RUST_UIO: uio_fopen called
RUST_UIO: uio_fopen path="/Users/runner/work/_temp/s4-command-evidence/bundle/run-0/payloads/native-window.acceptance/inputs/content/base/fonts/tiny.fon/00039.png" mode=rb
RUST_UIO: uio_fopen returning stream=0x600002d14f80
RUST_UIO: uio_fread requested=8 read=8
RUST_UIO: uio_fread requested=8 read=8
RUST_UIO: uio_fread requested=13 read=13
RUST_UIO: uio_fread requested=4 read=4
RUST_UIO: uio_fread requested=8 read=8
RUST_UIO: uio_fread requested=63 read=63
RUST_UIO: uio_fread requested=4 read=4
RUST_UIO: uio_fread requested=8 read=8
RUST_UIO: uio_fread requested=14 read=14
RUST_UIO: uio_fread requested=4 read=4
RUST_UIO: uio_fread requested=8 read=8
RUST_UIO: uio_fread requested=18 read=18
RUST_UIO: uio_fread requested=4 read=4
RUST_UIO: uio_fread requested=8 read=8
RUST_UIO: uio_fread requested=27 read=27
RUST_UIO: uio_fread requested=4 read=4
RUST_UIO: uio_fclose called
RUST_UIO: uio_fopen entry
RUST_UIO: uio_fopen called
RUST_UIO: uio_fopen path="/Users/runner/work/_temp/s4-command-evidence/bundle/run-0/payloads/native-window.acceptance/inputs/content/base/fonts/tiny.fon/00029.png" mode=rb
RUST_UIO: uio_fopen returning stream=0x600002d14f80
RUST_UIO: uio_fread requested=8 read=8
RUST_UIO: uio_fread requested=8 read=8
RUST_UIO: uio_fread requested=13 read=13
RUST_UIO: uio_fread requested=4 read=4
RUST_UIO: uio_fread requested=8 read=8
RUST_UIO: uio_fread requested=63 read=63
RUST_UIO: uio_fread requested=4 read=4
RUST_UIO: uio_fread requested=8 read=8
RUST_UIO: uio_fread requested=14 read=14
RUST_UIO: uio_fread requested=4 read=4
RUST_UIO: uio_fread requested=8 read=8
RUST_UIO: uio_fread requested=18 read=18
RUST_UIO: uio_fread requested=4 read=4
RUST_UIO: uio_fread requested=8 read=8
RUST_UIO: uio_fread requested=28 read=28
RUST_UIO: uio_fread requested=4 read=4
RUST_UIO: uio_fclose called
RUST_UIO: uio_fopen entry
RUST_UIO: uio_fopen called
RUST_UIO: uio_fopen path="/Users/runner/work/_temp/s4-command-evidence/bundle/run-0/payloads/native-window.acceptance/inputs/content/base/fonts/tiny.fon/00028.png" mode=rb
RUST_UIO: uio_fopen returning stream=0x600002d14f80
RUST_UIO: uio_fread requested=8 read=8
RUST_UIO: uio_fread requested=8 read=8
RUST_UIO: uio_fread requested=13 read=13
RUST_UIO: uio_fread requested=4 read=4
RUST_UIO: uio_fread requested=8 read=8
RUST_UIO: uio_fread requested=63 read=63
RUST_UIO: uio_fread requested=4 read=4
RUST_UIO: uio_fread requested=8 read=8
RUST_UIO: uio_fread requested=14 read=14
RUST_UIO: uio_fread requested=4 read=4
RUST_UIO: uio_fread requested=8 read=8
RUST_UIO: uio_fread requested=18 read=18
RUST_UIO: uio_fread requested=4 read=4
RUST_UIO: uio_fread requested=8 read=8
RUST_UIO: uio_fread requested=28 read=28
RUST_UIO: uio_fread requested=4 read=4
RUST_UIO: uio_fclose called
RUST_UIO: uio_fopen entry
RUST_UIO: uio_fopen called
RUST_UIO: uio_fopen path="/Users/runner/work/_temp/s4-command-evidence/bundle/run-0/payloads/native-window.acceptance/inputs/content/base/fonts/tiny.fon/0221e.png" mode=rb
RUST_UIO: uio_fopen returning stream=0x600002d14f80
RUST_UIO: uio_fread requested=8 read=8
RUST_UIO: uio_fread requested=8 read=8
RUST_UIO: uio_fread requested=13 read=13
RUST_UIO: uio_fread requested=4 read=4
RUST_UIO: uio_fread requested=8 read=8
RUST_UIO: uio_fread requested=25 read=25
RUST_UIO: uio_fread requested=4 read=4
RUST_UIO: uio_fclose called
RUST_UIO: uio_fopen entry
RUST_UIO: uio_fopen called
RUST_UIO: uio_fopen path="/Users/runner/work/_temp/s4-command-evidence/bundle/run-0/payloads/native-window.acceptance/inputs/content/base/fonts/tiny.fon/00073.png" mode=rb
RUST_UIO: uio_fopen returning stream=0x600002d14f80
RUST_UIO: uio_fread requested=8 read=8
RUST_UIO: uio_fread requested=8 read=8
RUST_UIO: uio_fread requested=13 read=13
RUST_UIO: uio_fread requested=4 read=4
RUST_UIO: uio_fread requested=8 read=8
RUST_UIO: uio_fread requested=63 read=63
RUST_UIO: uio_fread requested=4 read=4
RUST_UIO: uio_fread requested=8 read=8
RUST_UIO: uio_fread requested=14 read=14
RUST_UIO: uio_fread requested=4 read=4
RUST_UIO: uio_fread requested=8 read=8
RUST_UIO: uio_fread requested=18 read=18
RUST_UIO: uio_fread requested=4 read=4
RUST_UIO: uio_fread requested=8 read=8
RUST_UIO: uio_fread requested=38 read=38
RUST_UIO: uio_fread requested=4 read=4
RUST_UIO: uio_fclose called
RUST_UIO: uio_fopen entry
RUST_UIO: uio_fopen called
RUST_UIO: uio_fopen path="/Users/runner/work/_temp/s4-command-evidence/bundle/run-0/payloads/native-window.acceptance/inputs/content/base/fonts/tiny.fon/00067.png" mode=rb
RUST_UIO: uio_fopen returning stream=0x600002d14f80
RUST_UIO: uio_fread requested=8 read=8
RUST_UIO: uio_fread requested=8 read=8
RUST_UIO: uio_fread requested=13 read=13
RUST_UIO: uio_fread requested=4 read=4
RUST_UIO: uio_fread requested=8 read=8
RUST_UIO: uio_fread requested=63 read=63
RUST_UIO: uio_fread requested=4 read=4
RUST_UIO: uio_fread requested=8 read=8
RUST_UIO: uio_fread requested=14 read=14
RUST_UIO: uio_fread requested=4 read=4
RUST_UIO: uio_fread requested=8 read=8
RUST_UIO: uio_fread requested=18 read=18
RUST_UIO: uio_fread requested=4 read=4
RUST_UIO: uio_fread requested=8 read=8
RUST_UIO: uio_fread requested=38 read=38
RUST_UIO: uio_fread requested=4 read=4
RUST_UIO: uio_fclose called
RUST_UIO: uio_fopen entry
RUST_UIO: uio_fopen called
RUST_UIO: uio_fopen path="/Users/runner/work/_temp/s4-command-evidence/bundle/run-0/payloads/native-window.acceptance/inputs/content/base/fonts/tiny.fon/0007e.png" mode=rb
RUST_UIO: uio_fopen returning stream=0x600002d14f80
RUST_UIO: uio_fread requested=8 read=8
RUST_UIO: uio_fread requested=8 read=8
RUST_UIO: uio_fread requested=13 read=13
RUST_UIO: uio_fread requested=4 read=4
RUST_UIO: uio_fread requested=8 read=8
RUST_UIO: uio_fread requested=4 read=4
RUST_UIO: uio_fread requested=4 read=4
RUST_UIO: uio_fread requested=8 read=8
RUST_UIO: uio_fread requested=32 read=32
RUST_UIO: uio_fread requested=4 read=4
RUST_UIO: uio_fread requested=8 read=8
RUST_UIO: uio_fread requested=49 read=49
RUST_UIO: uio_fread requested=4 read=4
RUST_UIO: uio_fclose called
RUST_UIO: uio_fopen entry
RUST_UIO: uio_fopen called
RUST_UIO: uio_fopen path="/Users/runner/work/_temp/s4-command-evidence/bundle/run-0/payloads/native-window.acceptance/inputs/content/base/fonts/tiny.fon/0006a.png" mode=rb
RUST_UIO: uio_fopen returning stream=0x600002d14f80
RUST_UIO: uio_fread requested=8 read=8
RUST_UIO: uio_fread requested=8 read=8
RUST_UIO: uio_fread requested=13 read=13
RUST_UIO: uio_fread requested=4 read=4
RUST_UIO: uio_fread requested=8 read=8
RUST_UIO: uio_fread requested=63 read=63
RUST_UIO: uio_fread requested=4 read=4
RUST_UIO: uio_fread requested=8 read=8
RUST_UIO: uio_fread requested=14 read=14
RUST_UIO: uio_fread requested=4 read=4
RUST_UIO: uio_fread requested=8 read=8
RUST_UIO: uio_fread requested=18 read=18
RUST_UIO: uio_fread requested=4 read=4
RUST_UIO: uio_fread requested=8 read=8
RUST_UIO: uio_fread requested=29 read=29
RUST_UIO: uio_fread requested=4 read=4
RUST_UIO: uio_fclose called
RUST_UIO: uio_fopen entry
RUST_UIO: uio_fopen called
RUST_UIO: uio_fopen path="/Users/runner/work/_temp/s4-command-evidence/bundle/run-0/payloads/native-window.acceptance/inputs/content/base/fonts/tiny.fon/0007d.png" mode=rb
RUST_UIO: uio_fopen returning stream=0x600002d14f80
RUST_UIO: uio_fread requested=8 read=8
RUST_UIO: uio_fread requested=8 read=8
RUST_UIO: uio_fread requested=13 read=13
RUST_UIO: uio_fread requested=4 read=4
RUST_UIO: uio_fread requested=8 read=8
RUST_UIO: uio_fread requested=63 read=63
RUST_UIO: uio_fread requested=4 read=4
RUST_UIO: uio_fread requested=8 read=8
RUST_UIO: uio_fread requested=14 read=14
RUST_UIO: uio_fread requested=4 read=4
RUST_UIO: uio_fread requested=8 read=8
RUST_UIO: uio_fread requested=18 read=18
RUST_UIO: uio_fread requested=4 read=4
RUST_UIO: uio_fread requested=8 read=8
RUST_UIO: uio_fread requested=25 read=25
RUST_UIO: uio_fread requested=4 read=4
RUST_UIO: uio_fclose called
RUST_UIO: uio_fopen entry
RUST_UIO: uio_fopen called
RUST_UIO: uio_fopen path="/Users/runner/work/_temp/s4-command-evidence/bundle/run-0/payloads/native-window.acceptance/inputs/content/base/fonts/tiny.fon/00066.png" mode=rb
RUST_UIO: uio_fopen returning stream=0x600002d14f80
RUST_UIO: uio_fread requested=8 read=8
RUST_UIO: uio_fread requested=8 read=8
RUST_UIO: uio_fread requested=13 read=13
RUST_UIO: uio_fread requested=4 read=4
RUST_UIO: uio_fread requested=8 read=8
RUST_UIO: uio_fread requested=63 read=63
RUST_UIO: uio_fread requested=4 read=4
RUST_UIO: uio_fread requested=8 read=8
RUST_UIO: uio_fread requested=14 read=14
RUST_UIO: uio_fread requested=4 read=4
RUST_UIO: uio_fread requested=8 read=8
RUST_UIO: uio_fread requested=18 read=18
RUST_UIO: uio_fread requested=4 read=4
RUST_UIO: uio_fread requested=8 read=8
RUST_UIO: uio_fread requested=33 read=33
RUST_UIO: uio_fread requested=4 read=4
RUST_UIO: uio_fclose called
RUST_UIO: uio_fopen entry
RUST_UIO: uio_fopen called
RUST_UIO: uio_fopen path="/Users/runner/work/_temp/s4-command-evidence/bundle/run-0/payloads/native-window.acceptance/inputs/content/base/fonts/tiny.fon/00072.png" mode=rb
RUST_UIO: uio_fopen returning stream=0x600002d14f80
RUST_UIO: uio_fread requested=8 read=8
RUST_UIO: uio_fread requested=8 read=8
RUST_UIO: uio_fread requested=13 read=13
RUST_UIO: uio_fread requested=4 read=4
RUST_UIO: uio_fread requested=8 read=8
RUST_UIO: uio_fread requested=63 read=63
RUST_UIO: uio_fread requested=4 read=4
RUST_UIO: uio_fread requested=8 read=8
RUST_UIO: uio_fread requested=14 read=14
RUST_UIO: uio_fread requested=4 read=4
RUST_UIO: uio_fread requested=8 read=8
RUST_UIO: uio_fread requested=18 read=18
RUST_UIO: uio_fread requested=4 read=4
RUST_UIO: uio_fread requested=8 read=8
RUST_UIO: uio_fread requested=31 read=31
RUST_UIO: uio_fread requested=4 read=4
RUST_UIO: uio_fclose called
RUST_UIO: uio_fopen entry
RUST_UIO: uio_fopen called
RUST_UIO: uio_fopen path="/Users/runner/work/_temp/s4-command-evidence/bundle/run-0/payloads/native-window.acceptance/inputs/content/base/fonts/tiny.fon/00064.png" mode=rb
RUST_UIO: uio_fopen returning stream=0x600002d14f80
RUST_UIO: uio_fread requested=8 read=8
RUST_UIO: uio_fread requested=8 read=8
RUST_UIO: uio_fread requested=13 read=13
RUST_UIO: uio_fread requested=4 read=4
RUST_UIO: uio_fread requested=8 read=8
RUST_UIO: uio_fread requested=63 read=63
RUST_UIO: uio_fread requested=4 read=4
RUST_UIO: uio_fread requested=8 read=8
RUST_UIO: uio_fread requested=14 read=14
RUST_UIO: uio_fread requested=4 read=4
RUST_UIO: uio_fread requested=8 read=8
RUST_UIO: uio_fread requested=18 read=18
RUST_UIO: uio_fread requested=4 read=4
RUST_UIO: uio_fread requested=8 read=8
RUST_UIO: uio_fread requested=30 read=30
RUST_UIO: uio_fread requested=4 read=4
RUST_UIO: uio_fclose called
RUST_UIO: uio_fopen entry
RUST_UIO: uio_fopen called
RUST_UIO: uio_fopen path="/Users/runner/work/_temp/s4-command-evidence/bundle/run-0/payloads/native-window.acceptance/inputs/content/base/fonts/tiny.fon/00070.png" mode=rb
RUST_UIO: uio_fopen returning stream=0x600002d14f80
RUST_UIO: uio_fread requested=8 read=8
RUST_UIO: uio_fread requested=8 read=8
RUST_UIO: uio_fread requested=13 read=13
RUST_UIO: uio_fread requested=4 read=4
RUST_UIO: uio_fread requested=8 read=8
RUST_UIO: uio_fread requested=63 read=63
RUST_UIO: uio_fread requested=4 read=4
RUST_UIO: uio_fread requested=8 read=8
RUST_UIO: uio_fread requested=14 read=14
RUST_UIO: uio_fread requested=4 read=4
RUST_UIO: uio_fread requested=8 read=8
RUST_UIO: uio_fread requested=18 read=18
RUST_UIO: uio_fread requested=4 read=4
RUST_UIO: uio_fread requested=8 read=8
RUST_UIO: uio_fread requested=35 read=35
RUST_UIO: uio_fread requested=4 read=4
RUST_UIO: uio_fclose called
RUST_UIO: uio_fopen entry
RUST_UIO: uio_fopen called
RUST_UIO: uio_fopen path="/Users/runner/work/_temp/s4-command-evidence/bundle/run-0/payloads/native-window.acceptance/inputs/content/base/fonts/tiny.fon/0006b.png" mode=rb
RUST_UIO: uio_fopen returning stream=0x600002d14f80
RUST_UIO: uio_fread requested=8 read=8
RUST_UIO: uio_fread requested=8 read=8
RUST_UIO: uio_fread requested=13 read=13
RUST_UIO: uio_fread requested=4 read=4
RUST_UIO: uio_fread requested=8 read=8
RUST_UIO: uio_fread requested=63 read=63
RUST_UIO: uio_fread requested=4 read=4
RUST_UIO: uio_fread requested=8 read=8
RUST_UIO: uio_fread requested=14 read=14
RUST_UIO: uio_fread requested=4 read=4
RUST_UIO: uio_fread requested=8 read=8
RUST_UIO: uio_fread requested=18 read=18
RUST_UIO: uio_fread requested=4 read=4
RUST_UIO: uio_fread requested=8 read=8
RUST_UIO: uio_fread requested=38 read=38
RUST_UIO: uio_fread requested=4 read=4
RUST_UIO: uio_fclose called
RUST_UIO: uio_fopen entry
RUST_UIO: uio_fopen called
RUST_UIO: uio_fopen path="/Users/runner/work/_temp/s4-command-evidence/bundle/run-0/payloads/native-window.acceptance/inputs/content/base/fonts/tiny.fon/00058.png" mode=rb
RUST_UIO: uio_fopen returning stream=0x600002d14f80
RUST_UIO: uio_fread requested=8 read=8
RUST_UIO: uio_fread requested=8 read=8
RUST_UIO: uio_fread requested=13 read=13
RUST_UIO: uio_fread requested=4 read=4
RUST_UIO: uio_fread requested=8 read=8
RUST_UIO: uio_fread requested=63 read=63
RUST_UIO: uio_fread requested=4 read=4
RUST_UIO: uio_fread requested=8 read=8
RUST_UIO: uio_fread requested=14 read=14
RUST_UIO: uio_fread requested=4 read=4
RUST_UIO: uio_fread requested=8 read=8
RUST_UIO: uio_fread requested=18 read=18
RUST_UIO: uio_fread requested=4 read=4
RUST_UIO: uio_fread requested=8 read=8
RUST_UIO: uio_fread requested=30 read=30
RUST_UIO: uio_fread requested=4 read=4
RUST_UIO: uio_fclose called
RUST_UIO: uio_fopen entry
RUST_UIO: uio_fopen called
RUST_UIO: uio_fopen path="/Users/runner/work/_temp/s4-command-evidence/bundle/run-0/payloads/native-window.acceptance/inputs/content/base/fonts/tiny.fon/00059.png" mode=rb
RUST_UIO: uio_fopen returning stream=0x600002d14f80
RUST_UIO: uio_fread requested=8 read=8
RUST_UIO: uio_fread requested=8 read=8
RUST_UIO: uio_fread requested=13 read=13
RUST_UIO: uio_fread requested=4 read=4
RUST_UIO: uio_fread requested=8 read=8
RUST_UIO: uio_fread requested=63 read=63
RUST_UIO: uio_fread requested=4 read=4
RUST_UIO: uio_fread requested=8 read=8
RUST_UIO: uio_fread requested=14 read=14
RUST_UIO: uio_fread requested=4 read=4
RUST_UIO: uio_fread requested=8 read=8
RUST_UIO: uio_fread requested=18 read=18
RUST_UIO: uio_fread requested=4 read=4
RUST_UIO: uio_fread requested=8 read=8
RUST_UIO: uio_fread requested=31 read=31
RUST_UIO: uio_fread requested=4 read=4
RUST_UIO: uio_fclose called
RUST_UIO: uio_fopen entry
RUST_UIO: uio_fopen called
RUST_UIO: uio_fopen path="/Users/runner/work/_temp/s4-command-evidence/bundle/run-0/payloads/native-window.acceptance/inputs/content/base/fonts/tiny.fon/0006c.png" mode=rb
RUST_UIO: uio_fopen returning stream=0x600002d14f80
RUST_UIO: uio_fread requested=8 read=8
RUST_UIO: uio_fread requested=8 read=8
RUST_UIO: uio_fread requested=13 read=13
RUST_UIO: uio_fread requested=4 read=4
RUST_UIO: uio_fread requested=8 read=8
RUST_UIO: uio_fread requested=63 read=63
RUST_UIO: uio_fread requested=4 read=4
RUST_UIO: uio_fread requested=8 read=8
RUST_UIO: uio_fread requested=14 read=14
RUST_UIO: uio_fread requested=4 read=4
RUST_UIO: uio_fread requested=8 read=8
RUST_UIO: uio_fread requested=18 read=18
RUST_UIO: uio_fread requested=4 read=4
RUST_UIO: uio_fread requested=8 read=8
RUST_UIO: uio_fread requested=27 read=27
RUST_UIO: uio_fread requested=4 read=4
RUST_UIO: uio_fclose called
RUST_UIO: uio_fopen entry
RUST_UIO: uio_fopen called
RUST_UIO: uio_fopen path="/Users/runner/work/_temp/s4-command-evidence/bundle/run-0/payloads/native-window.acceptance/inputs/content/base/fonts/tiny.fon/00071.png" mode=rb
RUST_UIO: uio_fopen returning stream=0x600002d14f80
RUST_UIO: uio_fread requested=8 read=8
RUST_UIO: uio_fread requested=8 read=8
RUST_UIO: uio_fread requested=13 read=13
RUST_UIO: uio_fread requested=4 read=4
RUST_UIO: uio_fread requested=8 read=8
RUST_UIO: uio_fread requested=63 read=63
RUST_UIO: uio_fread requested=4 read=4
RUST_UIO: uio_fread requested=8 read=8
RUST_UIO: uio_fread requested=14 read=14
RUST_UIO: uio_fread requested=4 read=4
RUST_UIO: uio_fread requested=8 read=8
RUST_UIO: uio_fread requested=18 read=18
RUST_UIO: uio_fread requested=4 read=4
RUST_UIO: uio_fread requested=8 read=8
RUST_UIO: uio_fread requested=36 read=36
RUST_UIO: uio_fread requested=4 read=4
RUST_UIO: uio_fclose called
RUST_UIO: uio_fopen entry
RUST_UIO: uio_fopen called
RUST_UIO: uio_fopen path="/Users/runner/work/_temp/s4-command-evidence/bundle/run-0/payloads/native-window.acceptance/inputs/content/base/fonts/tiny.fon/00065.png" mode=rb
RUST_UIO: uio_fopen returning stream=0x600002d14f80
RUST_UIO: uio_fread requested=8 read=8
RUST_UIO: uio_fread requested=8 read=8
RUST_UIO: uio_fread requested=13 read=13
RUST_UIO: uio_fread requested=4 read=4
RUST_UIO: uio_fread requested=8 read=8
RUST_UIO: uio_fread requested=63 read=63
RUST_UIO: uio_fread requested=4 read=4
RUST_UIO: uio_fread requested=8 read=8
RUST_UIO: uio_fread requested=14 read=14
RUST_UIO: uio_fread requested=4 read=4
RUST_UIO: uio_fread requested=8 read=8
RUST_UIO: uio_fread requested=18 read=18
RUST_UIO: uio_fread requested=4 read=4
RUST_UIO: uio_fread requested=8 read=8
RUST_UIO: uio_fread requested=33 read=33
RUST_UIO: uio_fread requested=4 read=4
RUST_UIO: uio_fclose called
RUST_UIO: uio_fopen entry
RUST_UIO: uio_fopen called
RUST_UIO: uio_fopen path="/Users/runner/work/_temp/s4-command-evidence/bundle/run-0/payloads/native-window.acceptance/inputs/content/base/fonts/tiny.fon/00049.png" mode=rb
RUST_UIO: uio_fopen returning stream=0x600002d14f80
RUST_UIO: uio_fread requested=8 read=8
RUST_UIO: uio_fread requested=8 read=8
RUST_UIO: uio_fread requested=13 read=13
RUST_UIO: uio_fread requested=4 read=4
RUST_UIO: uio_fread requested=8 read=8
RUST_UIO: uio_fread requested=63 read=63
RUST_UIO: uio_fread requested=4 read=4
RUST_UIO: uio_fread requested=8 read=8
RUST_UIO: uio_fread requested=14 read=14
RUST_UIO: uio_fread requested=4 read=4
RUST_UIO: uio_fread requested=8 read=8
RUST_UIO: uio_fread requested=18 read=18
RUST_UIO: uio_fread requested=4 read=4
RUST_UIO: uio_fread requested=8 read=8
RUST_UIO: uio_fread requested=29 read=29
RUST_UIO: uio_fread requested=4 read=4
RUST_UIO: uio_fclose called
RUST_UIO: uio_fopen entry
RUST_UIO: uio_fopen called
RUST_UIO: uio_fopen path="/Users/runner/work/_temp/s4-command-evidence/bundle/run-0/payloads/native-window.acceptance/inputs/content/base/fonts/tiny.fon/0007c.png" mode=rb
RUST_UIO: uio_fopen returning stream=0x600002d14f80
RUST_UIO: uio_fread requested=8 read=8
RUST_UIO: uio_fread requested=8 read=8
RUST_UIO: uio_fread requested=13 read=13
RUST_UIO: uio_fread requested=4 read=4
RUST_UIO: uio_fread requested=8 read=8
RUST_UIO: uio_fread requested=63 read=63
RUST_UIO: uio_fread requested=4 read=4
RUST_UIO: uio_fread requested=8 read=8
RUST_UIO: uio_fread requested=14 read=14
RUST_UIO: uio_fread requested=4 read=4
RUST_UIO: uio_fread requested=8 read=8
RUST_UIO: uio_fread requested=18 read=18
RUST_UIO: uio_fread requested=4 read=4
RUST_UIO: uio_fread requested=8 read=8
RUST_UIO: uio_fread requested=27 read=27
RUST_UIO: uio_fread requested=4 read=4
RUST_UIO: uio_fclose called
RUST_UIO: uio_fopen entry
RUST_UIO: uio_fopen called
RUST_UIO: uio_fopen path="/Users/runner/work/_temp/s4-command-evidence/bundle/run-0/payloads/native-window.acceptance/inputs/content/base/fonts/tiny.fon/00061.png" mode=rb
RUST_UIO: uio_fopen returning stream=0x600002d14f80
RUST_UIO: uio_fread requested=8 read=8
RUST_UIO: uio_fread requested=8 read=8
RUST_UIO: uio_fread requested=13 read=13
RUST_UIO: uio_fread requested=4 read=4
RUST_UIO: uio_fread requested=8 read=8
RUST_UIO: uio_fread requested=63 read=63
RUST_UIO: uio_fread requested=4 read=4
RUST_UIO: uio_fread requested=8 read=8
RUST_UIO: uio_fread requested=14 read=14
RUST_UIO: uio_fread requested=4 read=4
RUST_UIO: uio_fread requested=8 read=8
RUST_UIO: uio_fread requested=18 read=18
RUST_UIO: uio_fread requested=4 read=4
RUST_UIO: uio_fread requested=8 read=8
RUST_UIO: uio_fread requested=34 read=34
RUST_UIO: uio_fread requested=4 read=4
RUST_UIO: uio_fclose called
RUST_UIO: uio_fopen entry
RUST_UIO: uio_fopen called
RUST_UIO: uio_fopen path="/Users/runner/work/_temp/s4-command-evidence/bundle/run-0/payloads/native-window.acceptance/inputs/content/base/fonts/tiny.fon/00075.png" mode=rb
RUST_UIO: uio_fopen returning stream=0x600002d14f80
RUST_UIO: uio_fread requested=8 read=8
RUST_UIO: uio_fread requested=8 read=8
RUST_UIO: uio_fread requested=13 read=13
RUST_UIO: uio_fread requested=4 read=4
RUST_UIO: uio_fread requested=8 read=8
RUST_UIO: uio_fread requested=63 read=63
RUST_UIO: uio_fread requested=4 read=4
RUST_UIO: uio_fread requested=8 read=8
RUST_UIO: uio_fread requested=14 read=14
RUST_UIO: uio_fread requested=4 read=4
RUST_UIO: uio_fread requested=8 read=8
RUST_UIO: uio_fread requested=18 read=18
RUST_UIO: uio_fread requested=4 read=4
RUST_UIO: uio_fread requested=8 read=8
RUST_UIO: uio_fread requested=28 read=28
RUST_UIO: uio_fread requested=4 read=4
RUST_UIO: uio_fclose called
RUST_UIO: uio_fopen entry
RUST_UIO: uio_fopen called
RUST_UIO: uio_fopen path="/Users/runner/work/_temp/s4-command-evidence/bundle/run-0/payloads/native-window.acceptance/inputs/content/base/fonts/tiny.fon/00074.png" mode=rb
RUST_UIO: uio_fopen returning stream=0x600002d14f80
RUST_UIO: uio_fread requested=8 read=8
RUST_UIO: uio_fread requested=8 read=8
RUST_UIO: uio_fread requested=13 read=13
RUST_UIO: uio_fread requested=4 read=4
RUST_UIO: uio_fread requested=8 read=8
RUST_UIO: uio_fread requested=63 read=63
RUST_UIO: uio_fread requested=4 read=4
RUST_UIO: uio_fread requested=8 read=8
RUST_UIO: uio_fread requested=14 read=14
RUST_UIO: uio_fread requested=4 read=4
RUST_UIO: uio_fread requested=8 read=8
RUST_UIO: uio_fread requested=18 read=18
RUST_UIO: uio_fread requested=4 read=4
RUST_UIO: uio_fread requested=8 read=8
RUST_UIO: uio_fread requested=31 read=31
RUST_UIO: uio_fread requested=4 read=4
RUST_UIO: uio_fclose called
RUST_UIO: uio_fopen entry
RUST_UIO: uio_fopen called
RUST_UIO: uio_fopen path="/Users/runner/work/_temp/s4-command-evidence/bundle/run-0/payloads/native-window.acceptance/inputs/content/base/fonts/tiny.fon/00060.png" mode=rb
RUST_UIO: uio_fopen returning stream=0x600002d14f80
RUST_UIO: uio_fread requested=8 read=8
RUST_UIO: uio_fread requested=8 read=8
RUST_UIO: uio_fread requested=13 read=13
RUST_UIO: uio_fread requested=4 read=4
RUST_UIO: uio_fread requested=8 read=8
RUST_UIO: uio_fread requested=63 read=63
RUST_UIO: uio_fread requested=4 read=4
RUST_UIO: uio_fread requested=8 read=8
RUST_UIO: uio_fread requested=14 read=14
RUST_UIO: uio_fread requested=4 read=4
RUST_UIO: uio_fread requested=8 read=8
RUST_UIO: uio_fread requested=18 read=18
RUST_UIO: uio_fread requested=4 read=4
RUST_UIO: uio_fread requested=8 read=8
RUST_UIO: uio_fread requested=25 read=25
RUST_UIO: uio_fread requested=4 read=4
RUST_UIO: uio_fclose called
RUST_UIO: uio_fopen entry
RUST_UIO: uio_fopen called
RUST_UIO: uio_fopen path="/Users/runner/work/_temp/s4-command-evidence/bundle/run-0/payloads/native-window.acceptance/inputs/content/base/fonts/tiny.fon/0007b.png" mode=rb
RUST_UIO: uio_fopen returning stream=0x600002d14f80
RUST_UIO: uio_fread requested=8 read=8
RUST_UIO: uio_fread requested=8 read=8
RUST_UIO: uio_fread requested=13 read=13
RUST_UIO: uio_fread requested=4 read=4
RUST_UIO: uio_fread requested=8 read=8
RUST_UIO: uio_fread requested=63 read=63
RUST_UIO: uio_fread requested=4 read=4
RUST_UIO: uio_fread requested=8 read=8
RUST_UIO: uio_fread requested=14 read=14
RUST_UIO: uio_fread requested=4 read=4
RUST_UIO: uio_fread requested=8 read=8
RUST_UIO: uio_fread requested=18 read=18
RUST_UIO: uio_fread requested=4 read=4
RUST_UIO: uio_fread requested=8 read=8
RUST_UIO: uio_fread requested=32 read=32
RUST_UIO: uio_fread requested=4 read=4
RUST_UIO: uio_fclose called
RUST_UIO: uio_fopen entry
RUST_UIO: uio_fopen called
RUST_UIO: uio_fopen path="/Users/runner/work/_temp/s4-command-evidence/bundle/run-0/payloads/native-window.acceptance/inputs/content/base/fonts/tiny.fon/00048.png" mode=rb
RUST_UIO: uio_fopen returning stream=0x600002d14f80
RUST_UIO: uio_fread requested=8 read=8
RUST_UIO: uio_fread requested=8 read=8
RUST_UIO: uio_fread requested=13 read=13
RUST_UIO: uio_fread requested=4 read=4
RUST_UIO: uio_fread requested=8 read=8
RUST_UIO: uio_fread requested=63 read=63
RUST_UIO: uio_fread requested=4 read=4
RUST_UIO: uio_fread requested=8 read=8
RUST_UIO: uio_fread requested=14 read=14
RUST_UIO: uio_fread requested=4 read=4
RUST_UIO: uio_fread requested=8 read=8
RUST_UIO: uio_fread requested=18 read=18
RUST_UIO: uio_fread requested=4 read=4
RUST_UIO: uio_fread requested=8 read=8
RUST_UIO: uio_fread requested=28 read=28
RUST_UIO: uio_fread requested=4 read=4
RUST_UIO: uio_fclose called
RUST_UIO: uio_fopen entry
RUST_UIO: uio_fopen called
RUST_UIO: uio_fopen path="/Users/runner/work/_temp/s4-command-evidence/bundle/run-0/payloads/native-window.acceptance/inputs/content/base/fonts/tiny.fon/0006f.png" mode=rb
RUST_UIO: uio_fopen returning stream=0x600002d14f80
RUST_UIO: uio_fread requested=8 read=8
RUST_UIO: uio_fread requested=8 read=8
RUST_UIO: uio_fread requested=13 read=13
RUST_UIO: uio_fread requested=4 read=4
RUST_UIO: uio_fread requested=8 read=8
RUST_UIO: uio_fread requested=63 read=63
RUST_UIO: uio_fread requested=4 read=4
RUST_UIO: uio_fread requested=8 read=8
RUST_UIO: uio_fread requested=14 read=14
RUST_UIO: uio_fread requested=4 read=4
RUST_UIO: uio_fread requested=8 read=8
RUST_UIO: uio_fread requested=18 read=18
RUST_UIO: uio_fread requested=4 read=4
RUST_UIO: uio_fread requested=8 read=8
RUST_UIO: uio_fread requested=23 read=23
RUST_UIO: uio_fread requested=4 read=4
RUST_UIO: uio_fclose called
RUST_UIO: uio_fopen entry
RUST_UIO: uio_fopen called
RUST_UIO: uio_fopen path="/Users/runner/work/_temp/s4-command-evidence/bundle/run-0/payloads/native-window.acceptance/inputs/content/base/fonts/tiny.fon/0006d.png" mode=rb
RUST_UIO: uio_fopen returning stream=0x600002d14f80
RUST_UIO: uio_fread requested=8 read=8
RUST_UIO: uio_fread requested=8 read=8
RUST_UIO: uio_fread requested=13 read=13
RUST_UIO: uio_fread requested=4 read=4
RUST_UIO: uio_fread requested=8 read=8
RUST_UIO: uio_fread requested=63 read=63
RUST_UIO: uio_fread requested=4 read=4
RUST_UIO: uio_fread requested=8 read=8
RUST_UIO: uio_fread requested=14 read=14
RUST_UIO: uio_fread requested=4 read=4
RUST_UIO: uio_fread requested=8 read=8
RUST_UIO: uio_fread requested=18 read=18
RUST_UIO: uio_fread requested=4 read=4
RUST_UIO: uio_fread requested=8 read=8
RUST_UIO: uio_fread requested=28 read=28
RUST_UIO: uio_fread requested=4 read=4
RUST_UIO: uio_fclose called
RUST_UIO: uio_fopen entry
RUST_UIO: uio_fopen called
RUST_UIO: uio_fopen path="/Users/runner/work/_temp/s4-command-evidence/bundle/run-0/payloads/native-window.acceptance/inputs/content/base/fonts/tiny.fon/00076.png" mode=rb
RUST_UIO: uio_fopen returning stream=0x600002d14f80
RUST_UIO: uio_fread requested=8 read=8
RUST_UIO: uio_fread requested=8 read=8
RUST_UIO: uio_fread requested=13 read=13
RUST_UIO: uio_fread requested=4 read=4
RUST_UIO: uio_fread requested=8 read=8
RUST_UIO: uio_fread requested=63 read=63
RUST_UIO: uio_fread requested=4 read=4
RUST_UIO: uio_fread requested=8 read=8
RUST_UIO: uio_fread requested=14 read=14
RUST_UIO: uio_fread requested=4 read=4
RUST_UIO: uio_fread requested=8 read=8
RUST_UIO: uio_fread requested=18 read=18
RUST_UIO: uio_fread requested=4 read=4
RUST_UIO: uio_fread requested=8 read=8
RUST_UIO: uio_fread requested=31 read=31
RUST_UIO: uio_fread requested=4 read=4
RUST_UIO: uio_fclose called
RUST_UIO: uio_fopen entry
RUST_UIO: uio_fopen called
RUST_UIO: uio_fopen path="/Users/runner/work/_temp/s4-command-evidence/bundle/run-0/payloads/native-window.acceptance/inputs/content/base/fonts/tiny.fon/00062.png" mode=rb
RUST_UIO: uio_fopen returning stream=0x600002d14f80
RUST_UIO: uio_fread requested=8 read=8
RUST_UIO: uio_fread requested=8 read=8
RUST_UIO: uio_fread requested=13 read=13
RUST_UIO: uio_fread requested=4 read=4
RUST_UIO: uio_fread requested=8 read=8
RUST_UIO: uio_fread requested=63 read=63
RUST_UIO: uio_fread requested=4 read=4
RUST_UIO: uio_fread requested=8 read=8
RUST_UIO: uio_fread requested=14 read=14
RUST_UIO: uio_fread requested=4 read=4
RUST_UIO: uio_fread requested=8 read=8
RUST_UIO: uio_fread requested=18 read=18
RUST_UIO: uio_fread requested=4 read=4
RUST_UIO: uio_fread requested=8 read=8
RUST_UIO: uio_fread requested=38 read=38
RUST_UIO: uio_fread requested=4 read=4
RUST_UIO: uio_fclose called
RUST_UIO: uio_fopen entry
RUST_UIO: uio_fopen called
RUST_UIO: uio_fopen path="/Users/runner/work/_temp/s4-command-evidence/bundle/run-0/payloads/native-window.acceptance/inputs/content/base/fonts/tiny.fon/00063.png" mode=rb
RUST_UIO: uio_fopen returning stream=0x600002d14f80
RUST_UIO: uio_fread requested=8 read=8
RUST_UIO: uio_fread requested=8 read=8
RUST_UIO: uio_fread requested=13 read=13
RUST_UIO: uio_fread requested=4 read=4
RUST_UIO: uio_fread requested=8 read=8
RUST_UIO: uio_fread requested=63 read=63
RUST_UIO: uio_fread requested=4 read=4
RUST_UIO: uio_fread requested=8 read=8
RUST_UIO: uio_fread requested=14 read=14
RUST_UIO: uio_fread requested=4 read=4
RUST_UIO: uio_fread requested=8 read=8
RUST_UIO: uio_fread requested=18 read=18
RUST_UIO: uio_fread requested=4 read=4
RUST_UIO: uio_fread requested=8 read=8
RUST_UIO: uio_fread requested=33 read=33
RUST_UIO: uio_fread requested=4 read=4
RUST_UIO: uio_fclose called
RUST_UIO: uio_fopen entry
RUST_UIO: uio_fopen called
RUST_UIO: uio_fopen path="/Users/runner/work/_temp/s4-command-evidence/bundle/run-0/payloads/native-window.acceptance/inputs/content/base/fonts/tiny.fon/00077.png" mode=rb
RUST_UIO: uio_fopen returning stream=0x600002d14f80
RUST_UIO: uio_fread requested=8 read=8
RUST_UIO: uio_fread requested=8 read=8
RUST_UIO: uio_fread requested=13 read=13
RUST_UIO: uio_fread requested=4 read=4
RUST_UIO: uio_fread requested=8 read=8
RUST_UIO: uio_fread requested=63 read=63
RUST_UIO: uio_fread requested=4 read=4
RUST_UIO: uio_fread requested=8 read=8
RUST_UIO: uio_fread requested=14 read=14
RUST_UIO: uio_fread requested=4 read=4
RUST_UIO: uio_fread requested=8 read=8
RUST_UIO: uio_fread requested=18 read=18
RUST_UIO: uio_fread requested=4 read=4
RUST_UIO: uio_fread requested=8 read=8
RUST_UIO: uio_fread requested=29 read=29
RUST_UIO: uio_fread requested=4 read=4
RUST_UIO: uio_fclose called
RUST_UIO: uio_fopen entry
RUST_UIO: uio_fopen called
RUST_UIO: uio_fopen path="/Users/runner/work/_temp/s4-command-evidence/bundle/run-0/payloads/native-window.acceptance/inputs/content/base/fonts/tiny.fon/0006e.png" mode=rb
RUST_UIO: uio_fopen returning stream=0x600002d14f80
RUST_UIO: uio_fread requested=8 read=8
RUST_UIO: uio_fread requested=8 read=8
RUST_UIO: uio_fread requested=13 read=13
RUST_UIO: uio_fread requested=4 read=4
RUST_UIO: uio_fread requested=8 read=8
RUST_UIO: uio_fread requested=63 read=63
RUST_UIO: uio_fread requested=4 read=4
RUST_UIO: uio_fread requested=8 read=8
RUST_UIO: uio_fread requested=14 read=14
RUST_UIO: uio_fread requested=4 read=4
RUST_UIO: uio_fread requested=8 read=8
RUST_UIO: uio_fread requested=18 read=18
RUST_UIO: uio_fread requested=4 read=4
RUST_UIO: uio_fread requested=8 read=8
RUST_UIO: uio_fread requested=36 read=36
RUST_UIO: uio_fread requested=4 read=4
RUST_UIO: uio_fclose called
RUST_UIO: uio_fopen entry
RUST_UIO: uio_fopen called
RUST_UIO: uio_fopen path="/Users/runner/work/_temp/s4-command-evidence/bundle/run-0/payloads/native-window.acceptance/inputs/content/base/fonts/tiny.fon/0007a.png" mode=rb
RUST_UIO: uio_fopen returning stream=0x600002d14f80
RUST_UIO: uio_fread requested=8 read=8
RUST_UIO: uio_fread requested=8 read=8
RUST_UIO: uio_fread requested=13 read=13
RUST_UIO: uio_fread requested=4 read=4
RUST_UIO: uio_fread requested=8 read=8
RUST_UIO: uio_fread requested=63 read=63
RUST_UIO: uio_fread requested=4 read=4
RUST_UIO: uio_fread requested=8 read=8
RUST_UIO: uio_fread requested=14 read=14
RUST_UIO: uio_fread requested=4 read=4
RUST_UIO: uio_fread requested=8 read=8
RUST_UIO: uio_fread requested=18 read=18
RUST_UIO: uio_fread requested=4 read=4
RUST_UIO: uio_fread requested=8 read=8
RUST_UIO: uio_fread requested=27 read=27
RUST_UIO: uio_fread requested=4 read=4
RUST_UIO: uio_fclose called
RUST_UIO: uio_closeDir called
RUST_UIO: uio_stat called
RUST_UIO: uio_fopen entry
RUST_UIO: uio_fopen called
RUST_UIO: uio_fopen path="/Users/runner/work/_temp/s4-command-evidence/bundle/run-0/payloads/native-window.acceptance/inputs/content/base/ui/activity.ani" mode=rb
RUST_UIO: uio_fopen returning stream=0x600002d15b80
RUST_UIO: uio_fread requested=4 read=4
RUST_UIO: uio_fopen entry
RUST_UIO: uio_fopen called
RUST_UIO: uio_fopen path="/Users/runner/work/_temp/s4-command-evidence/bundle/run-0/payloads/native-window.acceptance/inputs/content/base/ui/activity-000.png" mode=rb
RUST_UIO: uio_fopen returning stream=0x600002d15b40
RUST_UIO: uio_fread requested=8 read=8
RUST_UIO: uio_fread requested=8 read=8
RUST_UIO: uio_fread requested=13 read=13
RUST_UIO: uio_fread requested=4 read=4
RUST_UIO: uio_fread requested=8 read=8
RUST_UIO: uio_fread requested=3 read=3
RUST_UIO: uio_fread requested=4 read=4
RUST_UIO: uio_fread requested=8 read=8
RUST_UIO: uio_fread requested=768 read=768
RUST_UIO: uio_fread requested=4 read=4
RUST_UIO: uio_fread requested=8 read=8
RUST_UIO: uio_fread requested=137 read=137
RUST_UIO: uio_fread requested=4 read=4
RUST_UIO: uio_fclose called
RUST_UIO: uio_fopen entry
RUST_UIO: uio_fopen called
RUST_UIO: uio_fopen path="/Users/runner/work/_temp/s4-command-evidence/bundle/run-0/payloads/native-window.acceptance/inputs/content/base/ui/activity-001.png" mode=rb
RUST_UIO: uio_fopen returning stream=0x600002d15b40
RUST_UIO: uio_fread requested=8 read=8
RUST_UIO: uio_fread requested=8 read=8
RUST_UIO: uio_fread requested=13 read=13
RUST_UIO: uio_fread requested=4 read=4
RUST_UIO: uio_fread requested=8 read=8
RUST_UIO: uio_fread requested=3 read=3
RUST_UIO: uio_fread requested=4 read=4
RUST_UIO: uio_fread requested=8 read=8
RUST_UIO: uio_fread requested=768 read=768
RUST_UIO: uio_fread requested=4 read=4
RUST_UIO: uio_fread requested=8 read=8
RUST_UIO: uio_fread requested=253 read=253
RUST_UIO: uio_fread requested=4 read=4
RUST_UIO: uio_fclose called
RUST_UIO: uio_fopen entry
RUST_UIO: uio_fopen called
RUST_UIO: uio_fopen path="/Users/runner/work/_temp/s4-command-evidence/bundle/run-0/payloads/native-window.acceptance/inputs/content/base/ui/activity-002.png" mode=rb
RUST_UIO: uio_fopen returning stream=0x600002d15b40
RUST_UIO: uio_fread requested=8 read=8
RUST_UIO: uio_fread requested=8 read=8
RUST_UIO: uio_fread requested=13 read=13
RUST_UIO: uio_fread requested=4 read=4
RUST_UIO: uio_fread requested=8 read=8
RUST_UIO: uio_fread requested=3 read=3
RUST_UIO: uio_fread requested=4 read=4
RUST_UIO: uio_fread requested=8 read=8
RUST_UIO: uio_fread requested=768 read=768
RUST_UIO: uio_fread requested=4 read=4
RUST_UIO: uio_fread requested=8 read=8
RUST_UIO: uio_fread requested=64 read=64
RUST_UIO: uio_fread requested=4 read=4
RUST_UIO: uio_fclose called
RUST_UIO: uio_fopen entry
RUST_UIO: uio_fopen called
RUST_UIO: uio_fopen path="/Users/runner/work/_temp/s4-command-evidence/bundle/run-0/payloads/native-window.acceptance/inputs/content/base/ui/activity-003.png" mode=rb
RUST_UIO: uio_fopen returning stream=0x600002d15b40
RUST_UIO: uio_fread requested=8 read=8
RUST_UIO: uio_fread requested=8 read=8
RUST_UIO: uio_fread requested=13 read=13
RUST_UIO: uio_fread requested=4 read=4
RUST_UIO: uio_fread requested=8 read=8
RUST_UIO: uio_fread requested=3 read=3
RUST_UIO: uio_fread requested=4 read=4
RUST_UIO: uio_fread requested=8 read=8
RUST_UIO: uio_fread requested=768 read=768
RUST_UIO: uio_fread requested=4 read=4
RUST_UIO: uio_fread requested=8 read=8
RUST_UIO: uio_fread requested=77 read=77
RUST_UIO: uio_fread requested=4 read=4
RUST_UIO: uio_fclose called
RUST_UIO: uio_fopen entry
RUST_UIO: uio_fopen called
RUST_UIO: uio_fopen path="/Users/runner/work/_temp/s4-command-evidence/bundle/run-0/payloads/native-window.acceptance/inputs/content/base/ui/activity-004.png" mode=rb
RUST_UIO: uio_fopen returning stream=0x600002d15b40
RUST_UIO: uio_fread requested=8 read=8
RUST_UIO: uio_fread requested=8 read=8
RUST_UIO: uio_fread requested=13 read=13
RUST_UIO: uio_fread requested=4 read=4
RUST_UIO: uio_fread requested=8 read=8
RUST_UIO: uio_fread requested=3 read=3
RUST_UIO: uio_fread requested=4 read=4
RUST_UIO: uio_fread requested=8 read=8
RUST_UIO: uio_fread requested=768 read=768
RUST_UIO: uio_fread requested=4 read=4
RUST_UIO: uio_fread requested=8 read=8
RUST_UIO: uio_fread requested=75 read=75
RUST_UIO: uio_fread requested=4 read=4
RUST_UIO: uio_fclose called
RUST_UIO: uio_fopen entry
RUST_UIO: uio_fopen called
RUST_UIO: uio_fopen path="/Users/runner/work/_temp/s4-command-evidence/bundle/run-0/payloads/native-window.acceptance/inputs/content/base/ui/activity-005.png" mode=rb
RUST_UIO: uio_fopen returning stream=0x600002d15b40
RUST_UIO: uio_fread requested=8 read=8
RUST_UIO: uio_fread requested=8 read=8
RUST_UIO: uio_fread requested=13 read=13
RUST_UIO: uio_fread requested=4 read=4
RUST_UIO: uio_fread requested=8 read=8
RUST_UIO: uio_fread requested=768 read=768
RUST_UIO: uio_fread requested=4 read=4
RUST_UIO: uio_fread requested=8 read=8
RUST_UIO: uio_fread requested=1 read=1
RUST_UIO: uio_fread requested=4 read=4
RUST_UIO: uio_fread requested=8 read=8
RUST_UIO: uio_fread requested=9 read=9
RUST_UIO: uio_fread requested=4 read=4
RUST_UIO: uio_fread requested=8 read=8
RUST_UIO: uio_fread requested=7 read=7
RUST_UIO: uio_fread requested=4 read=4
RUST_UIO: uio_fread requested=8 read=8
RUST_UIO: uio_fread requested=97 read=97
RUST_UIO: uio_fread requested=4 read=4
RUST_UIO: uio_fclose called
RUST_UIO: uio_fopen entry
RUST_UIO: uio_fopen called
RUST_UIO: uio_fopen path="/Users/runner/work/_temp/s4-command-evidence/bundle/run-0/payloads/native-window.acceptance/inputs/content/base/ui/activity-006.png" mode=rb
RUST_UIO: uio_fopen returning stream=0x600002d15b40
RUST_UIO: uio_fread requested=8 read=8
RUST_UIO: uio_fread requested=8 read=8
RUST_UIO: uio_fread requested=13 read=13
RUST_UIO: uio_fread requested=4 read=4
RUST_UIO: uio_fread requested=8 read=8
RUST_UIO: uio_fread requested=3 read=3
RUST_UIO: uio_fread requested=4 read=4
RUST_UIO: uio_fread requested=8 read=8
RUST_UIO: uio_fread requested=768 read=768
RUST_UIO: uio_fread requested=4 read=4
RUST_UIO: uio_fread requested=8 read=8
RUST_UIO: uio_fread requested=1 read=1
RUST_UIO: uio_fread requested=4 read=4
RUST_UIO: uio_fread requested=8 read=8
RUST_UIO: uio_fread requested=61 read=61
RUST_UIO: uio_fread requested=4 read=4
RUST_UIO: uio_fclose called
RUST_UIO: uio_fopen entry
RUST_UIO: uio_fopen called
RUST_UIO: uio_fopen path="/Users/runner/work/_temp/s4-command-evidence/bundle/run-0/payloads/native-window.acceptance/inputs/content/base/ui/activity-007.png" mode=rb
RUST_UIO: uio_fopen returning stream=0x600002d15b40
RUST_UIO: uio_fread requested=8 read=8
RUST_UIO: uio_fread requested=8 read=8
RUST_UIO: uio_fread requested=13 read=13
RUST_UIO: uio_fread requested=4 read=4
RUST_UIO: uio_fread requested=8 read=8
RUST_UIO: uio_fread requested=3 read=3
RUST_UIO: uio_fread requested=4 read=4
RUST_UIO: uio_fread requested=8 read=8
RUST_UIO: uio_fread requested=768 read=768
RUST_UIO: uio_fread requested=4 read=4
RUST_UIO: uio_fread requested=8 read=8
RUST_UIO: uio_fread requested=1 read=1
RUST_UIO: uio_fread requested=4 read=4
RUST_UIO: uio_fread requested=8 read=8
RUST_UIO: uio_fread requested=61 read=61
RUST_UIO: uio_fread requested=4 read=4
RUST_UIO: uio_fclose called
RUST_UIO: uio_fopen entry
RUST_UIO: uio_fopen called
RUST_UIO: uio_fopen path="/Users/runner/work/_temp/s4-command-evidence/bundle/run-0/payloads/native-window.acceptance/inputs/content/base/ui/activity-008.png" mode=rb
RUST_UIO: uio_fopen returning stream=0x600002d15b40
RUST_UIO: uio_fread requested=8 read=8
RUST_UIO: uio_fread requested=8 read=8
RUST_UIO: uio_fread requested=13 read=13
RUST_UIO: uio_fread requested=4 read=4
RUST_UIO: uio_fread requested=8 read=8
RUST_UIO: uio_fread requested=3 read=3
RUST_UIO: uio_fread requested=4 read=4
RUST_UIO: uio_fread requested=8 read=8
RUST_UIO: uio_fread requested=768 read=768
RUST_UIO: uio_fread requested=4 read=4
RUST_UIO: uio_fread requested=8 read=8
RUST_UIO: uio_fread requested=49 read=49
RUST_UIO: uio_fread requested=4 read=4
RUST_UIO: uio_fclose called
RUST_UIO: uio_fopen entry
RUST_UIO: uio_fopen called
RUST_UIO: uio_fopen path="/Users/runner/work/_temp/s4-command-evidence/bundle/run-0/payloads/native-window.acceptance/inputs/content/base/ui/activity-009.png" mode=rb
RUST_UIO: uio_fopen returning stream=0x600002d15b40
RUST_UIO: uio_fread requested=8 read=8
RUST_UIO: uio_fread requested=8 read=8
RUST_UIO: uio_fread requested=13 read=13
RUST_UIO: uio_fread requested=4 read=4
RUST_UIO: uio_fread requested=8 read=8
RUST_UIO: uio_fread requested=9 read=9
RUST_UIO: uio_fread requested=4 read=4
RUST_UIO: uio_fread requested=8 read=8
RUST_UIO: uio_fread requested=4 read=4
RUST_UIO: uio_fread requested=4 read=4
RUST_UIO: uio_fread requested=8 read=8
RUST_UIO: uio_fread requested=32 read=32
RUST_UIO: uio_fread requested=4 read=4
RUST_UIO: uio_fread requested=8 read=8
RUST_UIO: uio_fread requested=768 read=768
RUST_UIO: uio_fread requested=4 read=4
RUST_UIO: uio_fread requested=8 read=8
RUST_UIO: uio_fread requested=311 read=311
RUST_UIO: uio_fread requested=4 read=4
RUST_UIO: uio_fclose called
RUST_UIO: uio_fclose called
RUST_UIO: uio_stat called
RUST_UIO: uio_fopen entry
RUST_UIO: uio_fopen called
RUST_UIO: uio_fopen path="/Users/runner/work/_temp/s4-command-evidence/bundle/run-0/payloads/native-window.acceptance/inputs/content/base/ui/status.ani" mode=rb
RUST_UIO: uio_fopen returning stream=0x600002d15b80
RUST_UIO: uio_fread requested=4 read=4
RUST_UIO: uio_fopen entry
RUST_UIO: uio_fopen called
RUST_UIO: uio_fopen path="/Users/runner/work/_temp/s4-command-evidence/bundle/run-0/payloads/native-window.acceptance/inputs/content/base/ui/status-000.png" mode=rb
RUST_UIO: uio_fopen returning stream=0x600002d15b40
RUST_UIO: uio_fread requested=8 read=8
RUST_UIO: uio_fread requested=8 read=8
RUST_UIO: uio_fread requested=13 read=13
RUST_UIO: uio_fread requested=4 read=4
RUST_UIO: uio_fread requested=8 read=8
RUST_UIO: uio_fread requested=3 read=3
RUST_UIO: uio_fread requested=4 read=4
RUST_UIO: uio_fread requested=8 read=8
RUST_UIO: uio_fread requested=768 read=768
RUST_UIO: uio_fread requested=4 read=4
RUST_UIO: uio_fread requested=8 read=8
RUST_UIO: uio_fread requested=1 read=1
RUST_UIO: uio_fread requested=4 read=4
RUST_UIO: uio_fread requested=8 read=8
RUST_UIO: uio_fread requested=25 read=25
RUST_UIO: uio_fread requested=4 read=4
RUST_UIO: uio_fclose called
RUST_UIO: uio_fopen entry
RUST_UIO: uio_fopen called
RUST_UIO: uio_fopen path="/Users/runner/work/_temp/s4-command-evidence/bundle/run-0/payloads/native-window.acceptance/inputs/content/base/ui/status-001.png" mode=rb
RUST_UIO: uio_fopen returning stream=0x600002d15b40
RUST_UIO: uio_fread requested=8 read=8
RUST_UIO: uio_fread requested=8 read=8
RUST_UIO: uio_fread requested=13 read=13
RUST_UIO: uio_fread requested=4 read=4
RUST_UIO: uio_fread requested=8 read=8
RUST_UIO: uio_fread requested=3 read=3
RUST_UIO: uio_fread requested=4 read=4
RUST_UIO: uio_fread requested=8 read=8
RUST_UIO: uio_fread requested=768 read=768
RUST_UIO: uio_fread requested=4 read=4
RUST_UIO: uio_fread requested=8 read=8
RUST_UIO: uio_fread requested=1 read=1
RUST_UIO: uio_fread requested=4 read=4
RUST_UIO: uio_fread requested=8 read=8
RUST_UIO: uio_fread requested=19 read=19
RUST_UIO: uio_fread requested=4 read=4
RUST_UIO: uio_fclose called
RUST_UIO: uio_fopen entry
RUST_UIO: uio_fopen called
RUST_UIO: uio_fopen path="/Users/runner/work/_temp/s4-command-evidence/bundle/run-0/payloads/native-window.acceptance/inputs/content/base/ui/status-002.png" mode=rb
RUST_UIO: uio_fopen returning stream=0x600002d15b40
RUST_UIO: uio_fread requested=8 read=8
RUST_UIO: uio_fread requested=8 read=8
RUST_UIO: uio_fread requested=13 read=13
RUST_UIO: uio_fread requested=4 read=4
RUST_UIO: uio_fread requested=8 read=8
RUST_UIO: uio_fread requested=3 read=3
RUST_UIO: uio_fread requested=4 read=4
RUST_UIO: uio_fread requested=8 read=8
RUST_UIO: uio_fread requested=768 read=768
RUST_UIO: uio_fread requested=4 read=4
RUST_UIO: uio_fread requested=8 read=8
RUST_UIO: uio_fread requested=1 read=1
RUST_UIO: uio_fread requested=4 read=4
RUST_UIO: uio_fread requested=8 read=8
RUST_UIO: uio_fread requested=110 read=110
RUST_UIO: uio_fread requested=4 read=4
RUST_UIO: uio_fclose called
RUST_UIO: uio_fopen entry
RUST_UIO: uio_fopen called
RUST_UIO: uio_fopen path="/Users/runner/work/_temp/s4-command-evidence/bundle/run-0/payloads/native-window.acceptance/inputs/content/base/ui/status-003.png" mode=rb
RUST_UIO: uio_fopen returning stream=0x600002d15b40
RUST_UIO: uio_fread requested=8 read=8
RUST_UIO: uio_fread requested=8 read=8
RUST_UIO: uio_fread requested=13 read=13
RUST_UIO: uio_fread requested=4 read=4
RUST_UIO: uio_fread requested=8 read=8
RUST_UIO: uio_fread requested=3 read=3
RUST_UIO: uio_fread requested=4 read=4
RUST_UIO: uio_fread requested=8 read=8
RUST_UIO: uio_fread requested=768 read=768
RUST_UIO: uio_fread requested=4 read=4
RUST_UIO: uio_fread requested=8 read=8
RUST_UIO: uio_fread requested=1 read=1
RUST_UIO: uio_fread requested=4 read=4
RUST_UIO: uio_fread requested=8 read=8
RUST_UIO: uio_fread requested=66 read=66
RUST_UIO: uio_fread requested=4 read=4
RUST_UIO: uio_fclose called
RUST_UIO: uio_fopen entry
RUST_UIO: uio_fopen called
RUST_UIO: uio_fopen path="/Users/runner/work/_temp/s4-command-evidence/bundle/run-0/payloads/native-window.acceptance/inputs/content/base/ui/status-004.png" mode=rb
RUST_UIO: uio_fopen returning stream=0x600002d15b40
RUST_UIO: uio_fread requested=8 read=8
RUST_UIO: uio_fread requested=8 read=8
RUST_UIO: uio_fread requested=13 read=13
RUST_UIO: uio_fread requested=4 read=4
RUST_UIO: uio_fread requested=8 read=8
RUST_UIO: uio_fread requested=768 read=768
RUST_UIO: uio_fread requested=4 read=4
RUST_UIO: uio_fread requested=8 read=8
RUST_UIO: uio_fread requested=1 read=1
RUST_UIO: uio_fread requested=4 read=4
RUST_UIO: uio_fread requested=8 read=8
RUST_UIO: uio_fread requested=54 read=54
RUST_UIO: uio_fread requested=4 read=4
RUST_UIO: uio_fclose called
RUST_UIO: uio_fopen entry
RUST_UIO: uio_fopen called
RUST_UIO: uio_fopen path="/Users/runner/work/_temp/s4-command-evidence/bundle/run-0/payloads/native-window.acceptance/inputs/content/base/ui/status-005.png" mode=rb
RUST_UIO: uio_fopen returning stream=0x600002d15b40
RUST_UIO: uio_fread requested=8 read=8
RUST_UIO: uio_fread requested=8 read=8
RUST_UIO: uio_fread requested=13 read=13
RUST_UIO: uio_fread requested=4 read=4
RUST_UIO: uio_fread requested=8 read=8
RUST_UIO: uio_fread requested=768 read=768
RUST_UIO: uio_fread requested=4 read=4
RUST_UIO: uio_fread requested=8 read=8
RUST_UIO: uio_fread requested=1 read=1
RUST_UIO: uio_fread requested=4 read=4
RUST_UIO: uio_fread requested=8 read=8
RUST_UIO: uio_fread requested=45 read=45
RUST_UIO: uio_fread requested=4 read=4
RUST_UIO: uio_fclose called
RUST_UIO: uio_fclose called
RUST_UIO: uio_stat called
RUST_UIO: uio_fopen entry
RUST_UIO: uio_fopen called
RUST_UIO: uio_fopen path="/Users/runner/work/_temp/s4-command-evidence/bundle/run-0/payloads/native-window.acceptance/inputs/content/base/gamestrings.txt" mode=rb
RUST_UIO: uio_fopen returning stream=0x600002d15b80
RUST_UIO: uio_fclose called
RUST_UIO: uio_stat called
RUST_UIO: uio_openDirRelative called
RUST_UIO: uio_openDirRelative: base="/Users/runner/work/_temp/s4-command-evidence/bundle/run-0/payloads/native-window.acceptance/./inputs/content" path="base/fonts/micro.fon" (is_absolute=false)
RUST_UIO: uio_openDirRelative: joined "/Users/runner/work/_temp/s4-command-evidence/bundle/run-0/payloads/native-window.acceptance/./inputs/content" + "base/fonts/micro.fon" = "/Users/runner/work/_temp/s4-command-evidence/bundle/run-0/payloads/native-window.acceptance/inputs/content/base/fonts/micro.fon"
RUST_UIO: resolve_mount_path input: "/Users/runner/work/_temp/s4-command-evidence/bundle/run-0/payloads/native-window.acceptance/inputs/content/base/fonts/micro.fon"
RUST_UIO: path "/Users/runner/work/_temp/s4-command-evidence/bundle/run-0/payloads/native-window.acceptance/inputs/content/base/fonts/micro.fon" already resolved to filesystem path
RUST_UIO: uio_getDirList called: dir=0x600001c4d7a0 path=0x102a63b4e pattern=0x102a5f8bf
RUST_UIO: uio_getDirList: dir_virtual="/base/fonts/micro.fon" rel_path=""
RUST_UIO: uio_getDirList: virtual_path="/base/fonts/micro.fon" pattern='.' matchType=3
RUST_UIO: uio_getDirList: checking stdio mount '/' at host_path="/Users/runner/work/_temp/s4-command-evidence/bundle/run-0/payloads/native-window.acceptance/./inputs/content/base/fonts/micro.fon"
RUST_UIO: uio_getDirList: checking stdio mount '/' at host_path="/Users/runner/work/_temp/s4-command-evidence/bundle/run-0/payloads/native-window.acceptance/./config/base/fonts/micro.fon"
RUST_UIO: uio_getDirList: ZIP mount '/' returned 98 entries for "base/fonts/micro.fon"
RUST_UIO: uio_getDirList: 98 matches for pattern '.' in "/base/fonts/micro.fon"
RUST_UIO: uio_stat called
RUST_UIO: uio_stat called
RUST_UIO: uio_stat called
RUST_UIO: uio_stat called
RUST_UIO: uio_stat called
RUST_UIO: uio_stat called
RUST_UIO: uio_stat called
RUST_UIO: uio_stat called
RUST_UIO: uio_stat called
RUST_UIO: uio_stat called
RUST_UIO: uio_stat called
RUST_UIO: uio_stat called
RUST_UIO: uio_stat called
RUST_UIO: uio_stat called
RUST_UIO: uio_stat called
RUST_UIO: uio_stat called
RUST_UIO: uio_stat called
RUST_UIO: uio_stat called
RUST_UIO: uio_stat called
RUST_UIO: uio_stat called
RUST_UIO: uio_stat called
RUST_UIO: uio_stat called
RUST_UIO: uio_stat called
RUST_UIO: uio_stat called
RUST_UIO: uio_stat called
RUST_UIO: uio_stat called
RUST_UIO: uio_stat called
RUST_UIO: uio_stat called
RUST_UIO: uio_stat called
RUST_UIO: uio_stat called
RUST_UIO: uio_stat called
RUST_UIO: uio_stat called
RUST_UIO: uio_stat called
RUST_UIO: uio_stat called
RUST_UIO: uio_stat called
RUST_UIO: uio_stat called
RUST_UIO: uio_stat called
RUST_UIO: uio_stat called
RUST_UIO: uio_stat called
RUST_UIO: uio_stat called
RUST_UIO: uio_stat called
RUST_UIO: uio_stat called
RUST_UIO: uio_stat called
RUST_UIO: uio_stat called
RUST_UIO: uio_stat called
RUST_UIO: uio_stat called
RUST_UIO: uio_stat called
RUST_UIO: uio_stat called
RUST_UIO: uio_stat called
RUST_UIO: uio_stat called
RUST_UIO: uio_stat called
RUST_UIO: uio_stat called
RUST_UIO: uio_stat called
RUST_UIO: uio_stat called
RUST_UIO: uio_stat called
RUST_UIO: uio_stat called
RUST_UIO: uio_stat called
RUST_UIO: uio_stat called
RUST_UIO: uio_stat called
RUST_UIO: uio_stat called
RUST_UIO: uio_stat called
RUST_UIO: uio_stat called
RUST_UIO: uio_stat called
RUST_UIO: uio_stat called
RUST_UIO: uio_stat called
RUST_UIO: uio_stat called
RUST_UIO: uio_stat called
RUST_UIO: uio_stat called
RUST_UIO: uio_stat called
RUST_UIO: uio_stat called
RUST_UIO: uio_stat called
RUST_UIO: uio_stat called
RUST_UIO: uio_stat called
RUST_UIO: uio_stat called
RUST_UIO: uio_stat called
RUST_UIO: uio_stat called
RUST_UIO: uio_stat called
RUST_UIO: uio_stat called
RUST_UIO: uio_stat called
RUST_UIO: uio_stat called
RUST_UIO: uio_stat called
RUST_UIO: uio_stat called
RUST_UIO: uio_stat called
RUST_UIO: uio_stat called
RUST_UIO: uio_stat called
RUST_UIO: uio_stat called
RUST_UIO: uio_stat called
RUST_UIO: uio_stat called
RUST_UIO: uio_stat called
RUST_UIO: uio_stat called
RUST_UIO: uio_stat called
RUST_UIO: uio_stat called
RUST_UIO: uio_stat called
RUST_UIO: uio_stat called
RUST_UIO: uio_stat called
RUST_UIO: uio_stat called
RUST_UIO: uio_stat called
RUST_UIO: uio_stat called
RUST_UIO: uio_closeDir called
RUST_UIO: uio_DirList_free called
RUST_UIO: uio_openDirRelative called
RUST_UIO: uio_openDirRelative: base="/Users/runner/work/_temp/s4-command-evidence/bundle/run-0/payloads/native-window.acceptance/./inputs/content" path="base/fonts/micro.fon" (is_absolute=false)
RUST_UIO: uio_openDirRelative: joined "/Users/runner/work/_temp/s4-command-evidence/bundle/run-0/payloads/native-window.acceptance/./inputs/content" + "base/fonts/micro.fon" = "/Users/runner/work/_temp/s4-command-evidence/bundle/run-0/payloads/native-window.acceptance/inputs/content/base/fonts/micro.fon"
RUST_UIO: resolve_mount_path input: "/Users/runner/work/_temp/s4-command-evidence/bundle/run-0/payloads/native-window.acceptance/inputs/content/base/fonts/micro.fon"
RUST_UIO: path "/Users/runner/work/_temp/s4-command-evidence/bundle/run-0/payloads/native-window.acceptance/inputs/content/base/fonts/micro.fon" already resolved to filesystem path
RUST_UIO: uio_fopen entry
RUST_UIO: uio_fopen called
RUST_UIO: uio_fopen path="/Users/runner/work/_temp/s4-command-evidence/bundle/run-0/payloads/native-window.acceptance/inputs/content/base/fonts/micro.fon/00052.png" mode=rb
RUST_UIO: uio_fopen returning stream=0x600002d63640
RUST_UIO: uio_fread requested=8 read=8
RUST_UIO: uio_fread requested=8 read=8
RUST_UIO: uio_fread requested=13 read=13
RUST_UIO: uio_fread requested=4 read=4
RUST_UIO: uio_fread requested=8 read=8
RUST_UIO: uio_fread requested=63 read=63
RUST_UIO: uio_fread requested=4 read=4
RUST_UIO: uio_fread requested=8 read=8
RUST_UIO: uio_fread requested=14 read=14
RUST_UIO: uio_fread requested=4 read=4
RUST_UIO: uio_fread requested=8 read=8
RUST_UIO: uio_fread requested=18 read=18
RUST_UIO: uio_fread requested=4 read=4
RUST_UIO: uio_fread requested=8 read=8
RUST_UIO: uio_fread requested=40 read=40
RUST_UIO: uio_fread requested=4 read=4
RUST_UIO: uio_fclose called
RUST_UIO: uio_fopen entry
RUST_UIO: uio_fopen called
RUST_UIO: uio_fopen path="/Users/runner/work/_temp/s4-command-evidence/bundle/run-0/payloads/native-window.acceptance/inputs/content/base/fonts/micro.fon/00046.png" mode=rb
RUST_UIO: uio_fopen returning stream=0x600002d63640
RUST_UIO: uio_fread requested=8 read=8
RUST_UIO: uio_fread requested=8 read=8
RUST_UIO: uio_fread requested=13 read=13
RUST_UIO: uio_fread requested=4 read=4
RUST_UIO: uio_fread requested=8 read=8
RUST_UIO: uio_fread requested=63 read=63
RUST_UIO: uio_fread requested=4 read=4
RUST_UIO: uio_fread requested=8 read=8
RUST_UIO: uio_fread requested=14 read=14
RUST_UIO: uio_fread requested=4 read=4
RUST_UIO: uio_fread requested=8 read=8
RUST_UIO: uio_fread requested=18 read=18
RUST_UIO: uio_fread requested=4 read=4
RUST_UIO: uio_fread requested=8 read=8
RUST_UIO: uio_fread requested=36 read=36
RUST_UIO: uio_fread requested=4 read=4
RUST_UIO: uio_fclose called
RUST_UIO: uio_fopen entry
RUST_UIO: uio_fopen called
RUST_UIO: uio_fopen path="/Users/runner/work/_temp/s4-command-evidence/bundle/run-0/payloads/native-window.acceptance/inputs/content/base/fonts/micro.fon/0005d.png" mode=rb
RUST_UIO: uio_fopen returning stream=0x600002d63640
RUST_UIO: uio_fread requested=8 read=8
RUST_UIO: uio_fread requested=8 read=8
RUST_UIO: uio_fread requested=13 read=13
RUST_UIO: uio_fread requested=4 read=4
RUST_UIO: uio_fread requested=8 read=8
RUST_UIO: uio_fread requested=63 read=63
RUST_UIO: uio_fread requested=4 read=4
RUST_UIO: uio_fread requested=8 read=8
RUST_UIO: uio_fread requested=14 read=14
RUST_UIO: uio_fread requested=4 read=4
RUST_UIO: uio_fread requested=8 read=8
RUST_UIO: uio_fread requested=18 read=18
RUST_UIO: uio_fread requested=4 read=4
RUST_UIO: uio_fread requested=8 read=8
RUST_UIO: uio_fread requested=34 read=34
RUST_UIO: uio_fread requested=4 read=4
RUST_UIO: uio_fclose called
RUST_UIO: uio_fopen entry
RUST_UIO: uio_fopen called
RUST_UIO: uio_fopen path="/Users/runner/work/_temp/s4-command-evidence/bundle/run-0/payloads/native-window.acceptance/inputs/content/base/fonts/micro.fon/0004a.png" mode=rb
RUST_UIO: uio_fopen returning stream=0x600002d63640
RUST_UIO: uio_fread requested=8 read=8
RUST_UIO: uio_fread requested=8 read=8
RUST_UIO: uio_fread requested=13 read=13
RUST_UIO: uio_fread requested=4 read=4
RUST_UIO: uio_fread requested=8 read=8
RUST_UIO: uio_fread requested=63 read=63
RUST_UIO: uio_fread requested=4 read=4
RUST_UIO: uio_fread requested=8 read=8
RUST_UIO: uio_fread requested=14 read=14
RUST_UIO: uio_fread requested=4 read=4
RUST_UIO: uio_fread requested=8 read=8
RUST_UIO: uio_fread requested=18 read=18
RUST_UIO: uio_fread requested=4 read=4
RUST_UIO: uio_fread requested=8 read=8
RUST_UIO: uio_fread requested=46 read=46
RUST_UIO: uio_fread requested=4 read=4
RUST_UIO: uio_fclose called
RUST_UIO: uio_fopen entry
RUST_UIO: uio_fopen called
RUST_UIO: uio_fopen path="/Users/runner/work/_temp/s4-command-evidence/bundle/run-0/payloads/native-window.acceptance/inputs/content/base/fonts/micro.fon/000b0.png" mode=rb
RUST_UIO: uio_fopen returning stream=0x600002d63640
RUST_UIO: uio_fread requested=8 read=8
RUST_UIO: uio_fread requested=8 read=8
RUST_UIO: uio_fread requested=13 read=13
RUST_UIO: uio_fread requested=4 read=4
RUST_UIO: uio_fread requested=8 read=8
RUST_UIO: uio_fread requested=24 read=24
RUST_UIO: uio_fread requested=4 read=4
RUST_UIO: uio_fclose called
RUST_UIO: uio_fopen entry
RUST_UIO: uio_fopen called
RUST_UIO: uio_fopen path="/Users/runner/work/_temp/s4-command-evidence/bundle/run-0/payloads/native-window.acceptance/inputs/content/base/fonts/micro.fon/0005e.png" mode=rb
RUST_UIO: uio_fopen returning stream=0x600002d63640
RUST_UIO: uio_fread requested=8 read=8
RUST_UIO: uio_fread requested=8 read=8
RUST_UIO: uio_fread requested=13 read=13
RUST_UIO: uio_fread requested=4 read=4
RUST_UIO: uio_fread requested=8 read=8
RUST_UIO: uio_fread requested=63 read=63
RUST_UIO: uio_fread requested=4 read=4
RUST_UIO: uio_fread requested=8 read=8
RUST_UIO: uio_fread requested=14 read=14
RUST_UIO: uio_fread requested=4 read=4
RUST_UIO: uio_fread requested=8 read=8
RUST_UIO: uio_fread requested=18 read=18
RUST_UIO: uio_fread requested=4 read=4
RUST_UIO: uio_fread requested=8 read=8
RUST_UIO: uio_fread requested=31 read=31
RUST_UIO: uio_fread requested=4 read=4
RUST_UIO: uio_fclose called
RUST_UIO: uio_fopen entry
RUST_UIO: uio_fopen called
RUST_UIO: uio_fopen path="/Users/runner/work/_temp/s4-command-evidence/bundle/run-0/payloads/native-window.acceptance/inputs/content/base/fonts/micro.fon/00047.png" mode=rb
RUST_UIO: uio_fopen returning stream=0x600002d0c000
RUST_UIO: uio_fread requested=8 read=8
RUST_UIO: uio_fread requested=8 read=8
RUST_UIO: uio_fread requested=13 read=13
RUST_UIO: uio_fread requested=4 read=4
RUST_UIO: uio_fread requested=8 read=8
RUST_UIO: uio_fread requested=63 read=63
RUST_UIO: uio_fread requested=4 read=4
RUST_UIO: uio_fread requested=8 read=8
RUST_UIO: uio_fread requested=14 read=14
RUST_UIO: uio_fread requested=4 read=4
RUST_UIO: uio_fread requested=8 read=8
RUST_UIO: uio_fread requested=18 read=18
RUST_UIO: uio_fread requested=4 read=4
RUST_UIO: uio_fread requested=8 read=8
RUST_UIO: uio_fread requested=60 read=60
RUST_UIO: uio_fread requested=4 read=4
RUST_UIO: uio_fclose called
RUST_UIO: uio_fopen entry
RUST_UIO: uio_fopen called
RUST_UIO: uio_fopen path="/Users/runner/work/_temp/s4-command-evidence/bundle/run-0/payloads/native-window.acceptance/inputs/content/base/fonts/micro.fon/00053.png" mode=rb
RUST_UIO: uio_fopen returning stream=0x600002d0c000
RUST_UIO: uio_fread requested=8 read=8
RUST_UIO: uio_fread requested=8 read=8
RUST_UIO: uio_fread requested=13 read=13
RUST_UIO: uio_fread requested=4 read=4
RUST_UIO: uio_fread requested=8 read=8
RUST_UIO: uio_fread requested=63 read=63
RUST_UIO: uio_fread requested=4 read=4
RUST_UIO: uio_fread requested=8 read=8
RUST_UIO: uio_fread requested=14 read=14
RUST_UIO: uio_fread requested=4 read=4
RUST_UIO: uio_fread requested=8 read=8
RUST_UIO: uio_fread requested=18 read=18
RUST_UIO: uio_fread requested=4 read=4
RUST_UIO: uio_fread requested=8 read=8
RUST_UIO: uio_fread requested=58 read=58
RUST_UIO: uio_fread requested=4 read=4
RUST_UIO: uio_fclose called
RUST_UIO: uio_fopen entry
RUST_UIO: uio_fopen called
RUST_UIO: uio_fopen path="/Users/runner/work/_temp/s4-command-evidence/bundle/run-0/payloads/native-window.acceptance/inputs/content/base/fonts/micro.fon/00045.png" mode=rb
RUST_UIO: uio_fopen returning stream=0x600002d0c000
RUST_UIO: uio_fread requested=8 read=8
RUST_UIO: uio_fread requested=8 read=8
RUST_UIO: uio_fread requested=13 read=13
RUST_UIO: uio_fread requested=4 read=4
RUST_UIO: uio_fread requested=8 read=8
RUST_UIO: uio_fread requested=63 read=63
RUST_UIO: uio_fread requested=4 read=4
RUST_UIO: uio_fread requested=8 read=8
RUST_UIO: uio_fread requested=14 read=14
RUST_UIO: uio_fread requested=4 read=4
RUST_UIO: uio_fread requested=8 read=8
RUST_UIO: uio_fread requested=18 read=18
RUST_UIO: uio_fread requested=4 read=4
RUST_UIO: uio_fread requested=8 read=8
RUST_UIO: uio_fread requested=34 read=34
RUST_UIO: uio_fread requested=4 read=4
RUST_UIO: uio_fclose called
RUST_UIO: uio_fopen entry
RUST_UIO: uio_fopen called
RUST_UIO: uio_fopen path="/Users/runner/work/_temp/s4-command-evidence/bundle/run-0/payloads/native-window.acceptance/inputs/content/base/fonts/micro.fon/00051.png" mode=rb
RUST_UIO: uio_fopen returning stream=0x600002d0c000
RUST_UIO: uio_fread requested=8 read=8
RUST_UIO: uio_fread requested=8 read=8
RUST_UIO: uio_fread requested=13 read=13
RUST_UIO: uio_fread requested=4 read=4
RUST_UIO: uio_fread requested=8 read=8
RUST_UIO: uio_fread requested=63 read=63
RUST_UIO: uio_fread requested=4 read=4
RUST_UIO: uio_fread requested=8 read=8
RUST_UIO: uio_fread requested=14 read=14
RUST_UIO: uio_fread requested=4 read=4
RUST_UIO: uio_fread requested=8 read=8
RUST_UIO: uio_fread requested=18 read=18
RUST_UIO: uio_fread requested=4 read=4
RUST_UIO: uio_fread requested=8 read=8
RUST_UIO: uio_fread requested=57 read=57
RUST_UIO: uio_fread requested=4 read=4
RUST_UIO: uio_fclose called
RUST_UIO: uio_fopen entry
RUST_UIO: uio_fopen called
RUST_UIO: uio_fopen path="/Users/runner/work/_temp/s4-command-evidence/bundle/run-0/payloads/native-window.acceptance/inputs/content/base/fonts/micro.fon/0004c.png" mode=rb
RUST_UIO: uio_fopen returning stream=0x600002d0c000
RUST_UIO: uio_fread requested=8 read=8
RUST_UIO: uio_fread requested=8 read=8
RUST_UIO: uio_fread requested=13 read=13
RUST_UIO: uio_fread requested=4 read=4
RUST_UIO: uio_fread requested=8 read=8
RUST_UIO: uio_fread requested=63 read=63
RUST_UIO: uio_fread requested=4 read=4
RUST_UIO: uio_fread requested=8 read=8
RUST_UIO: uio_fread requested=14 read=14
RUST_UIO: uio_fread requested=4 read=4
RUST_UIO: uio_fread requested=8 read=8
RUST_UIO: uio_fread requested=18 read=18
RUST_UIO: uio_fread requested=4 read=4
RUST_UIO: uio_fread requested=8 read=8
RUST_UIO: uio_fread requested=28 read=28
RUST_UIO: uio_fread requested=4 read=4
RUST_UIO: uio_fclose called
RUST_UIO: uio_fopen entry
RUST_UIO: uio_fopen called
RUST_UIO: uio_fopen path="/Users/runner/work/_temp/s4-command-evidence/bundle/run-0/payloads/native-window.acceptance/inputs/content/base/fonts/micro.fon/00079.png" mode=rb
RUST_UIO: uio_fopen returning stream=0x600002d0c000
RUST_UIO: uio_fread requested=8 read=8
RUST_UIO: uio_fread requested=8 read=8
RUST_UIO: uio_fread requested=13 read=13
RUST_UIO: uio_fread requested=4 read=4
RUST_UIO: uio_fread requested=8 read=8
RUST_UIO: uio_fread requested=63 read=63
RUST_UIO: uio_fread requested=4 read=4
RUST_UIO: uio_fread requested=8 read=8
RUST_UIO: uio_fread requested=14 read=14
RUST_UIO: uio_fread requested=4 read=4
RUST_UIO: uio_fread requested=8 read=8
RUST_UIO: uio_fread requested=18 read=18
RUST_UIO: uio_fread requested=4 read=4
RUST_UIO: uio_fread requested=8 read=8
RUST_UIO: uio_fread requested=49 read=49
RUST_UIO: uio_fread requested=4 read=4
RUST_UIO: uio_fclose called
RUST_UIO: uio_fopen entry
RUST_UIO: uio_fopen called
RUST_UIO: uio_fopen path="/Users/runner/work/_temp/s4-command-evidence/bundle/run-0/payloads/native-window.acceptance/inputs/content/base/fonts/micro.fon/0005f.png" mode=rb
RUST_UIO: uio_fopen returning stream=0x600002d15d40
RUST_UIO: uio_fread requested=8 read=8
RUST_UIO: uio_fread requested=8 read=8
RUST_UIO: uio_fread requested=13 read=13
RUST_UIO: uio_fread requested=4 read=4
RUST_UIO: uio_fread requested=8 read=8
RUST_UIO: uio_fread requested=63 read=63
RUST_UIO: uio_fread requested=4 read=4
RUST_UIO: uio_fread requested=8 read=8
RUST_UIO: uio_fread requested=14 read=14
RUST_UIO: uio_fread requested=4 read=4
RUST_UIO: uio_fread requested=8 read=8
RUST_UIO: uio_fread requested=18 read=18
RUST_UIO: uio_fread requested=4 read=4
RUST_UIO: uio_fread requested=8 read=8
RUST_UIO: uio_fread requested=20 read=20
RUST_UIO: uio_fread requested=4 read=4
RUST_UIO: uio_fclose called
RUST_UIO: uio_fopen entry
RUST_UIO: uio_fopen called
RUST_UIO: uio_fopen path="/Users/runner/work/_temp/s4-command-evidence/bundle/run-0/payloads/native-window.acceptance/inputs/content/base/fonts/micro.fon/00078.png" mode=rb
RUST_UIO: uio_fopen returning stream=0x600002d15d40
RUST_UIO: uio_fread requested=8 read=8
RUST_UIO: uio_fread requested=8 read=8
RUST_UIO: uio_fread requested=13 read=13
RUST_UIO: uio_fread requested=4 read=4
RUST_UIO: uio_fread requested=8 read=8
RUST_UIO: uio_fread requested=63 read=63
RUST_UIO: uio_fread requested=4 read=4
RUST_UIO: uio_fread requested=8 read=8
RUST_UIO: uio_fread requested=14 read=14
RUST_UIO: uio_fread requested=4 read=4
RUST_UIO: uio_fread requested=8 read=8
RUST_UIO: uio_fread requested=18 read=18
RUST_UIO: uio_fread requested=4 read=4
RUST_UIO: uio_fread requested=8 read=8
RUST_UIO: uio_fread requested=48 read=48
RUST_UIO: uio_fread requested=4 read=4
RUST_UIO: uio_fclose called
RUST_UIO: uio_fopen entry
RUST_UIO: uio_fopen called
RUST_UIO: uio_fopen path="/Users/runner/work/_temp/s4-command-evidence/bundle/run-0/payloads/native-window.acceptance/inputs/content/base/fonts/micro.fon/0004b.png" mode=rb
RUST_UIO: uio_fopen returning stream=0x600002d15d40
RUST_UIO: uio_fread requested=8 read=8
RUST_UIO: uio_fread requested=8 read=8
RUST_UIO: uio_fread requested=13 read=13
RUST_UIO: uio_fread requested=4 read=4
RUST_UIO: uio_fread requested=8 read=8
RUST_UIO: uio_fread requested=63 read=63
RUST_UIO: uio_fread requested=4 read=4
RUST_UIO: uio_fread requested=8 read=8
RUST_UIO: uio_fread requested=14 read=14
RUST_UIO: uio_fread requested=4 read=4
RUST_UIO: uio_fread requested=8 read=8
RUST_UIO: uio_fread requested=18 read=18
RUST_UIO: uio_fread requested=4 read=4
RUST_UIO: uio_fread requested=8 read=8
RUST_UIO: uio_fread requested=57 read=57
RUST_UIO: uio_fread requested=4 read=4
RUST_UIO: uio_fclose called
RUST_UIO: uio_fopen entry
RUST_UIO: uio_fopen called
RUST_UIO: uio_fopen path="/Users/runner/work/_temp/s4-command-evidence/bundle/run-0/payloads/native-window.acceptance/inputs/content/base/fonts/micro.fon/00050.png" mode=rb
RUST_UIO: uio_fopen returning stream=0x600002d15d40
RUST_UIO: uio_fread requested=8 read=8
RUST_UIO: uio_fread requested=8 read=8
RUST_UIO: uio_fread requested=13 read=13
RUST_UIO: uio_fread requested=4 read=4
RUST_UIO: uio_fread requested=8 read=8
RUST_UIO: uio_fread requested=63 read=63
RUST_UIO: uio_fread requested=4 read=4
RUST_UIO: uio_fread requested=8 read=8
RUST_UIO: uio_fread requested=14 read=14
RUST_UIO: uio_fread requested=4 read=4
RUST_UIO: uio_fread requested=8 read=8
RUST_UIO: uio_fread requested=18 read=18
RUST_UIO: uio_fread requested=4 read=4
RUST_UIO: uio_fread requested=8 read=8
RUST_UIO: uio_fread requested=47 read=47
RUST_UIO: uio_fread requested=4 read=4
RUST_UIO: uio_fclose called
RUST_UIO: uio_fopen entry
RUST_UIO: uio_fopen called
RUST_UIO: uio_fopen path="/Users/runner/work/_temp/s4-command-evidence/bundle/run-0/payloads/native-window.acceptance/inputs/content/base/fonts/micro.fon/00044.png" mode=rb
RUST_UIO: uio_fopen returning stream=0x600002d15d40
RUST_UIO: uio_fread requested=8 read=8
RUST_UIO: uio_fread requested=8 read=8
RUST_UIO: uio_fread requested=13 read=13
RUST_UIO: uio_fread requested=4 read=4
RUST_UIO: uio_fread requested=8 read=8
RUST_UIO: uio_fread requested=63 read=63
RUST_UIO: uio_fread requested=4 read=4
RUST_UIO: uio_fread requested=8 read=8
RUST_UIO: uio_fread requested=14 read=14
RUST_UIO: uio_fread requested=4 read=4
RUST_UIO: uio_fread requested=8 read=8
RUST_UIO: uio_fread requested=18 read=18
RUST_UIO: uio_fread requested=4 read=4
RUST_UIO: uio_fread requested=8 read=8
RUST_UIO: uio_fread requested=45 read=45
RUST_UIO: uio_fread requested=4 read=4
RUST_UIO: uio_fclose called
RUST_UIO: uio_fopen entry
RUST_UIO: uio_fopen called
RUST_UIO: uio_fopen path="/Users/runner/work/_temp/s4-command-evidence/bundle/run-0/payloads/native-window.acceptance/inputs/content/base/fonts/micro.fon/0004f.png" mode=rb
RUST_UIO: uio_fopen returning stream=0x600002d15d40
RUST_UIO: uio_fread requested=8 read=8
RUST_UIO: uio_fread requested=8 read=8
RUST_UIO: uio_fread requested=13 read=13
RUST_UIO: uio_fread requested=4 read=4
RUST_UIO: uio_fread requested=8 read=8
RUST_UIO: uio_fread requested=63 read=63
RUST_UIO: uio_fread requested=4 read=4
RUST_UIO: uio_fread requested=8 read=8
RUST_UIO: uio_fread requested=14 read=14
RUST_UIO: uio_fread requested=4 read=4
RUST_UIO: uio_fread requested=8 read=8
RUST_UIO: uio_fread requested=18 read=18
RUST_UIO: uio_fread requested=4 read=4
RUST_UIO: uio_fread requested=8 read=8
RUST_UIO: uio_fread requested=50 read=50
RUST_UIO: uio_fread requested=4 read=4
RUST_UIO: uio_fclose called
RUST_UIO: uio_fopen entry
RUST_UIO: uio_fopen called
RUST_UIO: uio_fopen path="/Users/runner/work/_temp/s4-command-evidence/bundle/run-0/payloads/native-window.acceptance/inputs/content/base/fonts/micro.fon/00068.png" mode=rb
RUST_UIO: uio_fopen returning stream=0x600002d15d40
RUST_UIO: uio_fread requested=8 read=8
RUST_UIO: uio_fread requested=8 read=8
RUST_UIO: uio_fread requested=13 read=13
RUST_UIO: uio_fread requested=4 read=4
RUST_UIO: uio_fread requested=8 read=8
RUST_UIO: uio_fread requested=63 read=63
RUST_UIO: uio_fread requested=4 read=4
RUST_UIO: uio_fread requested=8 read=8
RUST_UIO: uio_fread requested=14 read=14
RUST_UIO: uio_fread requested=4 read=4
RUST_UIO: uio_fread requested=8 read=8
RUST_UIO: uio_fread requested=18 read=18
RUST_UIO: uio_fread requested=4 read=4
RUST_UIO: uio_fread requested=8 read=8
RUST_UIO: uio_fread requested=41 read=41
RUST_UIO: uio_fread requested=4 read=4
RUST_UIO: uio_fclose called
RUST_UIO: uio_fopen entry
RUST_UIO: uio_fopen called
RUST_UIO: uio_fopen path="/Users/runner/work/_temp/s4-command-evidence/bundle/run-0/payloads/native-window.acceptance/inputs/content/base/fonts/micro.fon/0005b.png" mode=rb
RUST_UIO: uio_fopen returning stream=0x600002d15d40
RUST_UIO: uio_fread requested=8 read=8
RUST_UIO: uio_fread requested=8 read=8
RUST_UIO: uio_fread requested=13 read=13
RUST_UIO: uio_fread requested=4 read=4
RUST_UIO: uio_fread requested=8 read=8
RUST_UIO: uio_fread requested=63 read=63
RUST_UIO: uio_fread requested=4 read=4
RUST_UIO: uio_fread requested=8 read=8
RUST_UIO: uio_fread requested=14 read=14
RUST_UIO: uio_fread requested=4 read=4
RUST_UIO: uio_fread requested=8 read=8
RUST_UIO: uio_fread requested=18 read=18
RUST_UIO: uio_fread requested=4 read=4
RUST_UIO: uio_fread requested=8 read=8
RUST_UIO: uio_fread requested=34 read=34
RUST_UIO: uio_fread requested=4 read=4
RUST_UIO: uio_fclose called
RUST_UIO: uio_fopen entry
RUST_UIO: uio_fopen called
RUST_UIO: uio_fopen path="/Users/runner/work/_temp/s4-command-evidence/bundle/run-0/payloads/native-window.acceptance/inputs/content/base/fonts/micro.fon/00040.png" mode=rb
RUST_UIO: uio_fopen returning stream=0x600002d15d40
RUST_UIO: uio_fread requested=8 read=8
RUST_UIO: uio_fread requested=8 read=8
RUST_UIO: uio_fread requested=13 read=13
RUST_UIO: uio_fread requested=4 read=4
RUST_UIO: uio_fread requested=8 read=8
RUST_UIO: uio_fread requested=63 read=63
RUST_UIO: uio_fread requested=4 read=4
RUST_UIO: uio_fread requested=8 read=8
RUST_UIO: uio_fread requested=14 read=14
RUST_UIO: uio_fread requested=4 read=4
RUST_UIO: uio_fread requested=8 read=8
RUST_UIO: uio_fread requested=18 read=18
RUST_UIO: uio_fread requested=4 read=4
RUST_UIO: uio_fread requested=8 read=8
RUST_UIO: uio_fread requested=56 read=56
RUST_UIO: uio_fread requested=4 read=4
RUST_UIO: uio_fclose called
RUST_UIO: uio_fopen entry
RUST_UIO: uio_fopen called
RUST_UIO: uio_fopen path="/Users/runner/work/_temp/s4-command-evidence/bundle/run-0/payloads/native-window.acceptance/inputs/content/base/fonts/micro.fon/00054.png" mode=rb
RUST_UIO: uio_fopen returning stream=0x600002d15d40
RUST_UIO: uio_fread requested=8 read=8
RUST_UIO: uio_fread requested=8 read=8
RUST_UIO: uio_fread requested=13 read=13
RUST_UIO: uio_fread requested=4 read=4
RUST_UIO: uio_fread requested=8 read=8
RUST_UIO: uio_fread requested=63 read=63
RUST_UIO: uio_fread requested=4 read=4
RUST_UIO: uio_fread requested=8 read=8
RUST_UIO: uio_fread requested=14 read=14
RUST_UIO: uio_fread requested=4 read=4
RUST_UIO: uio_fread requested=8 read=8
RUST_UIO: uio_fread requested=18 read=18
RUST_UIO: uio_fread requested=4 read=4
RUST_UIO: uio_fread requested=8 read=8
RUST_UIO: uio_fread requested=32 read=32
RUST_UIO: uio_fread requested=4 read=4
RUST_UIO: uio_fclose called
RUST_UIO: uio_fopen entry
RUST_UIO: uio_fopen called
RUST_UIO: uio_fopen path="/Users/runner/work/_temp/s4-command-evidence/bundle/run-0/payloads/native-window.acceptance/inputs/content/base/fonts/micro.fon/00055.png" mode=rb
RUST_UIO: uio_fopen returning stream=0x600002d15d40
RUST_UIO: uio_fread requested=8 read=8
RUST_UIO: uio_fread requested=8 read=8
RUST_UIO: uio_fread requested=13 read=13
RUST_UIO: uio_fread requested=4 read=4
RUST_UIO: uio_fread requested=8 read=8
RUST_UIO: uio_fread requested=63 read=63
RUST_UIO: uio_fread requested=4 read=4
RUST_UIO: uio_fread requested=8 read=8
RUST_UIO: uio_fread requested=14 read=14
RUST_UIO: uio_fread requested=4 read=4
RUST_UIO: uio_fread requested=8 read=8
RUST_UIO: uio_fread requested=18 read=18
RUST_UIO: uio_fread requested=4 read=4
RUST_UIO: uio_fread requested=8 read=8
RUST_UIO: uio_fread requested=47 read=47
RUST_UIO: uio_fread requested=4 read=4
RUST_UIO: uio_fclose called
RUST_UIO: uio_fopen entry
RUST_UIO: uio_fopen called
RUST_UIO: uio_fopen path="/Users/runner/work/_temp/s4-command-evidence/bundle/run-0/payloads/native-window.acceptance/inputs/content/base/fonts/micro.fon/00041.png" mode=rb
RUST_UIO: uio_fopen returning stream=0x600002d15d40
RUST_UIO: uio_fread requested=8 read=8
RUST_UIO: uio_fread requested=8 read=8
RUST_UIO: uio_fread requested=13 read=13
RUST_UIO: uio_fread requested=4 read=4
RUST_UIO: uio_fread requested=8 read=8
RUST_UIO: uio_fread requested=63 read=63
RUST_UIO: uio_fread requested=4 read=4
RUST_UIO: uio_fread requested=8 read=8
RUST_UIO: uio_fread requested=14 read=14
RUST_UIO: uio_fread requested=4 read=4
RUST_UIO: uio_fread requested=8 read=8
RUST_UIO: uio_fread requested=18 read=18
RUST_UIO: uio_fread requested=4 read=4
RUST_UIO: uio_fread requested=8 read=8
RUST_UIO: uio_fread requested=58 read=58
RUST_UIO: uio_fread requested=4 read=4
RUST_UIO: uio_fclose called
RUST_UIO: uio_fopen entry
RUST_UIO: uio_fopen called
RUST_UIO: uio_fopen path="/Users/runner/work/_temp/s4-command-evidence/bundle/run-0/payloads/native-window.acceptance/inputs/content/base/fonts/micro.fon/0005c.png" mode=rb
RUST_UIO: uio_fopen returning stream=0x600002d15d40
RUST_UIO: uio_fread requested=8 read=8
RUST_UIO: uio_fread requested=8 read=8
RUST_UIO: uio_fread requested=13 read=13
RUST_UIO: uio_fread requested=4 read=4
RUST_UIO: uio_fread requested=8 read=8
RUST_UIO: uio_fread requested=63 read=63
RUST_UIO: uio_fread requested=4 read=4
RUST_UIO: uio_fread requested=8 read=8
RUST_UIO: uio_fread requested=14 read=14
RUST_UIO: uio_fread requested=4 read=4
RUST_UIO: uio_fread requested=8 read=8
RUST_UIO: uio_fread requested=18 read=18
RUST_UIO: uio_fread requested=4 read=4
RUST_UIO: uio_fread requested=8 read=8
RUST_UIO: uio_fread requested=25 read=25
RUST_UIO: uio_fread requested=4 read=4
RUST_UIO: uio_fclose called
RUST_UIO: uio_fopen entry
RUST_UIO: uio_fopen called
RUST_UIO: uio_fopen path="/Users/runner/work/_temp/s4-command-evidence/bundle/run-0/payloads/native-window.acceptance/inputs/content/base/fonts/micro.fon/00069.png" mode=rb
RUST_UIO: uio_fopen returning stream=0x600002d15d40
RUST_UIO: uio_fread requested=8 read=8
RUST_UIO: uio_fread requested=8 read=8
RUST_UIO: uio_fread requested=13 read=13
RUST_UIO: uio_fread requested=4 read=4
RUST_UIO: uio_fread requested=8 read=8
RUST_UIO: uio_fread requested=63 read=63
RUST_UIO: uio_fread requested=4 read=4
RUST_UIO: uio_fread requested=8 read=8
RUST_UIO: uio_fread requested=14 read=14
RUST_UIO: uio_fread requested=4 read=4
RUST_UIO: uio_fread requested=8 read=8
RUST_UIO: uio_fread requested=18 read=18
RUST_UIO: uio_fread requested=4 read=4
RUST_UIO: uio_fread requested=8 read=8
RUST_UIO: uio_fread requested=26 read=26
RUST_UIO: uio_fread requested=4 read=4
RUST_UIO: uio_fclose called
RUST_UIO: uio_fopen entry
RUST_UIO: uio_fopen called
RUST_UIO: uio_fopen path="/Users/runner/work/_temp/s4-command-evidence/bundle/run-0/payloads/native-window.acceptance/inputs/content/base/fonts/micro.fon/0005a.png" mode=rb
RUST_UIO: uio_fopen returning stream=0x600002d15d40
RUST_UIO: uio_fread requested=8 read=8
RUST_UIO: uio_fread requested=8 read=8
RUST_UIO: uio_fread requested=13 read=13
RUST_UIO: uio_fread requested=4 read=4
RUST_UIO: uio_fread requested=8 read=8
RUST_UIO: uio_fread requested=63 read=63
RUST_UIO: uio_fread requested=4 read=4
RUST_UIO: uio_fread requested=8 read=8
RUST_UIO: uio_fread requested=14 read=14
RUST_UIO: uio_fread requested=4 read=4
RUST_UIO: uio_fread requested=8 read=8
RUST_UIO: uio_fread requested=18 read=18
RUST_UIO: uio_fread requested=4 read=4
RUST_UIO: uio_fread requested=8 read=8
RUST_UIO: uio_fread requested=33 read=33
RUST_UIO: uio_fread requested=4 read=4
RUST_UIO: uio_fclose called
RUST_UIO: uio_fopen entry
RUST_UIO: uio_fopen called
RUST_UIO: uio_fopen path="/Users/runner/work/_temp/s4-command-evidence/bundle/run-0/payloads/native-window.acceptance/inputs/content/base/fonts/micro.fon/0004e.png" mode=rb
RUST_UIO: uio_fopen returning stream=0x600002d15d40
RUST_UIO: uio_fread requested=8 read=8
RUST_UIO: uio_fread requested=8 read=8
RUST_UIO: uio_fread requested=13 read=13
RUST_UIO: uio_fread requested=4 read=4
RUST_UIO: uio_fread requested=8 read=8
RUST_UIO: uio_fread requested=63 read=63
RUST_UIO: uio_fread requested=4 read=4
RUST_UIO: uio_fread requested=8 read=8
RUST_UIO: uio_fread requested=14 read=14
RUST_UIO: uio_fread requested=4 read=4
RUST_UIO: uio_fread requested=8 read=8
RUST_UIO: uio_fread requested=18 read=18
RUST_UIO: uio_fread requested=4 read=4
RUST_UIO: uio_fread requested=8 read=8
RUST_UIO: uio_fread requested=58 read=58
RUST_UIO: uio_fread requested=4 read=4
RUST_UIO: uio_fclose called
RUST_UIO: uio_fopen entry
RUST_UIO: uio_fopen called
RUST_UIO: uio_fopen path="/Users/runner/work/_temp/s4-command-evidence/bundle/run-0/payloads/native-window.acceptance/inputs/content/base/fonts/micro.fon/00057.png" mode=rb
RUST_UIO: uio_fopen returning stream=0x600002d15d40
RUST_UIO: uio_fread requested=8 read=8
RUST_UIO: uio_fread requested=8 read=8
RUST_UIO: uio_fread requested=13 read=13
RUST_UIO: uio_fread requested=4 read=4
RUST_UIO: uio_fread requested=8 read=8
RUST_UIO: uio_fread requested=63 read=63
RUST_UIO: uio_fread requested=4 read=4
RUST_UIO: uio_fread requested=8 read=8
RUST_UIO: uio_fread requested=14 read=14
RUST_UIO: uio_fread requested=4 read=4
RUST_UIO: uio_fread requested=8 read=8
RUST_UIO: uio_fread requested=18 read=18
RUST_UIO: uio_fread requested=4 read=4
RUST_UIO: uio_fread requested=8 read=8
RUST_UIO: uio_fread requested=64 read=64
RUST_UIO: uio_fread requested=4 read=4
RUST_UIO: uio_fclose called
RUST_UIO: uio_fopen entry
RUST_UIO: uio_fopen called
RUST_UIO: uio_fopen path="/Users/runner/work/_temp/s4-command-evidence/bundle/run-0/payloads/native-window.acceptance/inputs/content/base/fonts/micro.fon/00043.png" mode=rb
RUST_UIO: uio_fopen returning stream=0x600002d15d40
RUST_UIO: uio_fread requested=8 read=8
RUST_UIO: uio_fread requested=8 read=8
RUST_UIO: uio_fread requested=13 read=13
RUST_UIO: uio_fread requested=4 read=4
RUST_UIO: uio_fread requested=8 read=8
RUST_UIO: uio_fread requested=63 read=63
RUST_UIO: uio_fread requested=4 read=4
RUST_UIO: uio_fread requested=8 read=8
RUST_UIO: uio_fread requested=14 read=14
RUST_UIO: uio_fread requested=4 read=4
RUST_UIO: uio_fread requested=8 read=8
RUST_UIO: uio_fread requested=18 read=18
RUST_UIO: uio_fread requested=4 read=4
RUST_UIO: uio_fread requested=8 read=8
RUST_UIO: uio_fread requested=58 read=58
RUST_UIO: uio_fread requested=4 read=4
RUST_UIO: uio_fclose called
RUST_UIO: uio_fopen entry
RUST_UIO: uio_fopen called
RUST_UIO: uio_fopen path="/Users/runner/work/_temp/s4-command-evidence/bundle/run-0/payloads/native-window.acceptance/inputs/content/base/fonts/micro.fon/00042.png" mode=rb
RUST_UIO: uio_fopen returning stream=0x600002d15d40
RUST_UIO: uio_fread requested=8 read=8
RUST_UIO: uio_fread requested=8 read=8
RUST_UIO: uio_fread requested=13 read=13
RUST_UIO: uio_fread requested=4 read=4
RUST_UIO: uio_fread requested=8 read=8
RUST_UIO: uio_fread requested=63 read=63
RUST_UIO: uio_fread requested=4 read=4
RUST_UIO: uio_fread requested=8 read=8
RUST_UIO: uio_fread requested=14 read=14
RUST_UIO: uio_fread requested=4 read=4
RUST_UIO: uio_fread requested=8 read=8
RUST_UIO: uio_fread requested=18 read=18
RUST_UIO: uio_fread requested=4 read=4
RUST_UIO: uio_fread requested=8 read=8
RUST_UIO: uio_fread requested=40 read=40
RUST_UIO: uio_fread requested=4 read=4
RUST_UIO: uio_fclose called
RUST_UIO: uio_fopen entry
RUST_UIO: uio_fopen called
RUST_UIO: uio_fopen path="/Users/runner/work/_temp/s4-command-evidence/bundle/run-0/payloads/native-window.acceptance/inputs/content/base/fonts/micro.fon/02641.png" mode=rb
RUST_UIO: uio_fopen returning stream=0x600002d15d40
RUST_UIO: uio_fread requested=8 read=8
RUST_UIO: uio_fread requested=8 read=8
RUST_UIO: uio_fread requested=13 read=13
RUST_UIO: uio_fread requested=4 read=4
RUST_UIO: uio_fread requested=8 read=8
RUST_UIO: uio_fread requested=46 read=46
RUST_UIO: uio_fread requested=4 read=4
RUST_UIO: uio_fclose called
RUST_UIO: uio_fopen entry
RUST_UIO: uio_fopen called
RUST_UIO: uio_fopen path="/Users/runner/work/_temp/s4-command-evidence/bundle/run-0/payloads/native-window.acceptance/inputs/content/base/fonts/micro.fon/00056.png" mode=rb
RUST_UIO: uio_fopen returning stream=0x600002d15d40
RUST_UIO: uio_fread requested=8 read=8
RUST_UIO: uio_fread requested=8 read=8
RUST_UIO: uio_fread requested=13 read=13
RUST_UIO: uio_fread requested=4 read=4
RUST_UIO: uio_fread requested=8 read=8
RUST_UIO: uio_fread requested=63 read=63
RUST_UIO: uio_fread requested=4 read=4
RUST_UIO: uio_fread requested=8 read=8
RUST_UIO: uio_fread requested=14 read=14
RUST_UIO: uio_fread requested=4 read=4
RUST_UIO: uio_fread requested=8 read=8
RUST_UIO: uio_fread requested=18 read=18
RUST_UIO: uio_fread requested=4 read=4
RUST_UIO: uio_fread requested=8 read=8
RUST_UIO: uio_fread requested=58 read=58
RUST_UIO: uio_fread requested=4 read=4
RUST_UIO: uio_fclose called
RUST_UIO: uio_fopen entry
RUST_UIO: uio_fopen called
RUST_UIO: uio_fopen path="/Users/runner/work/_temp/s4-command-evidence/bundle/run-0/payloads/native-window.acceptance/inputs/content/base/fonts/micro.fon/0004d.png" mode=rb
RUST_UIO: uio_fopen returning stream=0x600002d15d40
RUST_UIO: uio_fread requested=8 read=8
RUST_UIO: uio_fread requested=8 read=8
RUST_UIO: uio_fread requested=13 read=13
RUST_UIO: uio_fread requested=4 read=4
RUST_UIO: uio_fread requested=8 read=8
RUST_UIO: uio_fread requested=63 read=63
RUST_UIO: uio_fread requested=4 read=4
RUST_UIO: uio_fread requested=8 read=8
RUST_UIO: uio_fread requested=14 read=14
RUST_UIO: uio_fread requested=4 read=4
RUST_UIO: uio_fread requested=8 read=8
RUST_UIO: uio_fread requested=18 read=18
RUST_UIO: uio_fread requested=4 read=4
RUST_UIO: uio_fread requested=8 read=8
RUST_UIO: uio_fread requested=65 read=65
RUST_UIO: uio_fread requested=4 read=4
RUST_UIO: uio_fclose called
RUST_UIO: uio_fopen entry
RUST_UIO: uio_fopen called
RUST_UIO: uio_fopen path="/Users/runner/work/_temp/s4-command-evidence/bundle/run-0/payloads/native-window.acceptance/inputs/content/base/fonts/micro.fon/00031.png" mode=rb
RUST_UIO: uio_fopen returning stream=0x600002d15d40
RUST_UIO: uio_fread requested=8 read=8
RUST_UIO: uio_fread requested=8 read=8
RUST_UIO: uio_fread requested=13 read=13
RUST_UIO: uio_fread requested=4 read=4
RUST_UIO: uio_fread requested=8 read=8
RUST_UIO: uio_fread requested=63 read=63
RUST_UIO: uio_fread requested=4 read=4
RUST_UIO: uio_fread requested=8 read=8
RUST_UIO: uio_fread requested=14 read=14
RUST_UIO: uio_fread requested=4 read=4
RUST_UIO: uio_fread requested=8 read=8
RUST_UIO: uio_fread requested=18 read=18
RUST_UIO: uio_fread requested=4 read=4
RUST_UIO: uio_fread requested=8 read=8
RUST_UIO: uio_fread requested=39 read=39
RUST_UIO: uio_fread requested=4 read=4
RUST_UIO: uio_fclose called
RUST_UIO: uio_fopen entry
RUST_UIO: uio_fopen called
RUST_UIO: uio_fopen path="/Users/runner/work/_temp/s4-command-evidence/bundle/run-0/payloads/native-window.acceptance/inputs/content/base/fonts/micro.fon/00025.png" mode=rb
RUST_UIO: uio_fopen returning stream=0x600002d15d40
RUST_UIO: uio_fread requested=8 read=8
RUST_UIO: uio_fread requested=8 read=8
RUST_UIO: uio_fread requested=13 read=13
RUST_UIO: uio_fread requested=4 read=4
RUST_UIO: uio_fread requested=8 read=8
RUST_UIO: uio_fread requested=4 read=4
RUST_UIO: uio_fread requested=4 read=4
RUST_UIO: uio_fread requested=8 read=8
RUST_UIO: uio_fread requested=32 read=32
RUST_UIO: uio_fread requested=4 read=4
RUST_UIO: uio_fread requested=8 read=8
RUST_UIO: uio_fread requested=91 read=91
RUST_UIO: uio_fread requested=4 read=4
RUST_UIO: uio_fclose called
RUST_UIO: uio_fopen entry
RUST_UIO: uio_fopen called
RUST_UIO: uio_fopen path="/Users/runner/work/_temp/s4-command-evidence/bundle/run-0/payloads/native-window.acceptance/inputs/content/base/fonts/micro.fon/0002c.png" mode=rb
RUST_UIO: uio_fopen returning stream=0x600002d15d40
RUST_UIO: uio_fread requested=8 read=8
RUST_UIO: uio_fread requested=8 read=8
RUST_UIO: uio_fread requested=13 read=13
RUST_UIO: uio_fread requested=4 read=4
RUST_UIO: uio_fread requested=8 read=8
RUST_UIO: uio_fread requested=63 read=63
RUST_UIO: uio_fread requested=4 read=4
RUST_UIO: uio_fread requested=8 read=8
RUST_UIO: uio_fread requested=14 read=14
RUST_UIO: uio_fread requested=4 read=4
RUST_UIO: uio_fread requested=8 read=8
RUST_UIO: uio_fread requested=18 read=18
RUST_UIO: uio_fread requested=4 read=4
RUST_UIO: uio_fread requested=8 read=8
RUST_UIO: uio_fread requested=33 read=33
RUST_UIO: uio_fread requested=4 read=4
RUST_UIO: uio_fclose called
RUST_UIO: uio_fopen entry
RUST_UIO: uio_fopen called
RUST_UIO: uio_fopen path="/Users/runner/work/_temp/s4-command-evidence/bundle/run-0/payloads/native-window.acceptance/inputs/content/base/fonts/micro.fon/0002b.png" mode=rb
RUST_UIO: uio_fopen returning stream=0x600002d15d40
RUST_UIO: uio_fread requested=8 read=8
RUST_UIO: uio_fread requested=8 read=8
RUST_UIO: uio_fread requested=13 read=13
RUST_UIO: uio_fread requested=4 read=4
RUST_UIO: uio_fread requested=8 read=8
RUST_UIO: uio_fread requested=63 read=63
RUST_UIO: uio_fread requested=4 read=4
RUST_UIO: uio_fread requested=8 read=8
RUST_UIO: uio_fread requested=14 read=14
RUST_UIO: uio_fread requested=4 read=4
RUST_UIO: uio_fread requested=8 read=8
RUST_UIO: uio_fread requested=18 read=18
RUST_UIO: uio_fread requested=4 read=4
RUST_UIO: uio_fread requested=8 read=8
RUST_UIO: uio_fread requested=27 read=27
RUST_UIO: uio_fread requested=4 read=4
RUST_UIO: uio_fclose called
RUST_UIO: uio_fopen entry
RUST_UIO: uio_fopen called
RUST_UIO: uio_fopen path="/Users/runner/work/_temp/s4-command-evidence/bundle/run-0/payloads/native-window.acceptance/inputs/content/base/fonts/micro.fon/0003f.png" mode=rb
RUST_UIO: uio_fopen returning stream=0x600002d15d40
RUST_UIO: uio_fread requested=8 read=8
RUST_UIO: uio_fread requested=8 read=8
RUST_UIO: uio_fread requested=13 read=13
RUST_UIO: uio_fread requested=4 read=4
RUST_UIO: uio_fread requested=8 read=8
RUST_UIO: uio_fread requested=63 read=63
RUST_UIO: uio_fread requested=4 read=4
RUST_UIO: uio_fread requested=8 read=8
RUST_UIO: uio_fread requested=14 read=14
RUST_UIO: uio_fread requested=4 read=4
RUST_UIO: uio_fread requested=8 read=8
RUST_UIO: uio_fread requested=18 read=18
RUST_UIO: uio_fread requested=4 read=4
RUST_UIO: uio_fread requested=8 read=8
RUST_UIO: uio_fread requested=53 read=53
RUST_UIO: uio_fread requested=4 read=4
RUST_UIO: uio_fclose called
RUST_UIO: uio_fopen entry
RUST_UIO: uio_fopen called
RUST_UIO: uio_fopen path="/Users/runner/work/_temp/s4-command-evidence/bundle/run-0/payloads/native-window.acceptance/inputs/content/base/fonts/micro.fon/00024.png" mode=rb
RUST_UIO: uio_fopen returning stream=0x600002d15d40
RUST_UIO: uio_fread requested=8 read=8
RUST_UIO: uio_fread requested=8 read=8
RUST_UIO: uio_fread requested=13 read=13
RUST_UIO: uio_fread requested=4 read=4
RUST_UIO: uio_fread requested=8 read=8
RUST_UIO: uio_fread requested=4 read=4
RUST_UIO: uio_fread requested=4 read=4
RUST_UIO: uio_fread requested=8 read=8
RUST_UIO: uio_fread requested=32 read=32
RUST_UIO: uio_fread requested=4 read=4
RUST_UIO: uio_fread requested=8 read=8
RUST_UIO: uio_fread requested=98 read=98
RUST_UIO: uio_fread requested=4 read=4
RUST_UIO: uio_fclose called
RUST_UIO: uio_fopen entry
RUST_UIO: uio_fopen called
RUST_UIO: uio_fopen path="/Users/runner/work/_temp/s4-command-evidence/bundle/run-0/payloads/native-window.acceptance/inputs/content/base/fonts/micro.fon/00030.png" mode=rb
RUST_UIO: uio_fopen returning stream=0x600002d15d40
RUST_UIO: uio_fread requested=8 read=8
RUST_UIO: uio_fread requested=8 read=8
RUST_UIO: uio_fread requested=13 read=13
RUST_UIO: uio_fread requested=4 read=4
RUST_UIO: uio_fread requested=8 read=8
RUST_UIO: uio_fread requested=63 read=63
RUST_UIO: uio_fread requested=4 read=4
RUST_UIO: uio_fread requested=8 read=8
RUST_UIO: uio_fread requested=14 read=14
RUST_UIO: uio_fread requested=4 read=4
RUST_UIO: uio_fread requested=8 read=8
RUST_UIO: uio_fread requested=18 read=18
RUST_UIO: uio_fread requested=4 read=4
RUST_UIO: uio_fread requested=8 read=8
RUST_UIO: uio_fread requested=57 read=57
RUST_UIO: uio_fread requested=4 read=4
RUST_UIO: uio_fclose called
RUST_UIO: uio_fopen entry
RUST_UIO: uio_fopen called
RUST_UIO: uio_fopen path="/Users/runner/work/_temp/s4-command-evidence/bundle/run-0/payloads/native-window.acceptance/inputs/content/base/fonts/micro.fon/00026.png" mode=rb
RUST_UIO: uio_fopen returning stream=0x600002d15d40
RUST_UIO: uio_fread requested=8 read=8
RUST_UIO: uio_fread requested=8 read=8
RUST_UIO: uio_fread requested=13 read=13
RUST_UIO: uio_fread requested=4 read=4
RUST_UIO: uio_fread requested=8 read=8
RUST_UIO: uio_fread requested=4 read=4
RUST_UIO: uio_fread requested=4 read=4
RUST_UIO: uio_fread requested=8 read=8
RUST_UIO: uio_fread requested=32 read=32
RUST_UIO: uio_fread requested=4 read=4
RUST_UIO: uio_fread requested=8 read=8
RUST_UIO: uio_fread requested=93 read=93
RUST_UIO: uio_fread requested=4 read=4
RUST_UIO: uio_fclose called
RUST_UIO: uio_fopen entry
RUST_UIO: uio_fopen called
RUST_UIO: uio_fopen path="/Users/runner/work/_temp/s4-command-evidence/bundle/run-0/payloads/native-window.acceptance/inputs/content/base/fonts/micro.fon/00032.png" mode=rb
RUST_UIO: uio_fopen returning stream=0x600002d15d40
RUST_UIO: uio_fread requested=8 read=8
RUST_UIO: uio_fread requested=8 read=8
RUST_UIO: uio_fread requested=13 read=13
RUST_UIO: uio_fread requested=4 read=4
RUST_UIO: uio_fread requested=8 read=8
RUST_UIO: uio_fread requested=63 read=63
RUST_UIO: uio_fread requested=4 read=4
RUST_UIO: uio_fread requested=8 read=8
RUST_UIO: uio_fread requested=14 read=14
RUST_UIO: uio_fread requested=4 read=4
RUST_UIO: uio_fread requested=8 read=8
RUST_UIO: uio_fread requested=18 read=18
RUST_UIO: uio_fread requested=4 read=4
RUST_UIO: uio_fread requested=8 read=8
RUST_UIO: uio_fread requested=54 read=54
RUST_UIO: uio_fread requested=4 read=4
RUST_UIO: uio_fclose called
RUST_UIO: uio_fopen entry
RUST_UIO: uio_fopen called
RUST_UIO: uio_fopen path="/Users/runner/work/_temp/s4-command-evidence/bundle/run-0/payloads/native-window.acceptance/inputs/content/base/fonts/micro.fon/0003d.png" mode=rb
RUST_UIO: uio_fopen returning stream=0x600002d15d40
RUST_UIO: uio_fread requested=8 read=8
RUST_UIO: uio_fread requested=8 read=8
RUST_UIO: uio_fread requested=13 read=13
RUST_UIO: uio_fread requested=4 read=4
RUST_UIO: uio_fread requested=8 read=8
RUST_UIO: uio_fread requested=63 read=63
RUST_UIO: uio_fread requested=4 read=4
RUST_UIO: uio_fread requested=8 read=8
RUST_UIO: uio_fread requested=14 read=14
RUST_UIO: uio_fread requested=4 read=4
RUST_UIO: uio_fread requested=8 read=8
RUST_UIO: uio_fread requested=18 read=18
RUST_UIO: uio_fread requested=4 read=4
RUST_UIO: uio_fread requested=8 read=8
RUST_UIO: uio_fread requested=22 read=22
RUST_UIO: uio_fread requested=4 read=4
RUST_UIO: uio_fclose called
RUST_UIO: uio_fopen entry
RUST_UIO: uio_fopen called
RUST_UIO: uio_fopen path="/Users/runner/work/_temp/s4-command-evidence/bundle/run-0/payloads/native-window.acceptance/inputs/content/base/fonts/micro.fon/0003e.png" mode=rb
RUST_UIO: uio_fopen returning stream=0x600002d15d40
RUST_UIO: uio_fread requested=8 read=8
RUST_UIO: uio_fread requested=8 read=8
RUST_UIO: uio_fread requested=13 read=13
RUST_UIO: uio_fread requested=4 read=4
RUST_UIO: uio_fread requested=8 read=8
RUST_UIO: uio_fread requested=63 read=63
RUST_UIO: uio_fread requested=4 read=4
RUST_UIO: uio_fread requested=8 read=8
RUST_UIO: uio_fread requested=14 read=14
RUST_UIO: uio_fread requested=4 read=4
RUST_UIO: uio_fread requested=8 read=8
RUST_UIO: uio_fread requested=18 read=18
RUST_UIO: uio_fread requested=4 read=4
RUST_UIO: uio_fread requested=8 read=8
RUST_UIO: uio_fread requested=26 read=26
RUST_UIO: uio_fread requested=4 read=4
RUST_UIO: uio_fclose called
RUST_UIO: uio_fopen entry
RUST_UIO: uio_fopen called
RUST_UIO: uio_fopen path="/Users/runner/work/_temp/s4-command-evidence/bundle/run-0/payloads/native-window.acceptance/inputs/content/base/fonts/micro.fon/0002a.png" mode=rb
RUST_UIO: uio_fopen returning stream=0x600002d15d40
RUST_UIO: uio_fread requested=8 read=8
RUST_UIO: uio_fread requested=8 read=8
RUST_UIO: uio_fread requested=13 read=13
RUST_UIO: uio_fread requested=4 read=4
RUST_UIO: uio_fread requested=8 read=8
RUST_UIO: uio_fread requested=63 read=63
RUST_UIO: uio_fread requested=4 read=4
RUST_UIO: uio_fread requested=8 read=8
RUST_UIO: uio_fread requested=14 read=14
RUST_UIO: uio_fread requested=4 read=4
RUST_UIO: uio_fread requested=8 read=8
RUST_UIO: uio_fread requested=18 read=18
RUST_UIO: uio_fread requested=4 read=4
RUST_UIO: uio_fread requested=8 read=8
RUST_UIO: uio_fread requested=45 read=45
RUST_UIO: uio_fread requested=4 read=4
RUST_UIO: uio_fclose called
RUST_UIO: uio_fopen entry
RUST_UIO: uio_fopen called
RUST_UIO: uio_fopen path="/Users/runner/work/_temp/s4-command-evidence/bundle/run-0/payloads/native-window.acceptance/inputs/content/base/fonts/micro.fon/00033.png" mode=rb
RUST_UIO: uio_fopen returning stream=0x600002d15d40
RUST_UIO: uio_fread requested=8 read=8
RUST_UIO: uio_fread requested=8 read=8
RUST_UIO: uio_fread requested=13 read=13
RUST_UIO: uio_fread requested=4 read=4
RUST_UIO: uio_fread requested=8 read=8
RUST_UIO: uio_fread requested=63 read=63
RUST_UIO: uio_fread requested=4 read=4
RUST_UIO: uio_fread requested=8 read=8
RUST_UIO: uio_fread requested=14 read=14
RUST_UIO: uio_fread requested=4 read=4
RUST_UIO: uio_fread requested=8 read=8
RUST_UIO: uio_fread requested=18 read=18
RUST_UIO: uio_fread requested=4 read=4
RUST_UIO: uio_fread requested=8 read=8
RUST_UIO: uio_fread requested=56 read=56
RUST_UIO: uio_fread requested=4 read=4
RUST_UIO: uio_fclose called
RUST_UIO: uio_fopen entry
RUST_UIO: uio_fopen called
RUST_UIO: uio_fopen path="/Users/runner/work/_temp/s4-command-evidence/bundle/run-0/payloads/native-window.acceptance/inputs/content/base/fonts/micro.fon/00027.png" mode=rb
RUST_UIO: uio_fopen returning stream=0x600002d15d40
RUST_UIO: uio_fread requested=8 read=8
RUST_UIO: uio_fread requested=8 read=8
RUST_UIO: uio_fread requested=13 read=13
RUST_UIO: uio_fread requested=4 read=4
RUST_UIO: uio_fread requested=8 read=8
RUST_UIO: uio_fread requested=63 read=63
RUST_UIO: uio_fread requested=4 read=4
RUST_UIO: uio_fread requested=8 read=8
RUST_UIO: uio_fread requested=14 read=14
RUST_UIO: uio_fread requested=4 read=4
RUST_UIO: uio_fread requested=8 read=8
RUST_UIO: uio_fread requested=18 read=18
RUST_UIO: uio_fread requested=4 read=4
RUST_UIO: uio_fread requested=8 read=8
RUST_UIO: uio_fread requested=35 read=35
RUST_UIO: uio_fread requested=4 read=4
RUST_UIO: uio_fclose called
RUST_UIO: uio_fopen entry
RUST_UIO: uio_fopen called
RUST_UIO: uio_fopen path="/Users/runner/work/_temp/s4-command-evidence/bundle/run-0/payloads/native-window.acceptance/inputs/content/base/fonts/micro.fon/0002e.png" mode=rb
RUST_UIO: uio_fopen returning stream=0x600002d15d40
RUST_UIO: uio_fread requested=8 read=8
RUST_UIO: uio_fread requested=8 read=8
RUST_UIO: uio_fread requested=13 read=13
RUST_UIO: uio_fread requested=4 read=4
RUST_UIO: uio_fread requested=8 read=8
RUST_UIO: uio_fread requested=63 read=63
RUST_UIO: uio_fread requested=4 read=4
RUST_UIO: uio_fread requested=8 read=8
RUST_UIO: uio_fread requested=14 read=14
RUST_UIO: uio_fread requested=4 read=4
RUST_UIO: uio_fread requested=8 read=8
RUST_UIO: uio_fread requested=18 read=18
RUST_UIO: uio_fread requested=4 read=4
RUST_UIO: uio_fread requested=8 read=8
RUST_UIO: uio_fread requested=18 read=18
RUST_UIO: uio_fread requested=4 read=4
RUST_UIO: uio_fclose called
RUST_UIO: uio_fopen entry
RUST_UIO: uio_fopen called
RUST_UIO: uio_fopen path="/Users/runner/work/_temp/s4-command-evidence/bundle/run-0/payloads/native-window.acceptance/inputs/content/base/fonts/micro.fon/0003a.png" mode=rb
RUST_UIO: uio_fopen returning stream=0x600002d15d40
RUST_UIO: uio_fread requested=8 read=8
RUST_UIO: uio_fread requested=8 read=8
RUST_UIO: uio_fread requested=13 read=13
RUST_UIO: uio_fread requested=4 read=4
RUST_UIO: uio_fread requested=8 read=8
RUST_UIO: uio_fread requested=63 read=63
RUST_UIO: uio_fread requested=4 read=4
RUST_UIO: uio_fread requested=8 read=8
RUST_UIO: uio_fread requested=14 read=14
RUST_UIO: uio_fread requested=4 read=4
RUST_UIO: uio_fread requested=8 read=8
RUST_UIO: uio_fread requested=18 read=18
RUST_UIO: uio_fread requested=4 read=4
RUST_UIO: uio_fread requested=8 read=8
RUST_UIO: uio_fread requested=21 read=21
RUST_UIO: uio_fread requested=4 read=4
RUST_UIO: uio_fclose called
RUST_UIO: uio_fopen entry
RUST_UIO: uio_fopen called
RUST_UIO: uio_fopen path="/Users/runner/work/_temp/s4-command-evidence/bundle/run-0/payloads/native-window.acceptance/inputs/content/base/fonts/micro.fon/00023.png" mode=rb
RUST_UIO: uio_fopen returning stream=0x600002d15d40
RUST_UIO: uio_fread requested=8 read=8
RUST_UIO: uio_fread requested=8 read=8
RUST_UIO: uio_fread requested=13 read=13
RUST_UIO: uio_fread requested=4 read=4
RUST_UIO: uio_fread requested=8 read=8
RUST_UIO: uio_fread requested=63 read=63
RUST_UIO: uio_fread requested=4 read=4
RUST_UIO: uio_fread requested=8 read=8
RUST_UIO: uio_fread requested=14 read=14
RUST_UIO: uio_fread requested=4 read=4
RUST_UIO: uio_fread requested=8 read=8
RUST_UIO: uio_fread requested=18 read=18
RUST_UIO: uio_fread requested=4 read=4
RUST_UIO: uio_fread requested=8 read=8
RUST_UIO: uio_fread requested=28 read=28
RUST_UIO: uio_fread requested=4 read=4
RUST_UIO: uio_fclose called
RUST_UIO: uio_fopen entry
RUST_UIO: uio_fopen called
RUST_UIO: uio_fopen path="/Users/runner/work/_temp/s4-command-evidence/bundle/run-0/payloads/native-window.acceptance/inputs/content/base/fonts/micro.fon/00037.png" mode=rb
RUST_UIO: uio_fopen returning stream=0x600002d15d40
RUST_UIO: uio_fread requested=8 read=8
RUST_UIO: uio_fread requested=8 read=8
RUST_UIO: uio_fread requested=13 read=13
RUST_UIO: uio_fread requested=4 read=4
RUST_UIO: uio_fread requested=8 read=8
RUST_UIO: uio_fread requested=63 read=63
RUST_UIO: uio_fread requested=4 read=4
RUST_UIO: uio_fread requested=8 read=8
RUST_UIO: uio_fread requested=14 read=14
RUST_UIO: uio_fread requested=4 read=4
RUST_UIO: uio_fread requested=8 read=8
RUST_UIO: uio_fread requested=18 read=18
RUST_UIO: uio_fread requested=4 read=4
RUST_UIO: uio_fread requested=8 read=8
RUST_UIO: uio_fread requested=34 read=34
RUST_UIO: uio_fread requested=4 read=4
RUST_UIO: uio_fclose called
RUST_UIO: uio_fopen entry
RUST_UIO: uio_fopen called
RUST_UIO: uio_fopen path="/Users/runner/work/_temp/s4-command-evidence/bundle/run-0/payloads/native-window.acceptance/inputs/content/base/fonts/micro.fon/00036.png" mode=rb
RUST_UIO: uio_fopen returning stream=0x600002d15d40
RUST_UIO: uio_fread requested=8 read=8
RUST_UIO: uio_fread requested=8 read=8
RUST_UIO: uio_fread requested=13 read=13
RUST_UIO: uio_fread requested=4 read=4
RUST_UIO: uio_fread requested=8 read=8
RUST_UIO: uio_fread requested=63 read=63
RUST_UIO: uio_fread requested=4 read=4
RUST_UIO: uio_fread requested=8 read=8
RUST_UIO: uio_fread requested=14 read=14
RUST_UIO: uio_fread requested=4 read=4
RUST_UIO: uio_fread requested=8 read=8
RUST_UIO: uio_fread requested=18 read=18
RUST_UIO: uio_fread requested=4 read=4
RUST_UIO: uio_fread requested=8 read=8
RUST_UIO: uio_fread requested=55 read=55
RUST_UIO: uio_fread requested=4 read=4
RUST_UIO: uio_fclose called
RUST_UIO: uio_fopen entry
RUST_UIO: uio_fopen called
RUST_UIO: uio_fopen path="/Users/runner/work/_temp/s4-command-evidence/bundle/run-0/payloads/native-window.acceptance/inputs/content/base/fonts/micro.fon/00022.png" mode=rb
RUST_UIO: uio_fopen returning stream=0x600002d15d40
RUST_UIO: uio_fread requested=8 read=8
RUST_UIO: uio_fread requested=8 read=8
RUST_UIO: uio_fread requested=13 read=13
RUST_UIO: uio_fread requested=4 read=4
RUST_UIO: uio_fread requested=8 read=8
RUST_UIO: uio_fread requested=4 read=4
RUST_UIO: uio_fread requested=4 read=4
RUST_UIO: uio_fread requested=8 read=8
RUST_UIO: uio_fread requested=32 read=32
RUST_UIO: uio_fread requested=4 read=4
RUST_UIO: uio_fread requested=8 read=8
RUST_UIO: uio_fread requested=74 read=74
RUST_UIO: uio_fread requested=4 read=4
RUST_UIO: uio_fclose called
RUST_UIO: uio_fopen entry
RUST_UIO: uio_fopen called
RUST_UIO: uio_fopen path="/Users/runner/work/_temp/s4-command-evidence/bundle/run-0/payloads/native-window.acceptance/inputs/content/base/fonts/micro.fon/0002d.png" mode=rb
RUST_UIO: uio_fopen returning stream=0x600002d15d40
RUST_UIO: uio_fread requested=8 read=8
RUST_UIO: uio_fread requested=8 read=8
RUST_UIO: uio_fread requested=13 read=13
RUST_UIO: uio_fread requested=4 read=4
RUST_UIO: uio_fread requested=8 read=8
RUST_UIO: uio_fread requested=63 read=63
RUST_UIO: uio_fread requested=4 read=4
RUST_UIO: uio_fread requested=8 read=8
RUST_UIO: uio_fread requested=14 read=14
RUST_UIO: uio_fread requested=4 read=4
RUST_UIO: uio_fread requested=8 read=8
RUST_UIO: uio_fread requested=18 read=18
RUST_UIO: uio_fread requested=4 read=4
RUST_UIO: uio_fread requested=8 read=8
RUST_UIO: uio_fread requested=22 read=22
RUST_UIO: uio_fread requested=4 read=4
RUST_UIO: uio_fclose called
RUST_UIO: uio_fopen entry
RUST_UIO: uio_fopen called
RUST_UIO: uio_fopen path="/Users/runner/work/_temp/s4-command-evidence/bundle/run-0/payloads/native-window.acceptance/inputs/content/base/fonts/micro.fon/0003b.png" mode=rb
RUST_UIO: uio_fopen returning stream=0x600002d15d40
RUST_UIO: uio_fread requested=8 read=8
RUST_UIO: uio_fread requested=8 read=8
RUST_UIO: uio_fread requested=13 read=13
RUST_UIO: uio_fread requested=4 read=4
RUST_UIO: uio_fread requested=8 read=8
RUST_UIO: uio_fread requested=63 read=63
RUST_UIO: uio_fread requested=4 read=4
RUST_UIO: uio_fread requested=8 read=8
RUST_UIO: uio_fread requested=14 read=14
RUST_UIO: uio_fread requested=4 read=4
RUST_UIO: uio_fread requested=8 read=8
RUST_UIO: uio_fread requested=18 read=18
RUST_UIO: uio_fread requested=4 read=4
RUST_UIO: uio_fread requested=8 read=8
RUST_UIO: uio_fread requested=29 read=29
RUST_UIO: uio_fread requested=4 read=4
RUST_UIO: uio_fclose called
RUST_UIO: uio_fopen entry
RUST_UIO: uio_fopen called
RUST_UIO: uio_fopen path="/Users/runner/work/_temp/s4-command-evidence/bundle/run-0/payloads/native-window.acceptance/inputs/content/base/fonts/micro.fon/0002f.png" mode=rb
RUST_UIO: uio_fopen returning stream=0x600002d15d40
RUST_UIO: uio_fread requested=8 read=8
RUST_UIO: uio_fread requested=8 read=8
RUST_UIO: uio_fread requested=13 read=13
RUST_UIO: uio_fread requested=4 read=4
RUST_UIO: uio_fread requested=8 read=8
RUST_UIO: uio_fread requested=63 read=63
RUST_UIO: uio_fread requested=4 read=4
RUST_UIO: uio_fread requested=8 read=8
RUST_UIO: uio_fread requested=14 read=14
RUST_UIO: uio_fread requested=4 read=4
RUST_UIO: uio_fread requested=8 read=8
RUST_UIO: uio_fread requested=18 read=18
RUST_UIO: uio_fread requested=4 read=4
RUST_UIO: uio_fread requested=8 read=8
RUST_UIO: uio_fread requested=29 read=29
RUST_UIO: uio_fread requested=4 read=4
RUST_UIO: uio_fclose called
RUST_UIO: uio_fopen entry
RUST_UIO: uio_fopen called
RUST_UIO: uio_fopen path="/Users/runner/work/_temp/s4-command-evidence/bundle/run-0/payloads/native-window.acceptance/inputs/content/base/fonts/micro.fon/00034.png" mode=rb
RUST_UIO: uio_fopen returning stream=0x600002d15d40
RUST_UIO: uio_fread requested=8 read=8
RUST_UIO: uio_fread requested=8 read=8
RUST_UIO: uio_fread requested=13 read=13
RUST_UIO: uio_fread requested=4 read=4
RUST_UIO: uio_fread requested=8 read=8
RUST_UIO: uio_fread requested=63 read=63
RUST_UIO: uio_fread requested=4 read=4
RUST_UIO: uio_fread requested=8 read=8
RUST_UIO: uio_fread requested=14 read=14
RUST_UIO: uio_fread requested=4 read=4
RUST_UIO: uio_fread requested=8 read=8
RUST_UIO: uio_fread requested=18 read=18
RUST_UIO: uio_fread requested=4 read=4
RUST_UIO: uio_fread requested=8 read=8
RUST_UIO: uio_fread requested=50 read=50
RUST_UIO: uio_fread requested=4 read=4
RUST_UIO: uio_fclose called
RUST_UIO: uio_fopen entry
RUST_UIO: uio_fopen called
RUST_UIO: uio_fopen path="/Users/runner/work/_temp/s4-command-evidence/bundle/run-0/payloads/native-window.acceptance/inputs/content/base/fonts/micro.fon/00020.png" mode=rb
RUST_UIO: uio_fopen returning stream=0x600002d15d40
RUST_UIO: uio_fread requested=8 read=8
RUST_UIO: uio_fread requested=8 read=8
RUST_UIO: uio_fread requested=13 read=13
RUST_UIO: uio_fread requested=4 read=4
RUST_UIO: uio_fread requested=8 read=8
RUST_UIO: uio_fread requested=63 read=63
RUST_UIO: uio_fread requested=4 read=4
RUST_UIO: uio_fread requested=8 read=8
RUST_UIO: uio_fread requested=14 read=14
RUST_UIO: uio_fread requested=4 read=4
RUST_UIO: uio_fread requested=8 read=8
RUST_UIO: uio_fread requested=18 read=18
RUST_UIO: uio_fread requested=4 read=4
RUST_UIO: uio_fread requested=8 read=8
RUST_UIO: uio_fread requested=13 read=13
RUST_UIO: uio_fread requested=4 read=4
RUST_UIO: uio_fclose called
RUST_UIO: uio_fopen entry
RUST_UIO: uio_fopen called
RUST_UIO: uio_fopen path="/Users/runner/work/_temp/s4-command-evidence/bundle/run-0/payloads/native-window.acceptance/inputs/content/base/fonts/micro.fon/00021.png" mode=rb
RUST_UIO: uio_fopen returning stream=0x600002d15d40
RUST_UIO: uio_fread requested=8 read=8
RUST_UIO: uio_fread requested=8 read=8
RUST_UIO: uio_fread requested=13 read=13
RUST_UIO: uio_fread requested=4 read=4
RUST_UIO: uio_fread requested=8 read=8
RUST_UIO: uio_fread requested=63 read=63
RUST_UIO: uio_fread requested=4 read=4
RUST_UIO: uio_fread requested=8 read=8
RUST_UIO: uio_fread requested=14 read=14
RUST_UIO: uio_fread requested=4 read=4
RUST_UIO: uio_fread requested=8 read=8
RUST_UIO: uio_fread requested=18 read=18
RUST_UIO: uio_fread requested=4 read=4
RUST_UIO: uio_fread requested=8 read=8
RUST_UIO: uio_fread requested=30 read=30
RUST_UIO: uio_fread requested=4 read=4
RUST_UIO: uio_fclose called
RUST_UIO: uio_fopen entry
RUST_UIO: uio_fopen called
RUST_UIO: uio_fopen path="/Users/runner/work/_temp/s4-command-evidence/bundle/run-0/payloads/native-window.acceptance/inputs/content/base/fonts/micro.fon/00035.png" mode=rb
RUST_UIO: uio_fopen returning stream=0x600002d15d40
RUST_UIO: uio_fread requested=8 read=8
RUST_UIO: uio_fread requested=8 read=8
RUST_UIO: uio_fread requested=13 read=13
RUST_UIO: uio_fread requested=4 read=4
RUST_UIO: uio_fread requested=8 read=8
RUST_UIO: uio_fread requested=63 read=63
RUST_UIO: uio_fread requested=4 read=4
RUST_UIO: uio_fread requested=8 read=8
RUST_UIO: uio_fread requested=14 read=14
RUST_UIO: uio_fread requested=4 read=4
RUST_UIO: uio_fread requested=8 read=8
RUST_UIO: uio_fread requested=18 read=18
RUST_UIO: uio_fread requested=4 read=4
RUST_UIO: uio_fread requested=8 read=8
RUST_UIO: uio_fread requested=55 read=55
RUST_UIO: uio_fread requested=4 read=4
RUST_UIO: uio_fclose called
RUST_UIO: uio_fopen entry
RUST_UIO: uio_fopen called
RUST_UIO: uio_fopen path="/Users/runner/work/_temp/s4-command-evidence/bundle/run-0/payloads/native-window.acceptance/inputs/content/base/fonts/micro.fon/0003c.png" mode=rb
RUST_UIO: uio_fopen returning stream=0x600002d15d40
RUST_UIO: uio_fread requested=8 read=8
RUST_UIO: uio_fread requested=8 read=8
RUST_UIO: uio_fread requested=13 read=13
RUST_UIO: uio_fread requested=4 read=4
RUST_UIO: uio_fread requested=8 read=8
RUST_UIO: uio_fread requested=63 read=63
RUST_UIO: uio_fread requested=4 read=4
RUST_UIO: uio_fread requested=8 read=8
RUST_UIO: uio_fread requested=14 read=14
RUST_UIO: uio_fread requested=4 read=4
RUST_UIO: uio_fread requested=8 read=8
RUST_UIO: uio_fread requested=18 read=18
RUST_UIO: uio_fread requested=4 read=4
RUST_UIO: uio_fread requested=8 read=8
RUST_UIO: uio_fread requested=33 read=33
RUST_UIO: uio_fread requested=4 read=4
RUST_UIO: uio_fclose called
RUST_UIO: uio_fopen entry
RUST_UIO: uio_fopen called
RUST_UIO: uio_fopen path="/Users/runner/work/_temp/s4-command-evidence/bundle/run-0/payloads/native-window.acceptance/inputs/content/base/fonts/micro.fon/00038.png" mode=rb
RUST_UIO: uio_fopen returning stream=0x600002d15d40
RUST_UIO: uio_fread requested=8 read=8
RUST_UIO: uio_fread requested=8 read=8
RUST_UIO: uio_fread requested=13 read=13
RUST_UIO: uio_fread requested=4 read=4
RUST_UIO: uio_fread requested=8 read=8
RUST_UIO: uio_fread requested=63 read=63
RUST_UIO: uio_fread requested=4 read=4
RUST_UIO: uio_fread requested=8 read=8
RUST_UIO: uio_fread requested=14 read=14
RUST_UIO: uio_fread requested=4 read=4
RUST_UIO: uio_fread requested=8 read=8
RUST_UIO: uio_fread requested=18 read=18
RUST_UIO: uio_fread requested=4 read=4
RUST_UIO: uio_fread requested=8 read=8
RUST_UIO: uio_fread requested=45 read=45
RUST_UIO: uio_fread requested=4 read=4
RUST_UIO: uio_fclose called
RUST_UIO: uio_fopen entry
RUST_UIO: uio_fopen called
RUST_UIO: uio_fopen path="/Users/runner/work/_temp/s4-command-evidence/bundle/run-0/payloads/native-window.acceptance/inputs/content/base/fonts/micro.fon/00039.png" mode=rb
RUST_UIO: uio_fopen returning stream=0x600002d15d40
RUST_UIO: uio_fread requested=8 read=8
RUST_UIO: uio_fread requested=8 read=8
RUST_UIO: uio_fread requested=13 read=13
RUST_UIO: uio_fread requested=4 read=4
RUST_UIO: uio_fread requested=8 read=8
RUST_UIO: uio_fread requested=63 read=63
RUST_UIO: uio_fread requested=4 read=4
RUST_UIO: uio_fread requested=8 read=8
RUST_UIO: uio_fread requested=14 read=14
RUST_UIO: uio_fread requested=4 read=4
RUST_UIO: uio_fread requested=8 read=8
RUST_UIO: uio_fread requested=18 read=18
RUST_UIO: uio_fread requested=4 read=4
RUST_UIO: uio_fread requested=8 read=8
RUST_UIO: uio_fread requested=53 read=53
RUST_UIO: uio_fread requested=4 read=4
RUST_UIO: uio_fclose called
RUST_UIO: uio_fopen entry
RUST_UIO: uio_fopen called
RUST_UIO: uio_fopen path="/Users/runner/work/_temp/s4-command-evidence/bundle/run-0/payloads/native-window.acceptance/inputs/content/base/fonts/micro.fon/00029.png" mode=rb
RUST_UIO: uio_fopen returning stream=0x600002d15d40
RUST_UIO: uio_fread requested=8 read=8
RUST_UIO: uio_fread requested=8 read=8
RUST_UIO: uio_fread requested=13 read=13
RUST_UIO: uio_fread requested=4 read=4
RUST_UIO: uio_fread requested=8 read=8
RUST_UIO: uio_fread requested=63 read=63
RUST_UIO: uio_fread requested=4 read=4
RUST_UIO: uio_fread requested=8 read=8
RUST_UIO: uio_fread requested=14 read=14
RUST_UIO: uio_fread requested=4 read=4
RUST_UIO: uio_fread requested=8 read=8
RUST_UIO: uio_fread requested=18 read=18
RUST_UIO: uio_fread requested=4 read=4
RUST_UIO: uio_fread requested=8 read=8
RUST_UIO: uio_fread requested=35 read=35
RUST_UIO: uio_fread requested=4 read=4
RUST_UIO: uio_fclose called
RUST_UIO: uio_fopen entry
RUST_UIO: uio_fopen called
RUST_UIO: uio_fopen path="/Users/runner/work/_temp/s4-command-evidence/bundle/run-0/payloads/native-window.acceptance/inputs/content/base/fonts/micro.fon/00028.png" mode=rb
RUST_UIO: uio_fopen returning stream=0x600002d15d40
RUST_UIO: uio_fread requested=8 read=8
RUST_UIO: uio_fread requested=8 read=8
RUST_UIO: uio_fread requested=13 read=13
RUST_UIO: uio_fread requested=4 read=4
RUST_UIO: uio_fread requested=8 read=8
RUST_UIO: uio_fread requested=63 read=63
RUST_UIO: uio_fread requested=4 read=4
RUST_UIO: uio_fread requested=8 read=8
RUST_UIO: uio_fread requested=14 read=14
RUST_UIO: uio_fread requested=4 read=4
RUST_UIO: uio_fread requested=8 read=8
RUST_UIO: uio_fread requested=18 read=18
RUST_UIO: uio_fread requested=4 read=4
RUST_UIO: uio_fread requested=8 read=8
RUST_UIO: uio_fread requested=40 read=40
RUST_UIO: uio_fread requested=4 read=4
RUST_UIO: uio_fclose called
RUST_UIO: uio_fopen entry
RUST_UIO: uio_fopen called
RUST_UIO: uio_fopen path="/Users/runner/work/_temp/s4-command-evidence/bundle/run-0/payloads/native-window.acceptance/inputs/content/base/fonts/micro.fon/0221e.png" mode=rb
RUST_UIO: uio_fopen returning stream=0x600002d65600
RUST_UIO: uio_fread requested=8 read=8
RUST_UIO: uio_fread requested=8 read=8
RUST_UIO: uio_fread requested=13 read=13
RUST_UIO: uio_fread requested=4 read=4
RUST_UIO: uio_fread requested=8 read=8
RUST_UIO: uio_fread requested=4 read=4
RUST_UIO: uio_fread requested=4 read=4
RUST_UIO: uio_fread requested=8 read=8
RUST_UIO: uio_fread requested=32 read=32
RUST_UIO: uio_fread requested=4 read=4
RUST_UIO: uio_fread requested=8 read=8
RUST_UIO: uio_fread requested=105 read=105
RUST_UIO: uio_fread requested=4 read=4
RUST_UIO: uio_fclose called
RUST_UIO: uio_fopen entry
RUST_UIO: uio_fopen called
RUST_UIO: uio_fopen path="/Users/runner/work/_temp/s4-command-evidence/bundle/run-0/payloads/native-window.acceptance/inputs/content/base/fonts/micro.fon/00073.png" mode=rb
RUST_UIO: uio_fopen returning stream=0x600002d0bc40
RUST_UIO: uio_fread requested=8 read=8
RUST_UIO: uio_fread requested=8 read=8
RUST_UIO: uio_fread requested=13 read=13
RUST_UIO: uio_fread requested=4 read=4
RUST_UIO: uio_fread requested=8 read=8
RUST_UIO: uio_fread requested=63 read=63
RUST_UIO: uio_fread requested=4 read=4
RUST_UIO: uio_fread requested=8 read=8
RUST_UIO: uio_fread requested=14 read=14
RUST_UIO: uio_fread requested=4 read=4
RUST_UIO: uio_fread requested=8 read=8
RUST_UIO: uio_fread requested=18 read=18
RUST_UIO: uio_fread requested=4 read=4
RUST_UIO: uio_fread requested=8 read=8
RUST_UIO: uio_fread requested=44 read=44
RUST_UIO: uio_fread requested=4 read=4
RUST_UIO: uio_fclose called
RUST_UIO: uio_fopen entry
RUST_UIO: uio_fopen called
RUST_UIO: uio_fopen path="/Users/runner/work/_temp/s4-command-evidence/bundle/run-0/payloads/native-window.acceptance/inputs/content/base/fonts/micro.fon/00067.png" mode=rb
RUST_UIO: uio_fopen returning stream=0x600002d0bc40
RUST_UIO: uio_fread requested=8 read=8
RUST_UIO: uio_fread requested=8 read=8
RUST_UIO: uio_fread requested=13 read=13
RUST_UIO: uio_fread requested=4 read=4
RUST_UIO: uio_fread requested=8 read=8
RUST_UIO: uio_fread requested=63 read=63
RUST_UIO: uio_fread requested=4 read=4
RUST_UIO: uio_fread requested=8 read=8
RUST_UIO: uio_fread requested=14 read=14
RUST_UIO: uio_fread requested=4 read=4
RUST_UIO: uio_fread requested=8 read=8
RUST_UIO: uio_fread requested=18 read=18
RUST_UIO: uio_fread requested=4 read=4
RUST_UIO: uio_fread requested=8 read=8
RUST_UIO: uio_fread requested=49 read=49
RUST_UIO: uio_fread requested=4 read=4
RUST_UIO: uio_fclose called
RUST_UIO: uio_fopen entry
RUST_UIO: uio_fopen called
RUST_UIO: uio_fopen path="/Users/runner/work/_temp/s4-command-evidence/bundle/run-0/payloads/native-window.acceptance/inputs/content/base/fonts/micro.fon/0007e.png" mode=rb
RUST_UIO: uio_fopen returning stream=0x600002d0bc40
RUST_UIO: uio_fread requested=8 read=8
RUST_UIO: uio_fread requested=8 read=8
RUST_UIO: uio_fread requested=13 read=13
RUST_UIO: uio_fread requested=4 read=4
RUST_UIO: uio_fread requested=8 read=8
RUST_UIO: uio_fread requested=4 read=4
RUST_UIO: uio_fread requested=4 read=4
RUST_UIO: uio_fread requested=8 read=8
RUST_UIO: uio_fread requested=32 read=32
RUST_UIO: uio_fread requested=4 read=4
RUST_UIO: uio_fread requested=8 read=8
RUST_UIO: uio_fread requested=84 read=84
RUST_UIO: uio_fread requested=4 read=4
RUST_UIO: uio_fclose called
RUST_UIO: uio_fopen entry
RUST_UIO: uio_fopen called
RUST_UIO: uio_fopen path="/Users/runner/work/_temp/s4-command-evidence/bundle/run-0/payloads/native-window.acceptance/inputs/content/base/fonts/micro.fon/0006a.png" mode=rb
RUST_UIO: uio_fopen returning stream=0x600002d0bc40
RUST_UIO: uio_fread requested=8 read=8
RUST_UIO: uio_fread requested=8 read=8
RUST_UIO: uio_fread requested=13 read=13
RUST_UIO: uio_fread requested=4 read=4
RUST_UIO: uio_fread requested=8 read=8
RUST_UIO: uio_fread requested=4 read=4
RUST_UIO: uio_fread requested=4 read=4
RUST_UIO: uio_fread requested=8 read=8
RUST_UIO: uio_fread requested=32 read=32
RUST_UIO: uio_fread requested=4 read=4
RUST_UIO: uio_fread requested=8 read=8
RUST_UIO: uio_fread requested=82 read=82
RUST_UIO: uio_fread requested=4 read=4
RUST_UIO: uio_fclose called
RUST_UIO: uio_fopen entry
RUST_UIO: uio_fopen called
RUST_UIO: uio_fopen path="/Users/runner/work/_temp/s4-command-evidence/bundle/run-0/payloads/native-window.acceptance/inputs/content/base/fonts/micro.fon/0007d.png" mode=rb
RUST_UIO: uio_fopen returning stream=0x600002d0bc40
RUST_UIO: uio_fread requested=8 read=8
RUST_UIO: uio_fread requested=8 read=8
RUST_UIO: uio_fread requested=13 read=13
RUST_UIO: uio_fread requested=4 read=4
RUST_UIO: uio_fread requested=8 read=8
RUST_UIO: uio_fread requested=63 read=63
RUST_UIO: uio_fread requested=4 read=4
RUST_UIO: uio_fread requested=8 read=8
RUST_UIO: uio_fread requested=14 read=14
RUST_UIO: uio_fread requested=4 read=4
RUST_UIO: uio_fread requested=8 read=8
RUST_UIO: uio_fread requested=18 read=18
RUST_UIO: uio_fread requested=4 read=4
RUST_UIO: uio_fread requested=8 read=8
RUST_UIO: uio_fread requested=29 read=29
RUST_UIO: uio_fread requested=4 read=4
RUST_UIO: uio_fclose called
RUST_UIO: uio_fopen entry
RUST_UIO: uio_fopen called
RUST_UIO: uio_fopen path="/Users/runner/work/_temp/s4-command-evidence/bundle/run-0/payloads/native-window.acceptance/inputs/content/base/fonts/micro.fon/00066.png" mode=rb
RUST_UIO: uio_fopen returning stream=0x600002d0c480
RUST_UIO: uio_fread requested=8 read=8
RUST_UIO: uio_fread requested=8 read=8
RUST_UIO: uio_fread requested=13 read=13
RUST_UIO: uio_fread requested=4 read=4
RUST_UIO: uio_fread requested=8 read=8
RUST_UIO: uio_fread requested=63 read=63
RUST_UIO: uio_fread requested=4 read=4
RUST_UIO: uio_fread requested=8 read=8
RUST_UIO: uio_fread requested=14 read=14
RUST_UIO: uio_fread requested=4 read=4
RUST_UIO: uio_fread requested=8 read=8
RUST_UIO: uio_fread requested=18 read=18
RUST_UIO: uio_fread requested=4 read=4
RUST_UIO: uio_fread requested=8 read=8
RUST_UIO: uio_fread requested=41 read=41
RUST_UIO: uio_fread requested=4 read=4
RUST_UIO: uio_fclose called
RUST_UIO: uio_fopen entry
RUST_UIO: uio_fopen called
RUST_UIO: uio_fopen path="/Users/runner/work/_temp/s4-command-evidence/bundle/run-0/payloads/native-window.acceptance/inputs/content/base/fonts/micro.fon/00072.png" mode=rb
RUST_UIO: uio_fopen returning stream=0x600002d63ac0
RUST_UIO: uio_fread requested=8 read=8
RUST_UIO: uio_fread requested=8 read=8
RUST_UIO: uio_fread requested=13 read=13
RUST_UIO: uio_fread requested=4 read=4
RUST_UIO: uio_fread requested=8 read=8
RUST_UIO: uio_fread requested=63 read=63
RUST_UIO: uio_fread requested=4 read=4
RUST_UIO: uio_fread requested=8 read=8
RUST_UIO: uio_fread requested=14 read=14
RUST_UIO: uio_fread requested=4 read=4
RUST_UIO: uio_fread requested=8 read=8
RUST_UIO: uio_fread requested=18 read=18
RUST_UIO: uio_fread requested=4 read=4
RUST_UIO: uio_fread requested=8 read=8
RUST_UIO: uio_fread requested=47 read=47
RUST_UIO: uio_fread requested=4 read=4
RUST_UIO: uio_fclose called
RUST_UIO: uio_fopen entry
RUST_UIO: uio_fopen called
RUST_UIO: uio_fopen path="/Users/runner/work/_temp/s4-command-evidence/bundle/run-0/payloads/native-window.acceptance/inputs/content/base/fonts/micro.fon/00064.png" mode=rb
RUST_UIO: uio_fopen returning stream=0x600002d63ac0
RUST_UIO: uio_fread requested=8 read=8
RUST_UIO: uio_fread requested=8 read=8
RUST_UIO: uio_fread requested=13 read=13
RUST_UIO: uio_fread requested=4 read=4
RUST_UIO: uio_fread requested=8 read=8
RUST_UIO: uio_fread requested=63 read=63
RUST_UIO: uio_fread requested=4 read=4
RUST_UIO: uio_fread requested=8 read=8
RUST_UIO: uio_fread requested=14 read=14
RUST_UIO: uio_fread requested=4 read=4
RUST_UIO: uio_fread requested=8 read=8
RUST_UIO: uio_fread requested=18 read=18
RUST_UIO: uio_fread requested=4 read=4
RUST_UIO: uio_fread requested=8 read=8
RUST_UIO: uio_fread requested=44 read=44
RUST_UIO: uio_fread requested=4 read=4
RUST_UIO: uio_fclose called
RUST_UIO: uio_fopen entry
RUST_UIO: uio_fopen called
RUST_UIO: uio_fopen path="/Users/runner/work/_temp/s4-command-evidence/bundle/run-0/payloads/native-window.acceptance/inputs/content/base/fonts/micro.fon/00070.png" mode=rb
RUST_UIO: uio_fopen returning stream=0x600002d63ac0
RUST_UIO: uio_fread requested=8 read=8
RUST_UIO: uio_fread requested=8 read=8
RUST_UIO: uio_fread requested=13 read=13
RUST_UIO: uio_fread requested=4 read=4
RUST_UIO: uio_fread requested=8 read=8
RUST_UIO: uio_fread requested=63 read=63
RUST_UIO: uio_fread requested=4 read=4
RUST_UIO: uio_fread requested=8 read=8
RUST_UIO: uio_fread requested=14 read=14
RUST_UIO: uio_fread requested=4 read=4
RUST_UIO: uio_fread requested=8 read=8
RUST_UIO: uio_fread requested=18 read=18
RUST_UIO: uio_fread requested=4 read=4
RUST_UIO: uio_fread requested=8 read=8
RUST_UIO: uio_fread requested=49 read=49
RUST_UIO: uio_fread requested=4 read=4
RUST_UIO: uio_fclose called
RUST_UIO: uio_fopen entry
RUST_UIO: uio_fopen called
RUST_UIO: uio_fopen path="/Users/runner/work/_temp/s4-command-evidence/bundle/run-0/payloads/native-window.acceptance/inputs/content/base/fonts/micro.fon/0006b.png" mode=rb
RUST_UIO: uio_fopen returning stream=0x600002d63ac0
RUST_UIO: uio_fread requested=8 read=8
RUST_UIO: uio_fread requested=8 read=8
RUST_UIO: uio_fread requested=13 read=13
RUST_UIO: uio_fread requested=4 read=4
RUST_UIO: uio_fread requested=8 read=8
RUST_UIO: uio_fread requested=63 read=63
RUST_UIO: uio_fread requested=4 read=4
RUST_UIO: uio_fread requested=8 read=8
RUST_UIO: uio_fread requested=14 read=14
RUST_UIO: uio_fread requested=4 read=4
RUST_UIO: uio_fread requested=8 read=8
RUST_UIO: uio_fread requested=18 read=18
RUST_UIO: uio_fread requested=4 read=4
RUST_UIO: uio_fread requested=8 read=8
RUST_UIO: uio_fread requested=48 read=48
RUST_UIO: uio_fread requested=4 read=4
RUST_UIO: uio_fclose called
RUST_UIO: uio_fopen entry
RUST_UIO: uio_fopen called
RUST_UIO: uio_fopen path="/Users/runner/work/_temp/s4-command-evidence/bundle/run-0/payloads/native-window.acceptance/inputs/content/base/fonts/micro.fon/00058.png" mode=rb
RUST_UIO: uio_fopen returning stream=0x600002d63ac0
RUST_UIO: uio_fread requested=8 read=8
RUST_UIO: uio_fread requested=8 read=8
RUST_UIO: uio_fread requested=13 read=13
RUST_UIO: uio_fread requested=4 read=4
RUST_UIO: uio_fread requested=8 read=8
RUST_UIO: uio_fread requested=63 read=63
RUST_UIO: uio_fread requested=4 read=4
RUST_UIO: uio_fread requested=8 read=8
RUST_UIO: uio_fread requested=14 read=14
RUST_UIO: uio_fread requested=4 read=4
RUST_UIO: uio_fread requested=8 read=8
RUST_UIO: uio_fread requested=18 read=18
RUST_UIO: uio_fread requested=4 read=4
RUST_UIO: uio_fread requested=8 read=8
RUST_UIO: uio_fread requested=52 read=52
RUST_UIO: uio_fread requested=4 read=4
RUST_UIO: uio_fclose called
RUST_UIO: uio_fopen entry
RUST_UIO: uio_fopen called
RUST_UIO: uio_fopen path="/Users/runner/work/_temp/s4-command-evidence/bundle/run-0/payloads/native-window.acceptance/inputs/content/base/fonts/micro.fon/00059.png" mode=rb
RUST_UIO: uio_fopen returning stream=0x600002d63ac0
RUST_UIO: uio_fread requested=8 read=8
RUST_UIO: uio_fread requested=8 read=8
RUST_UIO: uio_fread requested=13 read=13
RUST_UIO: uio_fread requested=4 read=4
RUST_UIO: uio_fread requested=8 read=8
RUST_UIO: uio_fread requested=63 read=63
RUST_UIO: uio_fread requested=4 read=4
RUST_UIO: uio_fread requested=8 read=8
RUST_UIO: uio_fread requested=14 read=14
RUST_UIO: uio_fread requested=4 read=4
RUST_UIO: uio_fread requested=8 read=8
RUST_UIO: uio_fread requested=18 read=18
RUST_UIO: uio_fread requested=4 read=4
RUST_UIO: uio_fread requested=8 read=8
RUST_UIO: uio_fread requested=52 read=52
RUST_UIO: uio_fread requested=4 read=4
RUST_UIO: uio_fclose called
RUST_UIO: uio_fopen entry
RUST_UIO: uio_fopen called
RUST_UIO: uio_fopen path="/Users/runner/work/_temp/s4-command-evidence/bundle/run-0/payloads/native-window.acceptance/inputs/content/base/fonts/micro.fon/0006c.png" mode=rb
RUST_UIO: uio_fopen returning stream=0x600002d63ac0
RUST_UIO: uio_fread requested=8 read=8
RUST_UIO: uio_fread requested=8 read=8
RUST_UIO: uio_fread requested=13 read=13
RUST_UIO: uio_fread requested=4 read=4
RUST_UIO: uio_fread requested=8 read=8
RUST_UIO: uio_fread requested=63 read=63
RUST_UIO: uio_fread requested=4 read=4
RUST_UIO: uio_fread requested=8 read=8
RUST_UIO: uio_fread requested=14 read=14
RUST_UIO: uio_fread requested=4 read=4
RUST_UIO: uio_fread requested=8 read=8
RUST_UIO: uio_fread requested=18 read=18
RUST_UIO: uio_fread requested=4 read=4
RUST_UIO: uio_fread requested=8 read=8
RUST_UIO: uio_fread requested=28 read=28
RUST_UIO: uio_fread requested=4 read=4
RUST_UIO: uio_fclose called
RUST_UIO: uio_fopen entry
RUST_UIO: uio_fopen called
RUST_UIO: uio_fopen path="/Users/runner/work/_temp/s4-command-evidence/bundle/run-0/payloads/native-window.acceptance/inputs/content/base/fonts/micro.fon/00071.png" mode=rb
RUST_UIO: uio_fopen returning stream=0x600002d63ac0
RUST_UIO: uio_fread requested=8 read=8
RUST_UIO: uio_fread requested=8 read=8
RUST_UIO: uio_fread requested=13 read=13
RUST_UIO: uio_fread requested=4 read=4
RUST_UIO: uio_fread requested=8 read=8
RUST_UIO: uio_fread requested=63 read=63
RUST_UIO: uio_fread requested=4 read=4
RUST_UIO: uio_fread requested=8 read=8
RUST_UIO: uio_fread requested=14 read=14
RUST_UIO: uio_fread requested=4 read=4
RUST_UIO: uio_fread requested=8 read=8
RUST_UIO: uio_fread requested=18 read=18
RUST_UIO: uio_fread requested=4 read=4
RUST_UIO: uio_fread requested=8 read=8
RUST_UIO: uio_fread requested=43 read=43
RUST_UIO: uio_fread requested=4 read=4
RUST_UIO: uio_fclose called
RUST_UIO: uio_fopen entry
RUST_UIO: uio_fopen called
RUST_UIO: uio_fopen path="/Users/runner/work/_temp/s4-command-evidence/bundle/run-0/payloads/native-window.acceptance/inputs/content/base/fonts/micro.fon/00065.png" mode=rb
RUST_UIO: uio_fopen returning stream=0x600002d00040
RUST_UIO: uio_fread requested=8 read=8
RUST_UIO: uio_fread requested=8 read=8
RUST_UIO: uio_fread requested=13 read=13
RUST_UIO: uio_fread requested=4 read=4
RUST_UIO: uio_fread requested=8 read=8
RUST_UIO: uio_fread requested=63 read=63
RUST_UIO: uio_fread requested=4 read=4
RUST_UIO: uio_fread requested=8 read=8
RUST_UIO: uio_fread requested=14 read=14
RUST_UIO: uio_fread requested=4 read=4
RUST_UIO: uio_fread requested=8 read=8
RUST_UIO: uio_fread requested=18 read=18
RUST_UIO: uio_fread requested=4 read=4
RUST_UIO: uio_fread requested=8 read=8
RUST_UIO: uio_fread requested=49 read=49
RUST_UIO: uio_fread requested=4 read=4
RUST_UIO: uio_fclose called
RUST_UIO: uio_fopen entry
RUST_UIO: uio_fopen called
RUST_UIO: uio_fopen path="/Users/runner/work/_temp/s4-command-evidence/bundle/run-0/payloads/native-window.acceptance/inputs/content/base/fonts/micro.fon/00049.png" mode=rb
RUST_UIO: uio_fopen returning stream=0x600002d00040
RUST_UIO: uio_fread requested=8 read=8
RUST_UIO: uio_fread requested=8 read=8
RUST_UIO: uio_fread requested=13 read=13
RUST_UIO: uio_fread requested=4 read=4
RUST_UIO: uio_fread requested=8 read=8
RUST_UIO: uio_fread requested=63 read=63
RUST_UIO: uio_fread requested=4 read=4
RUST_UIO: uio_fread requested=8 read=8
RUST_UIO: uio_fread requested=14 read=14
RUST_UIO: uio_fread requested=4 read=4
RUST_UIO: uio_fread requested=8 read=8
RUST_UIO: uio_fread requested=18 read=18
RUST_UIO: uio_fread requested=4 read=4
RUST_UIO: uio_fread requested=8 read=8
RUST_UIO: uio_fread requested=28 read=28
RUST_UIO: uio_fread requested=4 read=4
RUST_UIO: uio_fclose called
RUST_UIO: uio_fopen entry
RUST_UIO: uio_fopen called
RUST_UIO: uio_fopen path="/Users/runner/work/_temp/s4-command-evidence/bundle/run-0/payloads/native-window.acceptance/inputs/content/base/fonts/micro.fon/0007c.png" mode=rb
RUST_UIO: uio_fopen returning stream=0x600002d00040
RUST_UIO: uio_fread requested=8 read=8
RUST_UIO: uio_fread requested=8 read=8
RUST_UIO: uio_fread requested=13 read=13
RUST_UIO: uio_fread requested=4 read=4
RUST_UIO: uio_fread requested=8 read=8
RUST_UIO: uio_fread requested=63 read=63
RUST_UIO: uio_fread requested=4 read=4
RUST_UIO: uio_fread requested=8 read=8
RUST_UIO: uio_fread requested=14 read=14
RUST_UIO: uio_fread requested=4 read=4
RUST_UIO: uio_fread requested=8 read=8
RUST_UIO: uio_fread requested=18 read=18
RUST_UIO: uio_fread requested=4 read=4
RUST_UIO: uio_fread requested=8 read=8
RUST_UIO: uio_fread requested=25 read=25
RUST_UIO: uio_fread requested=4 read=4
RUST_UIO: uio_fclose called
RUST_UIO: uio_fopen entry
RUST_UIO: uio_fopen called
RUST_UIO: uio_fopen path="/Users/runner/work/_temp/s4-command-evidence/bundle/run-0/payloads/native-window.acceptance/inputs/content/base/fonts/micro.fon/00061.png" mode=rb
RUST_UIO: uio_fopen returning stream=0x600002d00040
RUST_UIO: uio_fread requested=8 read=8
RUST_UIO: uio_fread requested=8 read=8
RUST_UIO: uio_fread requested=13 read=13
RUST_UIO: uio_fread requested=4 read=4
RUST_UIO: uio_fread requested=8 read=8
RUST_UIO: uio_fread requested=63 read=63
RUST_UIO: uio_fread requested=4 read=4
RUST_UIO: uio_fread requested=8 read=8
RUST_UIO: uio_fread requested=14 read=14
RUST_UIO: uio_fread requested=4 read=4
RUST_UIO: uio_fread requested=8 read=8
RUST_UIO: uio_fread requested=18 read=18
RUST_UIO: uio_fread requested=4 read=4
RUST_UIO: uio_fread requested=8 read=8
RUST_UIO: uio_fread requested=46 read=46
RUST_UIO: uio_fread requested=4 read=4
RUST_UIO: uio_fclose called
RUST_UIO: uio_fopen entry
RUST_UIO: uio_fopen called
RUST_UIO: uio_fopen path="/Users/runner/work/_temp/s4-command-evidence/bundle/run-0/payloads/native-window.acceptance/inputs/content/base/fonts/micro.fon/00075.png" mode=rb
RUST_UIO: uio_fopen returning stream=0x600002d00040
RUST_UIO: uio_fread requested=8 read=8
RUST_UIO: uio_fread requested=8 read=8
RUST_UIO: uio_fread requested=13 read=13
RUST_UIO: uio_fread requested=4 read=4
RUST_UIO: uio_fread requested=8 read=8
RUST_UIO: uio_fread requested=63 read=63
RUST_UIO: uio_fread requested=4 read=4
RUST_UIO: uio_fread requested=8 read=8
RUST_UIO: uio_fread requested=14 read=14
RUST_UIO: uio_fread requested=4 read=4
RUST_UIO: uio_fread requested=8 read=8
RUST_UIO: uio_fread requested=18 read=18
RUST_UIO: uio_fread requested=4 read=4
RUST_UIO: uio_fread requested=8 read=8
RUST_UIO: uio_fread requested=41 read=41
RUST_UIO: uio_fread requested=4 read=4
RUST_UIO: uio_fclose called
RUST_UIO: uio_fopen entry
RUST_UIO: uio_fopen called
RUST_UIO: uio_fopen path="/Users/runner/work/_temp/s4-command-evidence/bundle/run-0/payloads/native-window.acceptance/inputs/content/base/fonts/micro.fon/00074.png" mode=rb
RUST_UIO: uio_fopen returning stream=0x600002d0c480
RUST_UIO: uio_fread requested=8 read=8
RUST_UIO: uio_fread requested=8 read=8
RUST_UIO: uio_fread requested=13 read=13
RUST_UIO: uio_fread requested=4 read=4
RUST_UIO: uio_fread requested=8 read=8
RUST_UIO: uio_fread requested=63 read=63
RUST_UIO: uio_fread requested=4 read=4
RUST_UIO: uio_fread requested=8 read=8
RUST_UIO: uio_fread requested=14 read=14
RUST_UIO: uio_fread requested=4 read=4
RUST_UIO: uio_fread requested=8 read=8
RUST_UIO: uio_fread requested=18 read=18
RUST_UIO: uio_fread requested=4 read=4
RUST_UIO: uio_fread requested=8 read=8
RUST_UIO: uio_fread requested=29 read=29
RUST_UIO: uio_fread requested=4 read=4
RUST_UIO: uio_fclose called
RUST_UIO: uio_fopen entry
RUST_UIO: uio_fopen called
RUST_UIO: uio_fopen path="/Users/runner/work/_temp/s4-command-evidence/bundle/run-0/payloads/native-window.acceptance/inputs/content/base/fonts/micro.fon/00060.png" mode=rb
RUST_UIO: uio_fopen returning stream=0x600002d0c480
RUST_UIO: uio_fread requested=8 read=8
RUST_UIO: uio_fread requested=8 read=8
RUST_UIO: uio_fread requested=13 read=13
RUST_UIO: uio_fread requested=4 read=4
RUST_UIO: uio_fread requested=8 read=8
RUST_UIO: uio_fread requested=63 read=63
RUST_UIO: uio_fread requested=4 read=4
RUST_UIO: uio_fread requested=8 read=8
RUST_UIO: uio_fread requested=14 read=14
RUST_UIO: uio_fread requested=4 read=4
RUST_UIO: uio_fread requested=8 read=8
RUST_UIO: uio_fread requested=18 read=18
RUST_UIO: uio_fread requested=4 read=4
RUST_UIO: uio_fread requested=8 read=8
RUST_UIO: uio_fread requested=28 read=28
RUST_UIO: uio_fread requested=4 read=4
RUST_UIO: uio_fclose called
RUST_UIO: uio_fopen entry
RUST_UIO: uio_fopen called
RUST_UIO: uio_fopen path="/Users/runner/work/_temp/s4-command-evidence/bundle/run-0/payloads/native-window.acceptance/inputs/content/base/fonts/micro.fon/0007b.png" mode=rb
RUST_UIO: uio_fopen returning stream=0x600002d0c480
RUST_UIO: uio_fread requested=8 read=8
RUST_UIO: uio_fread requested=8 read=8
RUST_UIO: uio_fread requested=13 read=13
RUST_UIO: uio_fread requested=4 read=4
RUST_UIO: uio_fread requested=8 read=8
RUST_UIO: uio_fread requested=63 read=63
RUST_UIO: uio_fread requested=4 read=4
RUST_UIO: uio_fread requested=8 read=8
RUST_UIO: uio_fread requested=14 read=14
RUST_UIO: uio_fread requested=4 read=4
RUST_UIO: uio_fread requested=8 read=8
RUST_UIO: uio_fread requested=18 read=18
RUST_UIO: uio_fread requested=4 read=4
RUST_UIO: uio_fread requested=8 read=8
RUST_UIO: uio_fread requested=35 read=35
RUST_UIO: uio_fread requested=4 read=4
RUST_UIO: uio_fclose called
RUST_UIO: uio_fopen entry
RUST_UIO: uio_fopen called
RUST_UIO: uio_fopen path="/Users/runner/work/_temp/s4-command-evidence/bundle/run-0/payloads/native-window.acceptance/inputs/content/base/fonts/micro.fon/00048.png" mode=rb
RUST_UIO: uio_fopen returning stream=0x600002d0c480
RUST_UIO: uio_fread requested=8 read=8
RUST_UIO: uio_fread requested=8 read=8
RUST_UIO: uio_fread requested=13 read=13
RUST_UIO: uio_fread requested=4 read=4
RUST_UIO: uio_fread requested=8 read=8
RUST_UIO: uio_fread requested=63 read=63
RUST_UIO: uio_fread requested=4 read=4
RUST_UIO: uio_fread requested=8 read=8
RUST_UIO: uio_fread requested=14 read=14
RUST_UIO: uio_fread requested=4 read=4
RUST_UIO: uio_fread requested=8 read=8
RUST_UIO: uio_fread requested=18 read=18
RUST_UIO: uio_fread requested=4 read=4
RUST_UIO: uio_fread requested=8 read=8
RUST_UIO: uio_fread requested=46 read=46
RUST_UIO: uio_fread requested=4 read=4
RUST_UIO: uio_fclose called
RUST_UIO: uio_fopen entry
RUST_UIO: uio_fopen called
RUST_UIO: uio_fopen path="/Users/runner/work/_temp/s4-command-evidence/bundle/run-0/payloads/native-window.acceptance/inputs/content/base/fonts/micro.fon/0006f.png" mode=rb
RUST_UIO: uio_fopen returning stream=0x600002d0c480
RUST_UIO: uio_fread requested=8 read=8
RUST_UIO: uio_fread requested=8 read=8
RUST_UIO: uio_fread requested=13 read=13
RUST_UIO: uio_fread requested=4 read=4
RUST_UIO: uio_fread requested=8 read=8
RUST_UIO: uio_fread requested=63 read=63
RUST_UIO: uio_fread requested=4 read=4
RUST_UIO: uio_fread requested=8 read=8
RUST_UIO: uio_fread requested=14 read=14
RUST_UIO: uio_fread requested=4 read=4
RUST_UIO: uio_fread requested=8 read=8
RUST_UIO: uio_fread requested=18 read=18
RUST_UIO: uio_fread requested=4 read=4
RUST_UIO: uio_fread requested=8 read=8
RUST_UIO: uio_fread requested=47 read=47
RUST_UIO: uio_fread requested=4 read=4
RUST_UIO: uio_fclose called
RUST_UIO: uio_fopen entry
RUST_UIO: uio_fopen called
RUST_UIO: uio_fopen path="/Users/runner/work/_temp/s4-command-evidence/bundle/run-0/payloads/native-window.acceptance/inputs/content/base/fonts/micro.fon/0006d.png" mode=rb
RUST_UIO: uio_fopen returning stream=0x600002d0c480
RUST_UIO: uio_fread requested=8 read=8
RUST_UIO: uio_fread requested=8 read=8
RUST_UIO: uio_fread requested=13 read=13
RUST_UIO: uio_fread requested=4 read=4
RUST_UIO: uio_fread requested=8 read=8
RUST_UIO: uio_fread requested=63 read=63
RUST_UIO: uio_fread requested=4 read=4
RUST_UIO: uio_fread requested=8 read=8
RUST_UIO: uio_fread requested=14 read=14
RUST_UIO: uio_fread requested=4 read=4
RUST_UIO: uio_fread requested=8 read=8
RUST_UIO: uio_fread requested=18 read=18
RUST_UIO: uio_fread requested=4 read=4
RUST_UIO: uio_fread requested=8 read=8
RUST_UIO: uio_fread requested=47 read=47
RUST_UIO: uio_fread requested=4 read=4
RUST_UIO: uio_fclose called
RUST_UIO: uio_fopen entry
RUST_UIO: uio_fopen called
RUST_UIO: uio_fopen path="/Users/runner/work/_temp/s4-command-evidence/bundle/run-0/payloads/native-window.acceptance/inputs/content/base/fonts/micro.fon/00076.png" mode=rb
RUST_UIO: uio_fopen returning stream=0x600002d0c480
RUST_UIO: uio_fread requested=8 read=8
RUST_UIO: uio_fread requested=8 read=8
RUST_UIO: uio_fread requested=13 read=13
RUST_UIO: uio_fread requested=4 read=4
RUST_UIO: uio_fread requested=8 read=8
RUST_UIO: uio_fread requested=63 read=63
RUST_UIO: uio_fread requested=4 read=4
RUST_UIO: uio_fread requested=8 read=8
RUST_UIO: uio_fread requested=14 read=14
RUST_UIO: uio_fread requested=4 read=4
RUST_UIO: uio_fread requested=8 read=8
RUST_UIO: uio_fread requested=18 read=18
RUST_UIO: uio_fread requested=4 read=4
RUST_UIO: uio_fread requested=8 read=8
RUST_UIO: uio_fread requested=47 read=47
RUST_UIO: uio_fread requested=4 read=4
RUST_UIO: uio_fclose called
RUST_UIO: uio_fopen entry
RUST_UIO: uio_fopen called
RUST_UIO: uio_fopen path="/Users/runner/work/_temp/s4-command-evidence/bundle/run-0/payloads/native-window.acceptance/inputs/content/base/fonts/micro.fon/00062.png" mode=rb
RUST_UIO: uio_fopen returning stream=0x600002d0c480
RUST_UIO: uio_fread requested=8 read=8
RUST_UIO: uio_fread requested=8 read=8
RUST_UIO: uio_fread requested=13 read=13
RUST_UIO: uio_fread requested=4 read=4
RUST_UIO: uio_fread requested=8 read=8
RUST_UIO: uio_fread requested=63 read=63
RUST_UIO: uio_fread requested=4 read=4
RUST_UIO: uio_fread requested=8 read=8
RUST_UIO: uio_fread requested=14 read=14
RUST_UIO: uio_fread requested=4 read=4
RUST_UIO: uio_fread requested=8 read=8
RUST_UIO: uio_fread requested=18 read=18
RUST_UIO: uio_fread requested=4 read=4
RUST_UIO: uio_fread requested=8 read=8
RUST_UIO: uio_fread requested=44 read=44
RUST_UIO: uio_fread requested=4 read=4
RUST_UIO: uio_fclose called
RUST_UIO: uio_fopen entry
RUST_UIO: uio_fopen called
RUST_UIO: uio_fopen path="/Users/runner/work/_temp/s4-command-evidence/bundle/run-0/payloads/native-window.acceptance/inputs/content/base/fonts/micro.fon/00063.png" mode=rb
RUST_UIO: uio_fopen returning stream=0x600002d0c480
RUST_UIO: uio_fread requested=8 read=8
RUST_UIO: uio_fread requested=8 read=8
RUST_UIO: uio_fread requested=13 read=13
RUST_UIO: uio_fread requested=4 read=4
RUST_UIO: uio_fread requested=8 read=8
RUST_UIO: uio_fread requested=63 read=63
RUST_UIO: uio_fread requested=4 read=4
RUST_UIO: uio_fread requested=8 read=8
RUST_UIO: uio_fread requested=14 read=14
RUST_UIO: uio_fread requested=4 read=4
RUST_UIO: uio_fread requested=8 read=8
RUST_UIO: uio_fread requested=18 read=18
RUST_UIO: uio_fread requested=4 read=4
RUST_UIO: uio_fread requested=8 read=8
RUST_UIO: uio_fread requested=50 read=50
RUST_UIO: uio_fread requested=4 read=4
RUST_UIO: uio_fclose called
RUST_UIO: uio_fopen entry
RUST_UIO: uio_fopen called
RUST_UIO: uio_fopen path="/Users/runner/work/_temp/s4-command-evidence/bundle/run-0/payloads/native-window.acceptance/inputs/content/base/fonts/micro.fon/00077.png" mode=rb
RUST_UIO: uio_fopen returning stream=0x600002d0c480
RUST_UIO: uio_fread requested=8 read=8
RUST_UIO: uio_fread requested=8 read=8
RUST_UIO: uio_fread requested=13 read=13
RUST_UIO: uio_fread requested=4 read=4
RUST_UIO: uio_fread requested=8 read=8
RUST_UIO: uio_fread requested=63 read=63
RUST_UIO: uio_fread requested=4 read=4
RUST_UIO: uio_fread requested=8 read=8
RUST_UIO: uio_fread requested=14 read=14
RUST_UIO: uio_fread requested=4 read=4
RUST_UIO: uio_fread requested=8 read=8
RUST_UIO: uio_fread requested=18 read=18
RUST_UIO: uio_fread requested=4 read=4
RUST_UIO: uio_fread requested=8 read=8
RUST_UIO: uio_fread requested=49 read=49
RUST_UIO: uio_fread requested=4 read=4
RUST_UIO: uio_fclose called
RUST_UIO: uio_fopen entry
RUST_UIO: uio_fopen called
RUST_UIO: uio_fopen path="/Users/runner/work/_temp/s4-command-evidence/bundle/run-0/payloads/native-window.acceptance/inputs/content/base/fonts/micro.fon/0006e.png" mode=rb
RUST_UIO: uio_fopen returning stream=0x600002d0c480
RUST_UIO: uio_fread requested=8 read=8
RUST_UIO: uio_fread requested=8 read=8
RUST_UIO: uio_fread requested=13 read=13
RUST_UIO: uio_fread requested=4 read=4
RUST_UIO: uio_fread requested=8 read=8
RUST_UIO: uio_fread requested=63 read=63
RUST_UIO: uio_fread requested=4 read=4
RUST_UIO: uio_fread requested=8 read=8
RUST_UIO: uio_fread requested=14 read=14
RUST_UIO: uio_fread requested=4 read=4
RUST_UIO: uio_fread requested=8 read=8
RUST_UIO: uio_fread requested=18 read=18
RUST_UIO: uio_fread requested=4 read=4
RUST_UIO: uio_fread requested=8 read=8
RUST_UIO: uio_fread requested=42 read=42
RUST_UIO: uio_fread requested=4 read=4
RUST_UIO: uio_fclose called
RUST_UIO: uio_fopen entry
RUST_UIO: uio_fopen called
RUST_UIO: uio_fopen path="/Users/runner/work/_temp/s4-command-evidence/bundle/run-0/payloads/native-window.acceptance/inputs/content/base/fonts/micro.fon/0007a.png" mode=rb
RUST_UIO: uio_fopen returning stream=0x600002d0c480
RUST_UIO: uio_fread requested=8 read=8
RUST_UIO: uio_fread requested=8 read=8
RUST_UIO: uio_fread requested=13 read=13
RUST_UIO: uio_fread requested=4 read=4
RUST_UIO: uio_fread requested=8 read=8
RUST_UIO: uio_fread requested=63 read=63
RUST_UIO: uio_fread requested=4 read=4
RUST_UIO: uio_fread requested=8 read=8
RUST_UIO: uio_fread requested=14 read=14
RUST_UIO: uio_fread requested=4 read=4
RUST_UIO: uio_fread requested=8 read=8
RUST_UIO: uio_fread requested=18 read=18
RUST_UIO: uio_fread requested=4 read=4
RUST_UIO: uio_fread requested=8 read=8
RUST_UIO: uio_fread requested=32 read=32
RUST_UIO: uio_fread requested=4 read=4
RUST_UIO: uio_fclose called
RUST_UIO: uio_closeDir called
RUST_UIO: uio_fopen entry
RUST_UIO: uio_fopen called
RUST_UIO: uio_fopen path="/Users/runner/work/_temp/s4-command-evidence/bundle/run-0/payloads/native-window.acceptance/inputs/content/base/ui/menu.snd" mode=rb
RUST_UIO: uio_fopen returning stream=0x600002d0c440
RUST_UIO: uio_fread requested=56 read=56
RUST_UIO: uio_fclose called
RUST_UIO: uio_fopen entry
RUST_UIO: uio_fopen called
RUST_UIO: uio_fopen path="/Users/runner/work/_temp/s4-command-evidence/bundle/run-0/payloads/native-window.acceptance/inputs/content/base/ui/menusnd01.wav" mode=rb
RUST_UIO: uio_fopen returning stream=0x600002d0c440
RUST_UIO: uio_fread requested=2015 read=2015
RUST_UIO: uio_fclose called
RUST_UIO: uio_fopen entry
RUST_UIO: uio_fopen called
RUST_UIO: uio_fopen path="/Users/runner/work/_temp/s4-command-evidence/bundle/run-0/payloads/native-window.acceptance/inputs/content/base/ui/menusnd02.wav" mode=rb
RUST_UIO: uio_fopen returning stream=0x600002d00000
RUST_UIO: uio_fread requested=1999 read=1999
RUST_UIO: uio_fclose called
RUST_UIO: uio_fopen entry
RUST_UIO: uio_fopen called
RUST_UIO: uio_fopen path="/Users/runner/work/_temp/s4-command-evidence/bundle/run-0/payloads/native-window.acceptance/inputs/content/base/ui/menusnd03.wav" mode=rb
RUST_UIO: uio_fopen returning stream=0x600002d00000
RUST_UIO: uio_fread requested=1620 read=1620
RUST_UIO: uio_fclose called
RUST_UIO: uio_fopen entry
RUST_UIO: uio_fopen called
RUST_UIO: uio_fopen path="/Users/runner/work/_temp/s4-command-evidence/bundle/run-0/payloads/native-window.acceptance/inputs/content/base/ui/menusnd04.wav" mode=rb
RUST_UIO: uio_fopen returning stream=0x600002d00000
RUST_UIO: uio_fread requested=2443 read=2443
RUST_UIO: uio_fclose called
RUST_UIO: uio_stat called
RUST_UIO: uio_fopen entry
RUST_UIO: uio_fopen called
RUST_UIO: uio_fopen path="/Users/runner/work/_temp/s4-command-evidence/bundle/run-0/payloads/native-window.acceptance/inputs/content/base/battle/stars.ani" mode=rb
RUST_UIO: uio_fopen returning stream=0x600002d00040
RUST_UIO: uio_fread requested=4 read=4
RUST_UIO: uio_fopen entry
RUST_UIO: uio_fopen called
RUST_UIO: uio_fopen path="/Users/runner/work/_temp/s4-command-evidence/bundle/run-0/payloads/native-window.acceptance/inputs/content/base/battle/stars-000.png" mode=rb
RUST_UIO: uio_fopen returning stream=0x600002d000c0
RUST_UIO: uio_fread requested=8 read=8
RUST_UIO: uio_fread requested=8 read=8
RUST_UIO: uio_fread requested=13 read=13
RUST_UIO: uio_fread requested=4 read=4
RUST_UIO: uio_fread requested=8 read=8
RUST_UIO: uio_fread requested=3 read=3
RUST_UIO: uio_fread requested=4 read=4
RUST_UIO: uio_fread requested=8 read=8
RUST_UIO: uio_fread requested=768 read=768
RUST_UIO: uio_fread requested=4 read=4
RUST_UIO: uio_fread requested=8 read=8
RUST_UIO: uio_fread requested=1 read=1
RUST_UIO: uio_fread requested=4 read=4
RUST_UIO: uio_fread requested=8 read=8
RUST_UIO: uio_fread requested=29 read=29
RUST_UIO: uio_fread requested=4 read=4
RUST_UIO: uio_fclose called
RUST_UIO: uio_fopen entry
RUST_UIO: uio_fopen called
RUST_UIO: uio_fopen path="/Users/runner/work/_temp/s4-command-evidence/bundle/run-0/payloads/native-window.acceptance/inputs/content/base/battle/stars-001.png" mode=rb
RUST_UIO: uio_fopen returning stream=0x600002d000c0
RUST_UIO: uio_fread requested=8 read=8
RUST_UIO: uio_fread requested=8 read=8
RUST_UIO: uio_fread requested=13 read=13
RUST_UIO: uio_fread requested=4 read=4
RUST_UIO: uio_fread requested=8 read=8
RUST_UIO: uio_fread requested=3 read=3
RUST_UIO: uio_fread requested=4 read=4
RUST_UIO: uio_fread requested=8 read=8
RUST_UIO: uio_fread requested=768 read=768
RUST_UIO: uio_fread requested=4 read=4
RUST_UIO: uio_fread requested=8 read=8
RUST_UIO: uio_fread requested=1 read=1
RUST_UIO: uio_fread requested=4 read=4
RUST_UIO: uio_fread requested=8 read=8
RUST_UIO: uio_fread requested=51 read=51
RUST_UIO: uio_fread requested=4 read=4
RUST_UIO: uio_fclose called
RUST_UIO: uio_fopen entry
RUST_UIO: uio_fopen called
RUST_UIO: uio_fopen path="/Users/runner/work/_temp/s4-command-evidence/bundle/run-0/payloads/native-window.acceptance/inputs/content/base/battle/stars-002.png" mode=rb
RUST_UIO: uio_fopen returning stream=0x600002d000c0
RUST_UIO: uio_fread requested=8 read=8
RUST_UIO: uio_fread requested=8 read=8
RUST_UIO: uio_fread requested=13 read=13
RUST_UIO: uio_fread requested=4 read=4
RUST_UIO: uio_fread requested=8 read=8
RUST_UIO: uio_fread requested=768 read=768
RUST_UIO: uio_fread requested=4 read=4
RUST_UIO: uio_fread requested=8 read=8
RUST_UIO: uio_fread requested=1 read=1
RUST_UIO: uio_fread requested=4 read=4
RUST_UIO: uio_fread requested=8 read=8
RUST_UIO: uio_fread requested=10 read=10
RUST_UIO: uio_fread requested=4 read=4
RUST_UIO: uio_fclose called
RUST_UIO: uio_fclose called
RUST_UIO: uio_stat called
RUST_UIO: uio_fopen entry
RUST_UIO: uio_fopen called
RUST_UIO: uio_fopen path="/Users/runner/work/_temp/s4-command-evidence/bundle/run-0/payloads/native-window.acceptance/inputs/content/base/battle/boom-big.ani" mode=rb
RUST_UIO: uio_fopen returning stream=0x600002d00040
RUST_UIO: uio_fread requested=4 read=4
RUST_UIO: uio_fopen entry
RUST_UIO: uio_fopen called
RUST_UIO: uio_fopen path="/Users/runner/work/_temp/s4-command-evidence/bundle/run-0/payloads/native-window.acceptance/inputs/content/base/battle/boom-big-000.png" mode=rb
RUST_UIO: uio_fopen returning stream=0x600002d000c0
RUST_UIO: uio_fread requested=8 read=8
RUST_UIO: uio_fread requested=8 read=8
RUST_UIO: uio_fread requested=13 read=13
RUST_UIO: uio_fread requested=4 read=4
RUST_UIO: uio_fread requested=8 read=8
RUST_UIO: uio_fread requested=3 read=3
RUST_UIO: uio_fread requested=4 read=4
RUST_UIO: uio_fread requested=8 read=8
RUST_UIO: uio_fread requested=768 read=768
RUST_UIO: uio_fread requested=4 read=4
RUST_UIO: uio_fread requested=8 read=8
RUST_UIO: uio_fread requested=10 read=10
RUST_UIO: uio_fread requested=4 read=4
RUST_UIO: uio_fclose called
RUST_UIO: uio_fopen entry
RUST_UIO: uio_fopen called
RUST_UIO: uio_fopen path="/Users/runner/work/_temp/s4-command-evidence/bundle/run-0/payloads/native-window.acceptance/inputs/content/base/battle/boom-big-001.png" mode=rb
RUST_UIO: uio_fopen returning stream=0x600002d000c0
RUST_UIO: uio_fread requested=8 read=8
RUST_UIO: uio_fread requested=8 read=8
RUST_UIO: uio_fread requested=13 read=13
RUST_UIO: uio_fread requested=4 read=4
RUST_UIO: uio_fread requested=8 read=8
RUST_UIO: uio_fread requested=3 read=3
RUST_UIO: uio_fread requested=4 read=4
RUST_UIO: uio_fread requested=8 read=8
RUST_UIO: uio_fread requested=768 read=768
RUST_UIO: uio_fread requested=4 read=4
RUST_UIO: uio_fread requested=8 read=8
RUST_UIO: uio_fread requested=1 read=1
RUST_UIO: uio_fread requested=4 read=4
RUST_UIO: uio_fread requested=8 read=8
RUST_UIO: uio_fread requested=17 read=17
RUST_UIO: uio_fread requested=4 read=4
RUST_UIO: uio_fclose called
RUST_UIO: uio_fopen entry
RUST_UIO: uio_fopen called
RUST_UIO: uio_fopen path="/Users/runner/work/_temp/s4-command-evidence/bundle/run-0/payloads/native-window.acceptance/inputs/content/base/battle/boom-big-002.png" mode=rb
RUST_UIO: uio_fopen returning stream=0x600002d000c0
RUST_UIO: uio_fread requested=8 read=8
RUST_UIO: uio_fread requested=8 read=8
RUST_UIO: uio_fread requested=13 read=13
RUST_UIO: uio_fread requested=4 read=4
RUST_UIO: uio_fread requested=8 read=8
RUST_UIO: uio_fread requested=3 read=3
RUST_UIO: uio_fread requested=4 read=4
RUST_UIO: uio_fread requested=8 read=8
RUST_UIO: uio_fread requested=768 read=768
RUST_UIO: uio_fread requested=4 read=4
RUST_UIO: uio_fread requested=8 read=8
RUST_UIO: uio_fread requested=1 read=1
RUST_UIO: uio_fread requested=4 read=4
RUST_UIO: uio_fread requested=8 read=8
RUST_UIO: uio_fread requested=42 read=42
RUST_UIO: uio_fread requested=4 read=4
RUST_UIO: uio_fclose called
RUST_UIO: uio_fopen entry
RUST_UIO: uio_fopen called
RUST_UIO: uio_fopen path="/Users/runner/work/_temp/s4-command-evidence/bundle/run-0/payloads/native-window.acceptance/inputs/content/base/battle/boom-big-003.png" mode=rb
RUST_UIO: uio_fopen returning stream=0x600002d000c0
RUST_UIO: uio_fread requested=8 read=8
RUST_UIO: uio_fread requested=8 read=8
RUST_UIO: uio_fread requested=13 read=13
RUST_UIO: uio_fread requested=4 read=4
RUST_UIO: uio_fread requested=8 read=8
RUST_UIO: uio_fread requested=3 read=3
RUST_UIO: uio_fread requested=4 read=4
RUST_UIO: uio_fread requested=8 read=8
RUST_UIO: uio_fread requested=768 read=768
RUST_UIO: uio_fread requested=4 read=4
RUST_UIO: uio_fread requested=8 read=8
RUST_UIO: uio_fread requested=1 read=1
RUST_UIO: uio_fread requested=4 read=4
RUST_UIO: uio_fread requested=8 read=8
RUST_UIO: uio_fread requested=38 read=38
RUST_UIO: uio_fread requested=4 read=4
RUST_UIO: uio_fclose called
RUST_UIO: uio_fopen entry
RUST_UIO: uio_fopen called
RUST_UIO: uio_fopen path="/Users/runner/work/_temp/s4-command-evidence/bundle/run-0/payloads/native-window.acceptance/inputs/content/base/battle/boom-big-004.png" mode=rb
RUST_UIO: uio_fopen returning stream=0x600002d000c0
RUST_UIO: uio_fread requested=8 read=8
RUST_UIO: uio_fread requested=8 read=8
RUST_UIO: uio_fread requested=13 read=13
RUST_UIO: uio_fread requested=4 read=4
RUST_UIO: uio_fread requested=8 read=8
RUST_UIO: uio_fread requested=3 read=3
RUST_UIO: uio_fread requested=4 read=4
RUST_UIO: uio_fread requested=8 read=8
RUST_UIO: uio_fread requested=768 read=768
RUST_UIO: uio_fread requested=4 read=4
RUST_UIO: uio_fread requested=8 read=8
RUST_UIO: uio_fread requested=1 read=1
RUST_UIO: uio_fread requested=4 read=4
RUST_UIO: uio_fread requested=8 read=8
RUST_UIO: uio_fread requested=46 read=46
RUST_UIO: uio_fread requested=4 read=4
RUST_UIO: uio_fclose called
RUST_UIO: uio_fopen entry
RUST_UIO: uio_fopen called
RUST_UIO: uio_fopen path="/Users/runner/work/_temp/s4-command-evidence/bundle/run-0/payloads/native-window.acceptance/inputs/content/base/battle/boom-big-005.png" mode=rb
RUST_UIO: uio_fopen returning stream=0x600002d000c0
RUST_UIO: uio_fread requested=8 read=8
RUST_UIO: uio_fread requested=8 read=8
RUST_UIO: uio_fread requested=13 read=13
RUST_UIO: uio_fread requested=4 read=4
RUST_UIO: uio_fread requested=8 read=8
RUST_UIO: uio_fread requested=3 read=3
RUST_UIO: uio_fread requested=4 read=4
RUST_UIO: uio_fread requested=8 read=8
RUST_UIO: uio_fread requested=768 read=768
RUST_UIO: uio_fread requested=4 read=4
RUST_UIO: uio_fread requested=8 read=8
RUST_UIO: uio_fread requested=1 read=1
RUST_UIO: uio_fread requested=4 read=4
RUST_UIO: uio_fread requested=8 read=8
RUST_UIO: uio_fread requested=40 read=40
RUST_UIO: uio_fread requested=4 read=4
RUST_UIO: uio_fclose called
RUST_UIO: uio_fopen entry
RUST_UIO: uio_fopen called
RUST_UIO: uio_fopen path="/Users/runner/work/_temp/s4-command-evidence/bundle/run-0/payloads/native-window.acceptance/inputs/content/base/battle/boom-big-006.png" mode=rb
RUST_UIO: uio_fopen returning stream=0x600002d000c0
RUST_UIO: uio_fread requested=8 read=8
RUST_UIO: uio_fread requested=8 read=8
RUST_UIO: uio_fread requested=13 read=13
RUST_UIO: uio_fread requested=4 read=4
RUST_UIO: uio_fread requested=8 read=8
RUST_UIO: uio_fread requested=3 read=3
RUST_UIO: uio_fread requested=4 read=4
RUST_UIO: uio_fread requested=8 read=8
RUST_UIO: uio_fread requested=768 read=768
RUST_UIO: uio_fread requested=4 read=4
RUST_UIO: uio_fread requested=8 read=8
RUST_UIO: uio_fread requested=1 read=1
RUST_UIO: uio_fread requested=4 read=4
RUST_UIO: uio_fread requested=8 read=8
RUST_UIO: uio_fread requested=29 read=29
RUST_UIO: uio_fread requested=4 read=4
RUST_UIO: uio_fclose called
RUST_UIO: uio_fopen entry
RUST_UIO: uio_fopen called
RUST_UIO: uio_fopen path="/Users/runner/work/_temp/s4-command-evidence/bundle/run-0/payloads/native-window.acceptance/inputs/content/base/battle/boom-big-007.png" mode=rb
RUST_UIO: uio_fopen returning stream=0x600002d000c0
RUST_UIO: uio_fread requested=8 read=8
RUST_UIO: uio_fread requested=8 read=8
RUST_UIO: uio_fread requested=13 read=13
RUST_UIO: uio_fread requested=4 read=4
RUST_UIO: uio_fread requested=8 read=8
RUST_UIO: uio_fread requested=3 read=3
RUST_UIO: uio_fread requested=4 read=4
RUST_UIO: uio_fread requested=8 read=8
RUST_UIO: uio_fread requested=768 read=768
RUST_UIO: uio_fread requested=4 read=4
RUST_UIO: uio_fread requested=8 read=8
RUST_UIO: uio_fread requested=1 read=1
RUST_UIO: uio_fread requested=4 read=4
RUST_UIO: uio_fread requested=8 read=8
RUST_UIO: uio_fread requested=17 read=17
RUST_UIO: uio_fread requested=4 read=4
RUST_UIO: uio_fclose called
RUST_UIO: uio_fopen entry
RUST_UIO: uio_fopen called
RUST_UIO: uio_fopen path="/Users/runner/work/_temp/s4-command-evidence/bundle/run-0/payloads/native-window.acceptance/inputs/content/base/battle/boom-big-008.png" mode=rb
RUST_UIO: uio_fopen returning stream=0x600002d000c0
RUST_UIO: uio_fread requested=8 read=8
RUST_UIO: uio_fread requested=8 read=8
RUST_UIO: uio_fread requested=13 read=13
RUST_UIO: uio_fread requested=4 read=4
RUST_UIO: uio_fread requested=8 read=8
RUST_UIO: uio_fread requested=3 read=3
RUST_UIO: uio_fread requested=4 read=4
RUST_UIO: uio_fread requested=8 read=8
RUST_UIO: uio_fread requested=768 read=768
RUST_UIO: uio_fread requested=4 read=4
RUST_UIO: uio_fread requested=8 read=8
RUST_UIO: uio_fread requested=10 read=10
RUST_UIO: uio_fread requested=4 read=4
RUST_UIO: uio_fclose called
RUST_UIO: uio_fclose called
RUST_UIO: uio_stat called
RUST_UIO: uio_fopen entry
RUST_UIO: uio_fopen called
RUST_UIO: uio_fopen path="/Users/runner/work/_temp/s4-command-evidence/bundle/run-0/payloads/native-window.acceptance/inputs/content/base/battle/boom-med.ani" mode=rb
RUST_UIO: uio_fopen returning stream=0x600002d00040
RUST_UIO: uio_fread requested=4 read=4
RUST_UIO: uio_fopen entry
RUST_UIO: uio_fopen called
RUST_UIO: uio_fopen path="/Users/runner/work/_temp/s4-command-evidence/bundle/run-0/payloads/native-window.acceptance/inputs/content/base/battle/boom-med-000.png" mode=rb
RUST_UIO: uio_fopen returning stream=0x600002d000c0
RUST_UIO: uio_fread requested=8 read=8
RUST_UIO: uio_fread requested=8 read=8
RUST_UIO: uio_fread requested=13 read=13
RUST_UIO: uio_fread requested=4 read=4
RUST_UIO: uio_fread requested=8 read=8
RUST_UIO: uio_fread requested=3 read=3
RUST_UIO: uio_fread requested=4 read=4
RUST_UIO: uio_fread requested=8 read=8
RUST_UIO: uio_fread requested=768 read=768
RUST_UIO: uio_fread requested=4 read=4
RUST_UIO: uio_fread requested=8 read=8
RUST_UIO: uio_fread requested=10 read=10
RUST_UIO: uio_fread requested=4 read=4
RUST_UIO: uio_fclose called
RUST_UIO: uio_fopen entry
RUST_UIO: uio_fopen called
RUST_UIO: uio_fopen path="/Users/runner/work/_temp/s4-command-evidence/bundle/run-0/payloads/native-window.acceptance/inputs/content/base/battle/boom-med-001.png" mode=rb
RUST_UIO: uio_fopen returning stream=0x600002d000c0
RUST_UIO: uio_fread requested=8 read=8
RUST_UIO: uio_fread requested=8 read=8
RUST_UIO: uio_fread requested=13 read=13
RUST_UIO: uio_fread requested=4 read=4
RUST_UIO: uio_fread requested=8 read=8
RUST_UIO: uio_fread requested=3 read=3
RUST_UIO: uio_fread requested=4 read=4
RUST_UIO: uio_fread requested=8 read=8
RUST_UIO: uio_fread requested=768 read=768
RUST_UIO: uio_fread requested=4 read=4
RUST_UIO: uio_fread requested=8 read=8
RUST_UIO: uio_fread requested=10 read=10
RUST_UIO: uio_fread requested=4 read=4
RUST_UIO: uio_fclose called
RUST_UIO: uio_fopen entry
RUST_UIO: uio_fopen called
RUST_UIO: uio_fopen path="/Users/runner/work/_temp/s4-command-evidence/bundle/run-0/payloads/native-window.acceptance/inputs/content/base/battle/boom-med-002.png" mode=rb
RUST_UIO: uio_fopen returning stream=0x600002d000c0
RUST_UIO: uio_fread requested=8 read=8
RUST_UIO: uio_fread requested=8 read=8
RUST_UIO: uio_fread requested=13 read=13
RUST_UIO: uio_fread requested=4 read=4
RUST_UIO: uio_fread requested=8 read=8
RUST_UIO: uio_fread requested=3 read=3
RUST_UIO: uio_fread requested=4 read=4
RUST_UIO: uio_fread requested=8 read=8
RUST_UIO: uio_fread requested=768 read=768
RUST_UIO: uio_fread requested=4 read=4
RUST_UIO: uio_fread requested=8 read=8
RUST_UIO: uio_fread requested=1 read=1
RUST_UIO: uio_fread requested=4 read=4
RUST_UIO: uio_fread requested=8 read=8
RUST_UIO: uio_fread requested=21 read=21
RUST_UIO: uio_fread requested=4 read=4
RUST_UIO: uio_fclose called
RUST_UIO: uio_fopen entry
RUST_UIO: uio_fopen called
RUST_UIO: uio_fopen path="/Users/runner/work/_temp/s4-command-evidence/bundle/run-0/payloads/native-window.acceptance/inputs/content/base/battle/boom-med-003.png" mode=rb
RUST_UIO: uio_fopen returning stream=0x600002d000c0
RUST_UIO: uio_fread requested=8 read=8
RUST_UIO: uio_fread requested=8 read=8
RUST_UIO: uio_fread requested=13 read=13
RUST_UIO: uio_fread requested=4 read=4
RUST_UIO: uio_fread requested=8 read=8
RUST_UIO: uio_fread requested=3 read=3
RUST_UIO: uio_fread requested=4 read=4
RUST_UIO: uio_fread requested=8 read=8
RUST_UIO: uio_fread requested=768 read=768
RUST_UIO: uio_fread requested=4 read=4
RUST_UIO: uio_fread requested=8 read=8
RUST_UIO: uio_fread requested=1 read=1
RUST_UIO: uio_fread requested=4 read=4
RUST_UIO: uio_fread requested=8 read=8
RUST_UIO: uio_fread requested=21 read=21
RUST_UIO: uio_fread requested=4 read=4
RUST_UIO: uio_fclose called
RUST_UIO: uio_fopen entry
RUST_UIO: uio_fopen called
RUST_UIO: uio_fopen path="/Users/runner/work/_temp/s4-command-evidence/bundle/run-0/payloads/native-window.acceptance/inputs/content/base/battle/boom-med-004.png" mode=rb
RUST_UIO: uio_fopen returning stream=0x600002d000c0
RUST_UIO: uio_fread requested=8 read=8
RUST_UIO: uio_fread requested=8 read=8
RUST_UIO: uio_fread requested=13 read=13
RUST_UIO: uio_fread requested=4 read=4
RUST_UIO: uio_fread requested=8 read=8
RUST_UIO: uio_fread requested=3 read=3
RUST_UIO: uio_fread requested=4 read=4
RUST_UIO: uio_fread requested=8 read=8
RUST_UIO: uio_fread requested=768 read=768
RUST_UIO: uio_fread requested=4 read=4
RUST_UIO: uio_fread requested=8 read=8
RUST_UIO: uio_fread requested=1 read=1
RUST_UIO: uio_fread requested=4 read=4
RUST_UIO: uio_fread requested=8 read=8
RUST_UIO: uio_fread requested=21 read=21
RUST_UIO: uio_fread requested=4 read=4
RUST_UIO: uio_fclose called
RUST_UIO: uio_fopen entry
RUST_UIO: uio_fopen called
RUST_UIO: uio_fopen path="/Users/runner/work/_temp/s4-command-evidence/bundle/run-0/payloads/native-window.acceptance/inputs/content/base/battle/boom-med-005.png" mode=rb
RUST_UIO: uio_fopen returning stream=0x600002d000c0
RUST_UIO: uio_fread requested=8 read=8
RUST_UIO: uio_fread requested=8 read=8
RUST_UIO: uio_fread requested=13 read=13
RUST_UIO: uio_fread requested=4 read=4
RUST_UIO: uio_fread requested=8 read=8
RUST_UIO: uio_fread requested=3 read=3
RUST_UIO: uio_fread requested=4 read=4
RUST_UIO: uio_fread requested=8 read=8
RUST_UIO: uio_fread requested=768 read=768
RUST_UIO: uio_fread requested=4 read=4
RUST_UIO: uio_fread requested=8 read=8
RUST_UIO: uio_fread requested=1 read=1
RUST_UIO: uio_fread requested=4 read=4
RUST_UIO: uio_fread requested=8 read=8
RUST_UIO: uio_fread requested=21 read=21
RUST_UIO: uio_fread requested=4 read=4
RUST_UIO: uio_fclose called
RUST_UIO: uio_fopen entry
RUST_UIO: uio_fopen called
RUST_UIO: uio_fopen path="/Users/runner/work/_temp/s4-command-evidence/bundle/run-0/payloads/native-window.acceptance/inputs/content/base/battle/boom-med-006.png" mode=rb
RUST_UIO: uio_fopen returning stream=0x600002d000c0
RUST_UIO: uio_fread requested=8 read=8
RUST_UIO: uio_fread requested=8 read=8
RUST_UIO: uio_fread requested=13 read=13
RUST_UIO: uio_fread requested=4 read=4
RUST_UIO: uio_fread requested=8 read=8
RUST_UIO: uio_fread requested=3 read=3
RUST_UIO: uio_fread requested=4 read=4
RUST_UIO: uio_fread requested=8 read=8
RUST_UIO: uio_fread requested=768 read=768
RUST_UIO: uio_fread requested=4 read=4
RUST_UIO: uio_fread requested=8 read=8
RUST_UIO: uio_fread requested=1 read=1
RUST_UIO: uio_fread requested=4 read=4
RUST_UIO: uio_fread requested=8 read=8
RUST_UIO: uio_fread requested=17 read=17
RUST_UIO: uio_fread requested=4 read=4
RUST_UIO: uio_fclose called
RUST_UIO: uio_fopen entry
RUST_UIO: uio_fopen called
RUST_UIO: uio_fopen path="/Users/runner/work/_temp/s4-command-evidence/bundle/run-0/payloads/native-window.acceptance/inputs/content/base/battle/boom-med-007.png" mode=rb
RUST_UIO: uio_fopen returning stream=0x600002d000c0
RUST_UIO: uio_fread requested=8 read=8
RUST_UIO: uio_fread requested=8 read=8
RUST_UIO: uio_fread requested=13 read=13
RUST_UIO: uio_fread requested=4 read=4
RUST_UIO: uio_fread requested=8 read=8
RUST_UIO: uio_fread requested=3 read=3
RUST_UIO: uio_fread requested=4 read=4
RUST_UIO: uio_fread requested=8 read=8
RUST_UIO: uio_fread requested=768 read=768
RUST_UIO: uio_fread requested=4 read=4
RUST_UIO: uio_fread requested=8 read=8
RUST_UIO: uio_fread requested=10 read=10
RUST_UIO: uio_fread requested=4 read=4
RUST_UIO: uio_fclose called
RUST_UIO: uio_fopen entry
RUST_UIO: uio_fopen called
RUST_UIO: uio_fopen path="/Users/runner/work/_temp/s4-command-evidence/bundle/run-0/payloads/native-window.acceptance/inputs/content/base/battle/boom-med-008.png" mode=rb
RUST_UIO: uio_fopen returning stream=0x600002d000c0
RUST_UIO: uio_fread requested=8 read=8
RUST_UIO: uio_fread requested=8 read=8
RUST_UIO: uio_fread requested=13 read=13
RUST_UIO: uio_fread requested=4 read=4
RUST_UIO: uio_fread requested=8 read=8
RUST_UIO: uio_fread requested=3 read=3
RUST_UIO: uio_fread requested=4 read=4
RUST_UIO: uio_fread requested=8 read=8
RUST_UIO: uio_fread requested=768 read=768
RUST_UIO: uio_fread requested=4 read=4
RUST_UIO: uio_fread requested=8 read=8
RUST_UIO: uio_fread requested=10 read=10
RUST_UIO: uio_fread requested=4 read=4
RUST_UIO: uio_fclose called
RUST_UIO: uio_fclose called
RUST_UIO: uio_stat called
RUST_UIO: uio_fopen entry
RUST_UIO: uio_fopen called
RUST_UIO: uio_fopen path="/Users/runner/work/_temp/s4-command-evidence/bundle/run-0/payloads/native-window.acceptance/inputs/content/base/battle/boom-sml.ani" mode=rb
RUST_UIO: uio_fopen returning stream=0x600002d00040
RUST_UIO: uio_fread requested=4 read=4
RUST_UIO: uio_fopen entry
RUST_UIO: uio_fopen called
RUST_UIO: uio_fopen path="/Users/runner/work/_temp/s4-command-evidence/bundle/run-0/payloads/native-window.acceptance/inputs/content/base/battle/boom-sml-000.png" mode=rb
RUST_UIO: uio_fopen returning stream=0x600002d000c0
RUST_UIO: uio_fread requested=8 read=8
RUST_UIO: uio_fread requested=8 read=8
RUST_UIO: uio_fread requested=13 read=13
RUST_UIO: uio_fread requested=4 read=4
RUST_UIO: uio_fread requested=8 read=8
RUST_UIO: uio_fread requested=3 read=3
RUST_UIO: uio_fread requested=4 read=4
RUST_UIO: uio_fread requested=8 read=8
RUST_UIO: uio_fread requested=768 read=768
RUST_UIO: uio_fread requested=4 read=4
RUST_UIO: uio_fread requested=8 read=8
RUST_UIO: uio_fread requested=10 read=10
RUST_UIO: uio_fread requested=4 read=4
RUST_UIO: uio_fclose called
RUST_UIO: uio_fopen entry
RUST_UIO: uio_fopen called
RUST_UIO: uio_fopen path="/Users/runner/work/_temp/s4-command-evidence/bundle/run-0/payloads/native-window.acceptance/inputs/content/base/battle/boom-sml-001.png" mode=rb
RUST_UIO: uio_fopen returning stream=0x600002d000c0
RUST_UIO: uio_fread requested=8 read=8
RUST_UIO: uio_fread requested=8 read=8
RUST_UIO: uio_fread requested=13 read=13
RUST_UIO: uio_fread requested=4 read=4
RUST_UIO: uio_fread requested=8 read=8
RUST_UIO: uio_fread requested=3 read=3
RUST_UIO: uio_fread requested=4 read=4
RUST_UIO: uio_fread requested=8 read=8
RUST_UIO: uio_fread requested=768 read=768
RUST_UIO: uio_fread requested=4 read=4
RUST_UIO: uio_fread requested=8 read=8
RUST_UIO: uio_fread requested=10 read=10
RUST_UIO: uio_fread requested=4 read=4
RUST_UIO: uio_fclose called
RUST_UIO: uio_fopen entry
RUST_UIO: uio_fopen called
RUST_UIO: uio_fopen path="/Users/runner/work/_temp/s4-command-evidence/bundle/run-0/payloads/native-window.acceptance/inputs/content/base/battle/boom-sml-002.png" mode=rb
RUST_UIO: uio_fopen returning stream=0x600002d000c0
RUST_UIO: uio_fread requested=8 read=8
RUST_UIO: uio_fread requested=8 read=8
RUST_UIO: uio_fread requested=13 read=13
RUST_UIO: uio_fread requested=4 read=4
RUST_UIO: uio_fread requested=8 read=8
RUST_UIO: uio_fread requested=3 read=3
RUST_UIO: uio_fread requested=4 read=4
RUST_UIO: uio_fread requested=8 read=8
RUST_UIO: uio_fread requested=768 read=768
RUST_UIO: uio_fread requested=4 read=4
RUST_UIO: uio_fread requested=8 read=8
RUST_UIO: uio_fread requested=1 read=1
RUST_UIO: uio_fread requested=4 read=4
RUST_UIO: uio_fread requested=8 read=8
RUST_UIO: uio_fread requested=17 read=17
RUST_UIO: uio_fread requested=4 read=4
RUST_UIO: uio_fclose called
RUST_UIO: uio_fopen entry
RUST_UIO: uio_fopen called
RUST_UIO: uio_fopen path="/Users/runner/work/_temp/s4-command-evidence/bundle/run-0/payloads/native-window.acceptance/inputs/content/base/battle/boom-sml-003.png" mode=rb
RUST_UIO: uio_fopen returning stream=0x600002d000c0
RUST_UIO: uio_fread requested=8 read=8
RUST_UIO: uio_fread requested=8 read=8
RUST_UIO: uio_fread requested=13 read=13
RUST_UIO: uio_fread requested=4 read=4
RUST_UIO: uio_fread requested=8 read=8
RUST_UIO: uio_fread requested=3 read=3
RUST_UIO: uio_fread requested=4 read=4
RUST_UIO: uio_fread requested=8 read=8
RUST_UIO: uio_fread requested=768 read=768
RUST_UIO: uio_fread requested=4 read=4
RUST_UIO: uio_fread requested=8 read=8
RUST_UIO: uio_fread requested=1 read=1
RUST_UIO: uio_fread requested=4 read=4
RUST_UIO: uio_fread requested=8 read=8
RUST_UIO: uio_fread requested=17 read=17
RUST_UIO: uio_fread requested=4 read=4
RUST_UIO: uio_fclose called
RUST_UIO: uio_fopen entry
RUST_UIO: uio_fopen called
RUST_UIO: uio_fopen path="/Users/runner/work/_temp/s4-command-evidence/bundle/run-0/payloads/native-window.acceptance/inputs/content/base/battle/boom-sml-004.png" mode=rb
RUST_UIO: uio_fopen returning stream=0x600002d000c0
RUST_UIO: uio_fread requested=8 read=8
RUST_UIO: uio_fread requested=8 read=8
RUST_UIO: uio_fread requested=13 read=13
RUST_UIO: uio_fread requested=4 read=4
RUST_UIO: uio_fread requested=8 read=8
RUST_UIO: uio_fread requested=3 read=3
RUST_UIO: uio_fread requested=4 read=4
RUST_UIO: uio_fread requested=8 read=8
RUST_UIO: uio_fread requested=768 read=768
RUST_UIO: uio_fread requested=4 read=4
RUST_UIO: uio_fread requested=8 read=8
RUST_UIO: uio_fread requested=1 read=1
RUST_UIO: uio_fread requested=4 read=4
RUST_UIO: uio_fread requested=8 read=8
RUST_UIO: uio_fread requested=17 read=17
RUST_UIO: uio_fread requested=4 read=4
RUST_UIO: uio_fclose called
RUST_UIO: uio_fopen entry
RUST_UIO: uio_fopen called
RUST_UIO: uio_fopen path="/Users/runner/work/_temp/s4-command-evidence/bundle/run-0/payloads/native-window.acceptance/inputs/content/base/battle/boom-sml-005.png" mode=rb
RUST_UIO: uio_fopen returning stream=0x600002d000c0
RUST_UIO: uio_fread requested=8 read=8
RUST_UIO: uio_fread requested=8 read=8
RUST_UIO: uio_fread requested=13 read=13
RUST_UIO: uio_fread requested=4 read=4
RUST_UIO: uio_fread requested=8 read=8
RUST_UIO: uio_fread requested=3 read=3
RUST_UIO: uio_fread requested=4 read=4
RUST_UIO: uio_fread requested=8 read=8
RUST_UIO: uio_fread requested=768 read=768
RUST_UIO: uio_fread requested=4 read=4
RUST_UIO: uio_fread requested=8 read=8
RUST_UIO: uio_fread requested=1 read=1
RUST_UIO: uio_fread requested=4 read=4
RUST_UIO: uio_fread requested=8 read=8
RUST_UIO: uio_fread requested=17 read=17
RUST_UIO: uio_fread requested=4 read=4
RUST_UIO: uio_fclose called
RUST_UIO: uio_fopen entry
RUST_UIO: uio_fopen called
RUST_UIO: uio_fopen path="/Users/runner/work/_temp/s4-command-evidence/bundle/run-0/payloads/native-window.acceptance/inputs/content/base/battle/boom-sml-006.png" mode=rb
RUST_UIO: uio_fopen returning stream=0x600002d000c0
RUST_UIO: uio_fread requested=8 read=8
RUST_UIO: uio_fread requested=8 read=8
RUST_UIO: uio_fread requested=13 read=13
RUST_UIO: uio_fread requested=4 read=4
RUST_UIO: uio_fread requested=8 read=8
RUST_UIO: uio_fread requested=3 read=3
RUST_UIO: uio_fread requested=4 read=4
RUST_UIO: uio_fread requested=8 read=8
RUST_UIO: uio_fread requested=768 read=768
RUST_UIO: uio_fread requested=4 read=4
RUST_UIO: uio_fread requested=8 read=8
RUST_UIO: uio_fread requested=10 read=10
RUST_UIO: uio_fread requested=4 read=4
RUST_UIO: uio_fclose called
RUST_UIO: uio_fopen entry
RUST_UIO: uio_fopen called
RUST_UIO: uio_fopen path="/Users/runner/work/_temp/s4-command-evidence/bundle/run-0/payloads/native-window.acceptance/inputs/content/base/battle/boom-sml-007.png" mode=rb
RUST_UIO: uio_fopen returning stream=0x600002d000c0
RUST_UIO: uio_fread requested=8 read=8
RUST_UIO: uio_fread requested=8 read=8
RUST_UIO: uio_fread requested=13 read=13
RUST_UIO: uio_fread requested=4 read=4
RUST_UIO: uio_fread requested=8 read=8
RUST_UIO: uio_fread requested=3 read=3
RUST_UIO: uio_fread requested=4 read=4
RUST_UIO: uio_fread requested=8 read=8
RUST_UIO: uio_fread requested=768 read=768
RUST_UIO: uio_fread requested=4 read=4
RUST_UIO: uio_fread requested=8 read=8
RUST_UIO: uio_fread requested=10 read=10
RUST_UIO: uio_fread requested=4 read=4
RUST_UIO: uio_fclose called
RUST_UIO: uio_fopen entry
RUST_UIO: uio_fopen called
RUST_UIO: uio_fopen path="/Users/runner/work/_temp/s4-command-evidence/bundle/run-0/payloads/native-window.acceptance/inputs/content/base/battle/boom-sml-008.png" mode=rb
RUST_UIO: uio_fopen returning stream=0x600002d000c0
RUST_UIO: uio_fread requested=8 read=8
RUST_UIO: uio_fread requested=8 read=8
RUST_UIO: uio_fread requested=13 read=13
RUST_UIO: uio_fread requested=4 read=4
RUST_UIO: uio_fread requested=8 read=8
RUST_UIO: uio_fread requested=3 read=3
RUST_UIO: uio_fread requested=4 read=4
RUST_UIO: uio_fread requested=8 read=8
RUST_UIO: uio_fread requested=768 read=768
RUST_UIO: uio_fread requested=4 read=4
RUST_UIO: uio_fread requested=8 read=8
RUST_UIO: uio_fread requested=10 read=10
RUST_UIO: uio_fread requested=4 read=4
RUST_UIO: uio_fclose called
RUST_UIO: uio_fclose called
RUST_UIO: uio_stat called
RUST_UIO: uio_fopen entry
RUST_UIO: uio_fopen called
RUST_UIO: uio_fopen path="/Users/runner/work/_temp/s4-command-evidence/bundle/run-0/payloads/native-window.acceptance/inputs/content/base/battle/blast-big.ani" mode=rb
RUST_UIO: uio_fopen returning stream=0x600002d00040
RUST_UIO: uio_fread requested=4 read=4
RUST_UIO: uio_fopen entry
RUST_UIO: uio_fopen called
RUST_UIO: uio_fopen path="/Users/runner/work/_temp/s4-command-evidence/bundle/run-0/payloads/native-window.acceptance/inputs/content/base/battle/blast-big-000.png" mode=rb
RUST_UIO: uio_fopen returning stream=0x600002d00100
RUST_UIO: uio_fread requested=8 read=8
RUST_UIO: uio_fread requested=8 read=8
RUST_UIO: uio_fread requested=13 read=13
RUST_UIO: uio_fread requested=4 read=4
RUST_UIO: uio_fread requested=8 read=8
RUST_UIO: uio_fread requested=3 read=3
RUST_UIO: uio_fread requested=4 read=4
RUST_UIO: uio_fread requested=8 read=8
RUST_UIO: uio_fread requested=768 read=768
RUST_UIO: uio_fread requested=4 read=4
RUST_UIO: uio_fread requested=8 read=8
RUST_UIO: uio_fread requested=1 read=1
RUST_UIO: uio_fread requested=4 read=4
RUST_UIO: uio_fread requested=8 read=8
RUST_UIO: uio_fread requested=45 read=45
RUST_UIO: uio_fread requested=4 read=4
RUST_UIO: uio_fclose called
RUST_UIO: uio_fopen entry
RUST_UIO: uio_fopen called
RUST_UIO: uio_fopen path="/Users/runner/work/_temp/s4-command-evidence/bundle/run-0/payloads/native-window.acceptance/inputs/content/base/battle/blast-big-001.png" mode=rb
RUST_UIO: uio_fopen returning stream=0x600002d00100
RUST_UIO: uio_fread requested=8 read=8
RUST_UIO: uio_fread requested=8 read=8
RUST_UIO: uio_fread requested=13 read=13
RUST_UIO: uio_fread requested=4 read=4
RUST_UIO: uio_fread requested=8 read=8
RUST_UIO: uio_fread requested=3 read=3
RUST_UIO: uio_fread requested=4 read=4
RUST_UIO: uio_fread requested=8 read=8
RUST_UIO: uio_fread requested=768 read=768
RUST_UIO: uio_fread requested=4 read=4
RUST_UIO: uio_fread requested=8 read=8
RUST_UIO: uio_fread requested=1 read=1
RUST_UIO: uio_fread requested=4 read=4
RUST_UIO: uio_fread requested=8 read=8
RUST_UIO: uio_fread requested=44 read=44
RUST_UIO: uio_fread requested=4 read=4
RUST_UIO: uio_fclose called
RUST_UIO: uio_fopen entry
RUST_UIO: uio_fopen called
RUST_UIO: uio_fopen path="/Users/runner/work/_temp/s4-command-evidence/bundle/run-0/payloads/native-window.acceptance/inputs/content/base/battle/blast-big-002.png" mode=rb
RUST_UIO: uio_fopen returning stream=0x600002d00100
RUST_UIO: uio_fread requested=8 read=8
RUST_UIO: uio_fread requested=8 read=8
RUST_UIO: uio_fread requested=13 read=13
RUST_UIO: uio_fread requested=4 read=4
RUST_UIO: uio_fread requested=8 read=8
RUST_UIO: uio_fread requested=3 read=3
RUST_UIO: uio_fread requested=4 read=4
RUST_UIO: uio_fread requested=8 read=8
RUST_UIO: uio_fread requested=768 read=768
RUST_UIO: uio_fread requested=4 read=4
RUST_UIO: uio_fread requested=8 read=8
RUST_UIO: uio_fread requested=1 read=1
RUST_UIO: uio_fread requested=4 read=4
RUST_UIO: uio_fread requested=8 read=8
RUST_UIO: uio_fread requested=44 read=44
RUST_UIO: uio_fread requested=4 read=4
RUST_UIO: uio_fclose called
RUST_UIO: uio_fopen entry
RUST_UIO: uio_fopen called
RUST_UIO: uio_fopen path="/Users/runner/work/_temp/s4-command-evidence/bundle/run-0/payloads/native-window.acceptance/inputs/content/base/battle/blast-big-003.png" mode=rb
RUST_UIO: uio_fopen returning stream=0x600002d00100
RUST_UIO: uio_fread requested=8 read=8
RUST_UIO: uio_fread requested=8 read=8
RUST_UIO: uio_fread requested=13 read=13
RUST_UIO: uio_fread requested=4 read=4
RUST_UIO: uio_fread requested=8 read=8
RUST_UIO: uio_fread requested=3 read=3
RUST_UIO: uio_fread requested=4 read=4
RUST_UIO: uio_fread requested=8 read=8
RUST_UIO: uio_fread requested=768 read=768
RUST_UIO: uio_fread requested=4 read=4
RUST_UIO: uio_fread requested=8 read=8
RUST_UIO: uio_fread requested=1 read=1
RUST_UIO: uio_fread requested=4 read=4
RUST_UIO: uio_fread requested=8 read=8
RUST_UIO: uio_fread requested=45 read=45
RUST_UIO: uio_fread requested=4 read=4
RUST_UIO: uio_fclose called
RUST_UIO: uio_fopen entry
RUST_UIO: uio_fopen called
RUST_UIO: uio_fopen path="/Users/runner/work/_temp/s4-command-evidence/bundle/run-0/payloads/native-window.acceptance/inputs/content/base/battle/blast-big-004.png" mode=rb
RUST_UIO: uio_fopen returning stream=0x600002d00100
RUST_UIO: uio_fread requested=8 read=8
RUST_UIO: uio_fread requested=8 read=8
RUST_UIO: uio_fread requested=13 read=13
RUST_UIO: uio_fread requested=4 read=4
RUST_UIO: uio_fread requested=8 read=8
RUST_UIO: uio_fread requested=3 read=3
RUST_UIO: uio_fread requested=4 read=4
RUST_UIO: uio_fread requested=8 read=8
RUST_UIO: uio_fread requested=768 read=768
RUST_UIO: uio_fread requested=4 read=4
RUST_UIO: uio_fread requested=8 read=8
RUST_UIO: uio_fread requested=1 read=1
RUST_UIO: uio_fread requested=4 read=4
RUST_UIO: uio_fread requested=8 read=8
RUST_UIO: uio_fread requested=45 read=45
RUST_UIO: uio_fread requested=4 read=4
RUST_UIO: uio_fclose called
RUST_UIO: uio_fopen entry
RUST_UIO: uio_fopen called
RUST_UIO: uio_fopen path="/Users/runner/work/_temp/s4-command-evidence/bundle/run-0/payloads/native-window.acceptance/inputs/content/base/battle/blast-big-005.png" mode=rb
RUST_UIO: uio_fopen returning stream=0x600002d00100
RUST_UIO: uio_fread requested=8 read=8
RUST_UIO: uio_fread requested=8 read=8
RUST_UIO: uio_fread requested=13 read=13
RUST_UIO: uio_fread requested=4 read=4
RUST_UIO: uio_fread requested=8 read=8
RUST_UIO: uio_fread requested=3 read=3
RUST_UIO: uio_fread requested=4 read=4
RUST_UIO: uio_fread requested=8 read=8
RUST_UIO: uio_fread requested=768 read=768
RUST_UIO: uio_fread requested=4 read=4
RUST_UIO: uio_fread requested=8 read=8
RUST_UIO: uio_fread requested=1 read=1
RUST_UIO: uio_fread requested=4 read=4
RUST_UIO: uio_fread requested=8 read=8
RUST_UIO: uio_fread requested=45 read=45
RUST_UIO: uio_fread requested=4 read=4
RUST_UIO: uio_fclose called
RUST_UIO: uio_fopen entry
RUST_UIO: uio_fopen called
RUST_UIO: uio_fopen path="/Users/runner/work/_temp/s4-command-evidence/bundle/run-0/payloads/native-window.acceptance/inputs/content/base/battle/blast-big-006.png" mode=rb
RUST_UIO: uio_fopen returning stream=0x600002d00100
RUST_UIO: uio_fread requested=8 read=8
RUST_UIO: uio_fread requested=8 read=8
RUST_UIO: uio_fread requested=13 read=13
RUST_UIO: uio_fread requested=4 read=4
RUST_UIO: uio_fread requested=8 read=8
RUST_UIO: uio_fread requested=3 read=3
RUST_UIO: uio_fread requested=4 read=4
RUST_UIO: uio_fread requested=8 read=8
RUST_UIO: uio_fread requested=768 read=768
RUST_UIO: uio_fread requested=4 read=4
RUST_UIO: uio_fread requested=8 read=8
RUST_UIO: uio_fread requested=1 read=1
RUST_UIO: uio_fread requested=4 read=4
RUST_UIO: uio_fread requested=8 read=8
RUST_UIO: uio_fread requested=46 read=46
RUST_UIO: uio_fread requested=4 read=4
RUST_UIO: uio_fclose called
RUST_UIO: uio_fopen entry
RUST_UIO: uio_fopen called
RUST_UIO: uio_fopen path="/Users/runner/work/_temp/s4-command-evidence/bundle/run-0/payloads/native-window.acceptance/inputs/content/base/battle/blast-big-007.png" mode=rb
RUST_UIO: uio_fopen returning stream=0x600002d00100
RUST_UIO: uio_fread requested=8 read=8
RUST_UIO: uio_fread requested=8 read=8
RUST_UIO: uio_fread requested=13 read=13
RUST_UIO: uio_fread requested=4 read=4
RUST_UIO: uio_fread requested=8 read=8
RUST_UIO: uio_fread requested=3 read=3
RUST_UIO: uio_fread requested=4 read=4
RUST_UIO: uio_fread requested=8 read=8
RUST_UIO: uio_fread requested=768 read=768
RUST_UIO: uio_fread requested=4 read=4
RUST_UIO: uio_fread requested=8 read=8
RUST_UIO: uio_fread requested=1 read=1
RUST_UIO: uio_fread requested=4 read=4
RUST_UIO: uio_fread requested=8 read=8
RUST_UIO: uio_fread requested=42 read=42
RUST_UIO: uio_fread requested=4 read=4
RUST_UIO: uio_fclose called
RUST_UIO: uio_fclose called
RUST_UIO: uio_stat called
RUST_UIO: uio_fopen entry
RUST_UIO: uio_fopen called
RUST_UIO: uio_fopen path="/Users/runner/work/_temp/s4-command-evidence/bundle/run-0/payloads/native-window.acceptance/inputs/content/base/battle/blast-med.ani" mode=rb
RUST_UIO: uio_fopen returning stream=0x600002d00040
RUST_UIO: uio_fread requested=4 read=4
RUST_UIO: uio_fopen entry
RUST_UIO: uio_fopen called
RUST_UIO: uio_fopen path="/Users/runner/work/_temp/s4-command-evidence/bundle/run-0/payloads/native-window.acceptance/inputs/content/base/battle/blast-med-000.png" mode=rb
RUST_UIO: uio_fopen returning stream=0x600002d00100
RUST_UIO: uio_fread requested=8 read=8
RUST_UIO: uio_fread requested=8 read=8
RUST_UIO: uio_fread requested=13 read=13
RUST_UIO: uio_fread requested=4 read=4
RUST_UIO: uio_fread requested=8 read=8
RUST_UIO: uio_fread requested=3 read=3
RUST_UIO: uio_fread requested=4 read=4
RUST_UIO: uio_fread requested=8 read=8
RUST_UIO: uio_fread requested=768 read=768
RUST_UIO: uio_fread requested=4 read=4
RUST_UIO: uio_fread requested=8 read=8
RUST_UIO: uio_fread requested=1 read=1
RUST_UIO: uio_fread requested=4 read=4
RUST_UIO: uio_fread requested=8 read=8
RUST_UIO: uio_fread requested=32 read=32
RUST_UIO: uio_fread requested=4 read=4
RUST_UIO: uio_fclose called
RUST_UIO: uio_fopen entry
RUST_UIO: uio_fopen called
RUST_UIO: uio_fopen path="/Users/runner/work/_temp/s4-command-evidence/bundle/run-0/payloads/native-window.acceptance/inputs/content/base/battle/blast-med-001.png" mode=rb
RUST_UIO: uio_fopen returning stream=0x600002d00100
RUST_UIO: uio_fread requested=8 read=8
RUST_UIO: uio_fread requested=8 read=8
RUST_UIO: uio_fread requested=13 read=13
RUST_UIO: uio_fread requested=4 read=4
RUST_UIO: uio_fread requested=8 read=8
RUST_UIO: uio_fread requested=3 read=3
RUST_UIO: uio_fread requested=4 read=4
RUST_UIO: uio_fread requested=8 read=8
RUST_UIO: uio_fread requested=768 read=768
RUST_UIO: uio_fread requested=4 read=4
RUST_UIO: uio_fread requested=8 read=8
RUST_UIO: uio_fread requested=1 read=1
RUST_UIO: uio_fread requested=4 read=4
RUST_UIO: uio_fread requested=8 read=8
RUST_UIO: uio_fread requested=31 read=31
RUST_UIO: uio_fread requested=4 read=4
RUST_UIO: uio_fclose called
RUST_UIO: uio_fopen entry
RUST_UIO: uio_fopen called
RUST_UIO: uio_fopen path="/Users/runner/work/_temp/s4-command-evidence/bundle/run-0/payloads/native-window.acceptance/inputs/content/base/battle/blast-med-002.png" mode=rb
RUST_UIO: uio_fopen returning stream=0x600002d00100
RUST_UIO: uio_fread requested=8 read=8
RUST_UIO: uio_fread requested=8 read=8
RUST_UIO: uio_fread requested=13 read=13
RUST_UIO: uio_fread requested=4 read=4
RUST_UIO: uio_fread requested=8 read=8
RUST_UIO: uio_fread requested=3 read=3
RUST_UIO: uio_fread requested=4 read=4
RUST_UIO: uio_fread requested=8 read=8
RUST_UIO: uio_fread requested=768 read=768
RUST_UIO: uio_fread requested=4 read=4
RUST_UIO: uio_fread requested=8 read=8
RUST_UIO: uio_fread requested=1 read=1
RUST_UIO: uio_fread requested=4 read=4
RUST_UIO: uio_fread requested=8 read=8
RUST_UIO: uio_fread requested=30 read=30
RUST_UIO: uio_fread requested=4 read=4
RUST_UIO: uio_fclose called
RUST_UIO: uio_fopen entry
RUST_UIO: uio_fopen called
RUST_UIO: uio_fopen path="/Users/runner/work/_temp/s4-command-evidence/bundle/run-0/payloads/native-window.acceptance/inputs/content/base/battle/blast-med-003.png" mode=rb
RUST_UIO: uio_fopen returning stream=0x600002d00100
RUST_UIO: uio_fread requested=8 read=8
RUST_UIO: uio_fread requested=8 read=8
RUST_UIO: uio_fread requested=13 read=13
RUST_UIO: uio_fread requested=4 read=4
RUST_UIO: uio_fread requested=8 read=8
RUST_UIO: uio_fread requested=3 read=3
RUST_UIO: uio_fread requested=4 read=4
RUST_UIO: uio_fread requested=8 read=8
RUST_UIO: uio_fread requested=768 read=768
RUST_UIO: uio_fread requested=4 read=4
RUST_UIO: uio_fread requested=8 read=8
RUST_UIO: uio_fread requested=1 read=1
RUST_UIO: uio_fread requested=4 read=4
RUST_UIO: uio_fread requested=8 read=8
RUST_UIO: uio_fread requested=27 read=27
RUST_UIO: uio_fread requested=4 read=4
RUST_UIO: uio_fclose called
RUST_UIO: uio_fopen entry
RUST_UIO: uio_fopen called
RUST_UIO: uio_fopen path="/Users/runner/work/_temp/s4-command-evidence/bundle/run-0/payloads/native-window.acceptance/inputs/content/base/battle/blast-med-004.png" mode=rb
RUST_UIO: uio_fopen returning stream=0x600002d00100
RUST_UIO: uio_fread requested=8 read=8
RUST_UIO: uio_fread requested=8 read=8
RUST_UIO: uio_fread requested=13 read=13
RUST_UIO: uio_fread requested=4 read=4
RUST_UIO: uio_fread requested=8 read=8
RUST_UIO: uio_fread requested=3 read=3
RUST_UIO: uio_fread requested=4 read=4
RUST_UIO: uio_fread requested=8 read=8
RUST_UIO: uio_fread requested=768 read=768
RUST_UIO: uio_fread requested=4 read=4
RUST_UIO: uio_fread requested=8 read=8
RUST_UIO: uio_fread requested=1 read=1
RUST_UIO: uio_fread requested=4 read=4
RUST_UIO: uio_fread requested=8 read=8
RUST_UIO: uio_fread requested=29 read=29
RUST_UIO: uio_fread requested=4 read=4
RUST_UIO: uio_fclose called
RUST_UIO: uio_fopen entry
RUST_UIO: uio_fopen called
RUST_UIO: uio_fopen path="/Users/runner/work/_temp/s4-command-evidence/bundle/run-0/payloads/native-window.acceptance/inputs/content/base/battle/blast-med-005.png" mode=rb
RUST_UIO: uio_fopen returning stream=0x600002d00100
RUST_UIO: uio_fread requested=8 read=8
RUST_UIO: uio_fread requested=8 read=8
RUST_UIO: uio_fread requested=13 read=13
RUST_UIO: uio_fread requested=4 read=4
RUST_UIO: uio_fread requested=8 read=8
RUST_UIO: uio_fread requested=3 read=3
RUST_UIO: uio_fread requested=4 read=4
RUST_UIO: uio_fread requested=8 read=8
RUST_UIO: uio_fread requested=768 read=768
RUST_UIO: uio_fread requested=4 read=4
RUST_UIO: uio_fread requested=8 read=8
RUST_UIO: uio_fread requested=1 read=1
RUST_UIO: uio_fread requested=4 read=4
RUST_UIO: uio_fread requested=8 read=8
RUST_UIO: uio_fread requested=27 read=27
RUST_UIO: uio_fread requested=4 read=4
RUST_UIO: uio_fclose called
RUST_UIO: uio_fopen entry
RUST_UIO: uio_fopen called
RUST_UIO: uio_fopen path="/Users/runner/work/_temp/s4-command-evidence/bundle/run-0/payloads/native-window.acceptance/inputs/content/base/battle/blast-med-006.png" mode=rb
RUST_UIO: uio_fopen returning stream=0x600002d00100
RUST_UIO: uio_fread requested=8 read=8
RUST_UIO: uio_fread requested=8 read=8
RUST_UIO: uio_fread requested=13 read=13
RUST_UIO: uio_fread requested=4 read=4
RUST_UIO: uio_fread requested=8 read=8
RUST_UIO: uio_fread requested=3 read=3
RUST_UIO: uio_fread requested=4 read=4
RUST_UIO: uio_fread requested=8 read=8
RUST_UIO: uio_fread requested=768 read=768
RUST_UIO: uio_fread requested=4 read=4
RUST_UIO: uio_fread requested=8 read=8
RUST_UIO: uio_fread requested=1 read=1
RUST_UIO: uio_fread requested=4 read=4
RUST_UIO: uio_fread requested=8 read=8
RUST_UIO: uio_fread requested=31 read=31
RUST_UIO: uio_fread requested=4 read=4
RUST_UIO: uio_fclose called
RUST_UIO: uio_fopen entry
RUST_UIO: uio_fopen called
RUST_UIO: uio_fopen path="/Users/runner/work/_temp/s4-command-evidence/bundle/run-0/payloads/native-window.acceptance/inputs/content/base/battle/blast-med-007.png" mode=rb
RUST_UIO: uio_fopen returning stream=0x600002d00100
RUST_UIO: uio_fread requested=8 read=8
RUST_UIO: uio_fread requested=8 read=8
RUST_UIO: uio_fread requested=13 read=13
RUST_UIO: uio_fread requested=4 read=4
RUST_UIO: uio_fread requested=8 read=8
RUST_UIO: uio_fread requested=3 read=3
RUST_UIO: uio_fread requested=4 read=4
RUST_UIO: uio_fread requested=8 read=8
RUST_UIO: uio_fread requested=768 read=768
RUST_UIO: uio_fread requested=4 read=4
RUST_UIO: uio_fread requested=8 read=8
RUST_UIO: uio_fread requested=1 read=1
RUST_UIO: uio_fread requested=4 read=4
RUST_UIO: uio_fread requested=8 read=8
RUST_UIO: uio_fread requested=27 read=27
RUST_UIO: uio_fread requested=4 read=4
RUST_UIO: uio_fclose called
RUST_UIO: uio_fclose called
RUST_UIO: uio_stat called
RUST_UIO: uio_fopen entry
RUST_UIO: uio_fopen called
RUST_UIO: uio_fopen path="/Users/runner/work/_temp/s4-command-evidence/bundle/run-0/payloads/native-window.acceptance/inputs/content/base/battle/blast-sml.ani" mode=rb
RUST_UIO: uio_fopen returning stream=0x600002d00040
RUST_UIO: uio_fread requested=4 read=4
RUST_UIO: uio_fopen entry
RUST_UIO: uio_fopen called
RUST_UIO: uio_fopen path="/Users/runner/work/_temp/s4-command-evidence/bundle/run-0/payloads/native-window.acceptance/inputs/content/base/battle/blast-sml-000.png" mode=rb
RUST_UIO: uio_fopen returning stream=0x600002d00100
RUST_UIO: uio_fread requested=8 read=8
RUST_UIO: uio_fread requested=8 read=8
RUST_UIO: uio_fread requested=13 read=13
RUST_UIO: uio_fread requested=4 read=4
RUST_UIO: uio_fread requested=8 read=8
RUST_UIO: uio_fread requested=3 read=3
RUST_UIO: uio_fread requested=4 read=4
RUST_UIO: uio_fread requested=8 read=8
RUST_UIO: uio_fread requested=768 read=768
RUST_UIO: uio_fread requested=4 read=4
RUST_UIO: uio_fread requested=8 read=8
RUST_UIO: uio_fread requested=1 read=1
RUST_UIO: uio_fread requested=4 read=4
RUST_UIO: uio_fread requested=8 read=8
RUST_UIO: uio_fread requested=18 read=18
RUST_UIO: uio_fread requested=4 read=4
RUST_UIO: uio_fclose called
RUST_UIO: uio_fopen entry
RUST_UIO: uio_fopen called
RUST_UIO: uio_fopen path="/Users/runner/work/_temp/s4-command-evidence/bundle/run-0/payloads/native-window.acceptance/inputs/content/base/battle/blast-sml-001.png" mode=rb
RUST_UIO: uio_fopen returning stream=0x600002d0c440
RUST_UIO: uio_fread requested=8 read=8
RUST_UIO: uio_fread requested=8 read=8
RUST_UIO: uio_fread requested=13 read=13
RUST_UIO: uio_fread requested=4 read=4
RUST_UIO: uio_fread requested=8 read=8
RUST_UIO: uio_fread requested=3 read=3
RUST_UIO: uio_fread requested=4 read=4
RUST_UIO: uio_fread requested=8 read=8
RUST_UIO: uio_fread requested=768 read=768
RUST_UIO: uio_fread requested=4 read=4
RUST_UIO: uio_fread requested=8 read=8
RUST_UIO: uio_fread requested=1 read=1
RUST_UIO: uio_fread requested=4 read=4
RUST_UIO: uio_fread requested=8 read=8
RUST_UIO: uio_fread requested=18 read=18
RUST_UIO: uio_fread requested=4 read=4
RUST_UIO: uio_fclose called
RUST_UIO: uio_fopen entry
RUST_UIO: uio_fopen called
RUST_UIO: uio_fopen path="/Users/runner/work/_temp/s4-command-evidence/bundle/run-0/payloads/native-window.acceptance/inputs/content/base/battle/blast-sml-002.png" mode=rb
RUST_UIO: uio_fopen returning stream=0x600002d0c440
RUST_UIO: uio_fread requested=8 read=8
RUST_UIO: uio_fread requested=8 read=8
RUST_UIO: uio_fread requested=13 read=13
RUST_UIO: uio_fread requested=4 read=4
RUST_UIO: uio_fread requested=8 read=8
RUST_UIO: uio_fread requested=3 read=3
RUST_UIO: uio_fread requested=4 read=4
RUST_UIO: uio_fread requested=8 read=8
RUST_UIO: uio_fread requested=768 read=768
RUST_UIO: uio_fread requested=4 read=4
RUST_UIO: uio_fread requested=8 read=8
RUST_UIO: uio_fread requested=1 read=1
RUST_UIO: uio_fread requested=4 read=4
RUST_UIO: uio_fread requested=8 read=8
RUST_UIO: uio_fread requested=18 read=18
RUST_UIO: uio_fread requested=4 read=4
RUST_UIO: uio_fclose called
RUST_UIO: uio_fopen entry
RUST_UIO: uio_fopen called
RUST_UIO: uio_fopen path="/Users/runner/work/_temp/s4-command-evidence/bundle/run-0/payloads/native-window.acceptance/inputs/content/base/battle/blast-sml-003.png" mode=rb
RUST_UIO: uio_fopen returning stream=0x600002d0c440
RUST_UIO: uio_fread requested=8 read=8
RUST_UIO: uio_fread requested=8 read=8
RUST_UIO: uio_fread requested=13 read=13
RUST_UIO: uio_fread requested=4 read=4
RUST_UIO: uio_fread requested=8 read=8
RUST_UIO: uio_fread requested=3 read=3
RUST_UIO: uio_fread requested=4 read=4
RUST_UIO: uio_fread requested=8 read=8
RUST_UIO: uio_fread requested=768 read=768
RUST_UIO: uio_fread requested=4 read=4
RUST_UIO: uio_fread requested=8 read=8
RUST_UIO: uio_fread requested=1 read=1
RUST_UIO: uio_fread requested=4 read=4
RUST_UIO: uio_fread requested=8 read=8
RUST_UIO: uio_fread requested=17 read=17
RUST_UIO: uio_fread requested=4 read=4
RUST_UIO: uio_fclose called
RUST_UIO: uio_fopen entry
RUST_UIO: uio_fopen called
RUST_UIO: uio_fopen path="/Users/runner/work/_temp/s4-command-evidence/bundle/run-0/payloads/native-window.acceptance/inputs/content/base/battle/blast-sml-004.png" mode=rb
RUST_UIO: uio_fopen returning stream=0x600002d0c440
RUST_UIO: uio_fread requested=8 read=8
RUST_UIO: uio_fread requested=8 read=8
RUST_UIO: uio_fread requested=13 read=13
RUST_UIO: uio_fread requested=4 read=4
RUST_UIO: uio_fread requested=8 read=8
RUST_UIO: uio_fread requested=3 read=3
RUST_UIO: uio_fread requested=4 read=4
RUST_UIO: uio_fread requested=8 read=8
RUST_UIO: uio_fread requested=768 read=768
RUST_UIO: uio_fread requested=4 read=4
RUST_UIO: uio_fread requested=8 read=8
RUST_UIO: uio_fread requested=1 read=1
RUST_UIO: uio_fread requested=4 read=4
RUST_UIO: uio_fread requested=8 read=8
RUST_UIO: uio_fread requested=17 read=17
RUST_UIO: uio_fread requested=4 read=4
RUST_UIO: uio_fclose called
RUST_UIO: uio_fopen entry
RUST_UIO: uio_fopen called
RUST_UIO: uio_fopen path="/Users/runner/work/_temp/s4-command-evidence/bundle/run-0/payloads/native-window.acceptance/inputs/content/base/battle/blast-sml-005.png" mode=rb
RUST_UIO: uio_fopen returning stream=0x600002d0c440
RUST_UIO: uio_fread requested=8 read=8
RUST_UIO: uio_fread requested=8 read=8
RUST_UIO: uio_fread requested=13 read=13
RUST_UIO: uio_fread requested=4 read=4
RUST_UIO: uio_fread requested=8 read=8
RUST_UIO: uio_fread requested=3 read=3
RUST_UIO: uio_fread requested=4 read=4
RUST_UIO: uio_fread requested=8 read=8
RUST_UIO: uio_fread requested=768 read=768
RUST_UIO: uio_fread requested=4 read=4
RUST_UIO: uio_fread requested=8 read=8
RUST_UIO: uio_fread requested=1 read=1
RUST_UIO: uio_fread requested=4 read=4
RUST_UIO: uio_fread requested=8 read=8
RUST_UIO: uio_fread requested=18 read=18
RUST_UIO: uio_fread requested=4 read=4
RUST_UIO: uio_fclose called
RUST_UIO: uio_fopen entry
RUST_UIO: uio_fopen called
RUST_UIO: uio_fopen path="/Users/runner/work/_temp/s4-command-evidence/bundle/run-0/payloads/native-window.acceptance/inputs/content/base/battle/blast-sml-006.png" mode=rb
RUST_UIO: uio_fopen returning stream=0x600002d0c440
RUST_UIO: uio_fread requested=8 read=8
RUST_UIO: uio_fread requested=8 read=8
RUST_UIO: uio_fread requested=13 read=13
RUST_UIO: uio_fread requested=4 read=4
RUST_UIO: uio_fread requested=8 read=8
RUST_UIO: uio_fread requested=3 read=3
RUST_UIO: uio_fread requested=4 read=4
RUST_UIO: uio_fread requested=8 read=8
RUST_UIO: uio_fread requested=768 read=768
RUST_UIO: uio_fread requested=4 read=4
RUST_UIO: uio_fread requested=8 read=8
RUST_UIO: uio_fread requested=1 read=1
RUST_UIO: uio_fread requested=4 read=4
RUST_UIO: uio_fread requested=8 read=8
RUST_UIO: uio_fread requested=18 read=18
RUST_UIO: uio_fread requested=4 read=4
RUST_UIO: uio_fclose called
RUST_UIO: uio_fopen entry
RUST_UIO: uio_fopen called
RUST_UIO: uio_fopen path="/Users/runner/work/_temp/s4-command-evidence/bundle/run-0/payloads/native-window.acceptance/inputs/content/base/battle/blast-sml-007.png" mode=rb
RUST_UIO: uio_fopen returning stream=0x600002d0c440
RUST_UIO: uio_fread requested=8 read=8
RUST_UIO: uio_fread requested=8 read=8
RUST_UIO: uio_fread requested=13 read=13
RUST_UIO: uio_fread requested=4 read=4
RUST_UIO: uio_fread requested=8 read=8
RUST_UIO: uio_fread requested=3 read=3
RUST_UIO: uio_fread requested=4 read=4
RUST_UIO: uio_fread requested=8 read=8
RUST_UIO: uio_fread requested=768 read=768
RUST_UIO: uio_fread requested=4 read=4
RUST_UIO: uio_fread requested=8 read=8
RUST_UIO: uio_fread requested=1 read=1
RUST_UIO: uio_fread requested=4 read=4
RUST_UIO: uio_fread requested=8 read=8
RUST_UIO: uio_fread requested=17 read=17
RUST_UIO: uio_fread requested=4 read=4
RUST_UIO: uio_fclose called
RUST_UIO: uio_fclose called
RUST_UIO: uio_stat called
RUST_UIO: uio_fopen entry
RUST_UIO: uio_fopen called
RUST_UIO: uio_fopen path="/Users/runner/work/_temp/s4-command-evidence/bundle/run-0/payloads/native-window.acceptance/inputs/content/base/battle/asteroid-big.ani" mode=rb
RUST_UIO: uio_fopen returning stream=0x600002d0c440
RUST_UIO: uio_fread requested=4 read=4
RUST_UIO: uio_fopen entry
RUST_UIO: uio_fopen called
RUST_UIO: uio_fopen path="/Users/runner/work/_temp/s4-command-evidence/bundle/run-0/payloads/native-window.acceptance/inputs/content/base/battle/asteroid-big-000.png" mode=rb
RUST_UIO: uio_fopen returning stream=0x600002d0cd80
RUST_UIO: uio_fread requested=8 read=8
RUST_UIO: uio_fread requested=8 read=8
RUST_UIO: uio_fread requested=13 read=13
RUST_UIO: uio_fread requested=4 read=4
RUST_UIO: uio_fread requested=8 read=8
RUST_UIO: uio_fread requested=3 read=3
RUST_UIO: uio_fread requested=4 read=4
RUST_UIO: uio_fread requested=8 read=8
RUST_UIO: uio_fread requested=768 read=768
RUST_UIO: uio_fread requested=4 read=4
RUST_UIO: uio_fread requested=8 read=8
RUST_UIO: uio_fread requested=1 read=1
RUST_UIO: uio_fread requested=4 read=4
RUST_UIO: uio_fread requested=8 read=8
RUST_UIO: uio_fread requested=188 read=188
RUST_UIO: uio_fread requested=4 read=4
RUST_UIO: uio_fclose called
RUST_UIO: uio_fopen entry
RUST_UIO: uio_fopen called
RUST_UIO: uio_fopen path="/Users/runner/work/_temp/s4-command-evidence/bundle/run-0/payloads/native-window.acceptance/inputs/content/base/battle/asteroid-big-001.png" mode=rb
RUST_UIO: uio_fopen returning stream=0x600002d0cd80
RUST_UIO: uio_fread requested=8 read=8
RUST_UIO: uio_fread requested=8 read=8
RUST_UIO: uio_fread requested=13 read=13
RUST_UIO: uio_fread requested=4 read=4
RUST_UIO: uio_fread requested=8 read=8
RUST_UIO: uio_fread requested=3 read=3
RUST_UIO: uio_fread requested=4 read=4
RUST_UIO: uio_fread requested=8 read=8
RUST_UIO: uio_fread requested=768 read=768
RUST_UIO: uio_fread requested=4 read=4
RUST_UIO: uio_fread requested=8 read=8
RUST_UIO: uio_fread requested=1 read=1
RUST_UIO: uio_fread requested=4 read=4
RUST_UIO: uio_fread requested=8 read=8
RUST_UIO: uio_fread requested=197 read=197
RUST_UIO: uio_fread requested=4 read=4
RUST_UIO: uio_fclose called
RUST_UIO: uio_fopen entry
RUST_UIO: uio_fopen called
RUST_UIO: uio_fopen path="/Users/runner/work/_temp/s4-command-evidence/bundle/run-0/payloads/native-window.acceptance/inputs/content/base/battle/asteroid-big-002.png" mode=rb
RUST_UIO: uio_fopen returning stream=0x600002d0cd80
RUST_UIO: uio_fread requested=8 read=8
RUST_UIO: uio_fread requested=8 read=8
RUST_UIO: uio_fread requested=13 read=13
RUST_UIO: uio_fread requested=4 read=4
RUST_UIO: uio_fread requested=8 read=8
RUST_UIO: uio_fread requested=3 read=3
RUST_UIO: uio_fread requested=4 read=4
RUST_UIO: uio_fread requested=8 read=8
RUST_UIO: uio_fread requested=768 read=768
RUST_UIO: uio_fread requested=4 read=4
RUST_UIO: uio_fread requested=8 read=8
RUST_UIO: uio_fread requested=1 read=1
RUST_UIO: uio_fread requested=4 read=4
RUST_UIO: uio_fread requested=8 read=8
RUST_UIO: uio_fread requested=227 read=227
RUST_UIO: uio_fread requested=4 read=4
RUST_UIO: uio_fclose called
RUST_UIO: uio_fopen entry
RUST_UIO: uio_fopen called
RUST_UIO: uio_fopen path="/Users/runner/work/_temp/s4-command-evidence/bundle/run-0/payloads/native-window.acceptance/inputs/content/base/battle/asteroid-big-003.png" mode=rb
RUST_UIO: uio_fopen returning stream=0x600002d0cd80
RUST_UIO: uio_fread requested=8 read=8
RUST_UIO: uio_fread requested=8 read=8
RUST_UIO: uio_fread requested=13 read=13
RUST_UIO: uio_fread requested=4 read=4
RUST_UIO: uio_fread requested=8 read=8
RUST_UIO: uio_fread requested=3 read=3
RUST_UIO: uio_fread requested=4 read=4
RUST_UIO: uio_fread requested=8 read=8
RUST_UIO: uio_fread requested=768 read=768
RUST_UIO: uio_fread requested=4 read=4
RUST_UIO: uio_fread requested=8 read=8
RUST_UIO: uio_fread requested=1 read=1
RUST_UIO: uio_fread requested=4 read=4
RUST_UIO: uio_fread requested=8 read=8
RUST_UIO: uio_fread requested=217 read=217
RUST_UIO: uio_fread requested=4 read=4
RUST_UIO: uio_fclose called
RUST_UIO: uio_fopen entry
RUST_UIO: uio_fopen called
RUST_UIO: uio_fopen path="/Users/runner/work/_temp/s4-command-evidence/bundle/run-0/payloads/native-window.acceptance/inputs/content/base/battle/asteroid-big-004.png" mode=rb
RUST_UIO: uio_fopen returning stream=0x600002d0cd80
RUST_UIO: uio_fread requested=8 read=8
RUST_UIO: uio_fread requested=8 read=8
RUST_UIO: uio_fread requested=13 read=13
RUST_UIO: uio_fread requested=4 read=4
RUST_UIO: uio_fread requested=8 read=8
RUST_UIO: uio_fread requested=3 read=3
RUST_UIO: uio_fread requested=4 read=4
RUST_UIO: uio_fread requested=8 read=8
RUST_UIO: uio_fread requested=768 read=768
RUST_UIO: uio_fread requested=4 read=4
RUST_UIO: uio_fread requested=8 read=8
RUST_UIO: uio_fread requested=1 read=1
RUST_UIO: uio_fread requested=4 read=4
RUST_UIO: uio_fread requested=8 read=8
RUST_UIO: uio_fread requested=201 read=201
RUST_UIO: uio_fread requested=4 read=4
RUST_UIO: uio_fclose called
RUST_UIO: uio_fopen entry
RUST_UIO: uio_fopen called
RUST_UIO: uio_fopen path="/Users/runner/work/_temp/s4-command-evidence/bundle/run-0/payloads/native-window.acceptance/inputs/content/base/battle/asteroid-big-005.png" mode=rb
RUST_UIO: uio_fopen returning stream=0x600002d0cd80
RUST_UIO: uio_fread requested=8 read=8
RUST_UIO: uio_fread requested=8 read=8
RUST_UIO: uio_fread requested=13 read=13
RUST_UIO: uio_fread requested=4 read=4
RUST_UIO: uio_fread requested=8 read=8
RUST_UIO: uio_fread requested=3 read=3
RUST_UIO: uio_fread requested=4 read=4
RUST_UIO: uio_fread requested=8 read=8
RUST_UIO: uio_fread requested=768 read=768
RUST_UIO: uio_fread requested=4 read=4
RUST_UIO: uio_fread requested=8 read=8
RUST_UIO: uio_fread requested=1 read=1
RUST_UIO: uio_fread requested=4 read=4
RUST_UIO: uio_fread requested=8 read=8
RUST_UIO: uio_fread requested=186 read=186
RUST_UIO: uio_fread requested=4 read=4
RUST_UIO: uio_fclose called
RUST_UIO: uio_fopen entry
RUST_UIO: uio_fopen called
RUST_UIO: uio_fopen path="/Users/runner/work/_temp/s4-command-evidence/bundle/run-0/payloads/native-window.acceptance/inputs/content/base/battle/asteroid-big-006.png" mode=rb
RUST_UIO: uio_fopen returning stream=0x600002d0cd80
RUST_UIO: uio_fread requested=8 read=8
RUST_UIO: uio_fread requested=8 read=8
RUST_UIO: uio_fread requested=13 read=13
RUST_UIO: uio_fread requested=4 read=4
RUST_UIO: uio_fread requested=8 read=8
RUST_UIO: uio_fread requested=3 read=3
RUST_UIO: uio_fread requested=4 read=4
RUST_UIO: uio_fread requested=8 read=8
RUST_UIO: uio_fread requested=768 read=768
RUST_UIO: uio_fread requested=4 read=4
RUST_UIO: uio_fread requested=8 read=8
RUST_UIO: uio_fread requested=1 read=1
RUST_UIO: uio_fread requested=4 read=4
RUST_UIO: uio_fread requested=8 read=8
RUST_UIO: uio_fread requested=178 read=178
RUST_UIO: uio_fread requested=4 read=4
RUST_UIO: uio_fclose called
RUST_UIO: uio_fopen entry
RUST_UIO: uio_fopen called
RUST_UIO: uio_fopen path="/Users/runner/work/_temp/s4-command-evidence/bundle/run-0/payloads/native-window.acceptance/inputs/content/base/battle/asteroid-big-007.png" mode=rb
RUST_UIO: uio_fopen returning stream=0x600002d0cd80
RUST_UIO: uio_fread requested=8 read=8
RUST_UIO: uio_fread requested=8 read=8
RUST_UIO: uio_fread requested=13 read=13
RUST_UIO: uio_fread requested=4 read=4
RUST_UIO: uio_fread requested=8 read=8
RUST_UIO: uio_fread requested=3 read=3
RUST_UIO: uio_fread requested=4 read=4
RUST_UIO: uio_fread requested=8 read=8
RUST_UIO: uio_fread requested=768 read=768
RUST_UIO: uio_fread requested=4 read=4
RUST_UIO: uio_fread requested=8 read=8
RUST_UIO: uio_fread requested=1 read=1
RUST_UIO: uio_fread requested=4 read=4
RUST_UIO: uio_fread requested=8 read=8
RUST_UIO: uio_fread requested=208 read=208
RUST_UIO: uio_fread requested=4 read=4
RUST_UIO: uio_fclose called
RUST_UIO: uio_fopen entry
RUST_UIO: uio_fopen called
RUST_UIO: uio_fopen path="/Users/runner/work/_temp/s4-command-evidence/bundle/run-0/payloads/native-window.acceptance/inputs/content/base/battle/asteroid-big-008.png" mode=rb
RUST_UIO: uio_fopen returning stream=0x600002d0cd80
RUST_UIO: uio_fread requested=8 read=8
RUST_UIO: uio_fread requested=8 read=8
RUST_UIO: uio_fread requested=13 read=13
RUST_UIO: uio_fread requested=4 read=4
RUST_UIO: uio_fread requested=8 read=8
RUST_UIO: uio_fread requested=3 read=3
RUST_UIO: uio_fread requested=4 read=4
RUST_UIO: uio_fread requested=8 read=8
RUST_UIO: uio_fread requested=768 read=768
RUST_UIO: uio_fread requested=4 read=4
RUST_UIO: uio_fread requested=8 read=8
RUST_UIO: uio_fread requested=1 read=1
RUST_UIO: uio_fread requested=4 read=4
RUST_UIO: uio_fread requested=8 read=8
RUST_UIO: uio_fread requested=205 read=205
RUST_UIO: uio_fread requested=4 read=4
RUST_UIO: uio_fclose called
RUST_UIO: uio_fopen entry
RUST_UIO: uio_fopen called
RUST_UIO: uio_fopen path="/Users/runner/work/_temp/s4-command-evidence/bundle/run-0/payloads/native-window.acceptance/inputs/content/base/battle/asteroid-big-009.png" mode=rb
RUST_UIO: uio_fopen returning stream=0x600002d0cd80
RUST_UIO: uio_fread requested=8 read=8
RUST_UIO: uio_fread requested=8 read=8
RUST_UIO: uio_fread requested=13 read=13
RUST_UIO: uio_fread requested=4 read=4
RUST_UIO: uio_fread requested=8 read=8
RUST_UIO: uio_fread requested=3 read=3
RUST_UIO: uio_fread requested=4 read=4
RUST_UIO: uio_fread requested=8 read=8
RUST_UIO: uio_fread requested=768 read=768
RUST_UIO: uio_fread requested=4 read=4
RUST_UIO: uio_fread requested=8 read=8
RUST_UIO: uio_fread requested=1 read=1
RUST_UIO: uio_fread requested=4 read=4
RUST_UIO: uio_fread requested=8 read=8
RUST_UIO: uio_fread requested=190 read=190
RUST_UIO: uio_fread requested=4 read=4
RUST_UIO: uio_fclose called
RUST_UIO: uio_fopen entry
RUST_UIO: uio_fopen called
RUST_UIO: uio_fopen path="/Users/runner/work/_temp/s4-command-evidence/bundle/run-0/payloads/native-window.acceptance/inputs/content/base/battle/asteroid-big-010.png" mode=rb
RUST_UIO: uio_fopen returning stream=0x600002d0cd80
RUST_UIO: uio_fread requested=8 read=8
RUST_UIO: uio_fread requested=8 read=8
RUST_UIO: uio_fread requested=13 read=13
RUST_UIO: uio_fread requested=4 read=4
RUST_UIO: uio_fread requested=8 read=8
RUST_UIO: uio_fread requested=3 read=3
RUST_UIO: uio_fread requested=4 read=4
RUST_UIO: uio_fread requested=8 read=8
RUST_UIO: uio_fread requested=768 read=768
RUST_UIO: uio_fread requested=4 read=4
RUST_UIO: uio_fread requested=8 read=8
RUST_UIO: uio_fread requested=1 read=1
RUST_UIO: uio_fread requested=4 read=4
RUST_UIO: uio_fread requested=8 read=8
RUST_UIO: uio_fread requested=186 read=186
RUST_UIO: uio_fread requested=4 read=4
RUST_UIO: uio_fclose called
RUST_UIO: uio_fopen entry
RUST_UIO: uio_fopen called
RUST_UIO: uio_fopen path="/Users/runner/work/_temp/s4-command-evidence/bundle/run-0/payloads/native-window.acceptance/inputs/content/base/battle/asteroid-big-011.png" mode=rb
RUST_UIO: uio_fopen returning stream=0x600002d0cd80
RUST_UIO: uio_fread requested=8 read=8
RUST_UIO: uio_fread requested=8 read=8
RUST_UIO: uio_fread requested=13 read=13
RUST_UIO: uio_fread requested=4 read=4
RUST_UIO: uio_fread requested=8 read=8
RUST_UIO: uio_fread requested=3 read=3
RUST_UIO: uio_fread requested=4 read=4
RUST_UIO: uio_fread requested=8 read=8
RUST_UIO: uio_fread requested=768 read=768
RUST_UIO: uio_fread requested=4 read=4
RUST_UIO: uio_fread requested=8 read=8
RUST_UIO: uio_fread requested=1 read=1
RUST_UIO: uio_fread requested=4 read=4
RUST_UIO: uio_fread requested=8 read=8
RUST_UIO: uio_fread requested=191 read=191
RUST_UIO: uio_fread requested=4 read=4
RUST_UIO: uio_fclose called
RUST_UIO: uio_fopen entry
RUST_UIO: uio_fopen called
RUST_UIO: uio_fopen path="/Users/runner/work/_temp/s4-command-evidence/bundle/run-0/payloads/native-window.acceptance/inputs/content/base/battle/asteroid-big-012.png" mode=rb
RUST_UIO: uio_fopen returning stream=0x600002d0cd80
RUST_UIO: uio_fread requested=8 read=8
RUST_UIO: uio_fread requested=8 read=8
RUST_UIO: uio_fread requested=13 read=13
RUST_UIO: uio_fread requested=4 read=4
RUST_UIO: uio_fread requested=8 read=8
RUST_UIO: uio_fread requested=3 read=3
RUST_UIO: uio_fread requested=4 read=4
RUST_UIO: uio_fread requested=8 read=8
RUST_UIO: uio_fread requested=768 read=768
RUST_UIO: uio_fread requested=4 read=4
RUST_UIO: uio_fread requested=8 read=8
RUST_UIO: uio_fread requested=1 read=1
RUST_UIO: uio_fread requested=4 read=4
RUST_UIO: uio_fread requested=8 read=8
RUST_UIO: uio_fread requested=202 read=202
RUST_UIO: uio_fread requested=4 read=4
RUST_UIO: uio_fclose called
RUST_UIO: uio_fopen entry
RUST_UIO: uio_fopen called
RUST_UIO: uio_fopen path="/Users/runner/work/_temp/s4-command-evidence/bundle/run-0/payloads/native-window.acceptance/inputs/content/base/battle/asteroid-big-013.png" mode=rb
RUST_UIO: uio_fopen returning stream=0x600002d0cd80
RUST_UIO: uio_fread requested=8 read=8
RUST_UIO: uio_fread requested=8 read=8
RUST_UIO: uio_fread requested=13 read=13
RUST_UIO: uio_fread requested=4 read=4
RUST_UIO: uio_fread requested=8 read=8
RUST_UIO: uio_fread requested=3 read=3
RUST_UIO: uio_fread requested=4 read=4
RUST_UIO: uio_fread requested=8 read=8
RUST_UIO: uio_fread requested=768 read=768
RUST_UIO: uio_fread requested=4 read=4
RUST_UIO: uio_fread requested=8 read=8
RUST_UIO: uio_fread requested=1 read=1
RUST_UIO: uio_fread requested=4 read=4
RUST_UIO: uio_fread requested=8 read=8
RUST_UIO: uio_fread requested=172 read=172
RUST_UIO: uio_fread requested=4 read=4
RUST_UIO: uio_fclose called
RUST_UIO: uio_fopen entry
RUST_UIO: uio_fopen called
RUST_UIO: uio_fopen path="/Users/runner/work/_temp/s4-command-evidence/bundle/run-0/payloads/native-window.acceptance/inputs/content/base/battle/asteroid-big-014.png" mode=rb
RUST_UIO: uio_fopen returning stream=0x600002d0cd80
RUST_UIO: uio_fread requested=8 read=8
RUST_UIO: uio_fread requested=8 read=8
RUST_UIO: uio_fread requested=13 read=13
RUST_UIO: uio_fread requested=4 read=4
RUST_UIO: uio_fread requested=8 read=8
RUST_UIO: uio_fread requested=3 read=3
RUST_UIO: uio_fread requested=4 read=4
RUST_UIO: uio_fread requested=8 read=8
RUST_UIO: uio_fread requested=768 read=768
RUST_UIO: uio_fread requested=4 read=4
RUST_UIO: uio_fread requested=8 read=8
RUST_UIO: uio_fread requested=1 read=1
RUST_UIO: uio_fread requested=4 read=4
RUST_UIO: uio_fread requested=8 read=8
RUST_UIO: uio_fread requested=164 read=164
RUST_UIO: uio_fread requested=4 read=4
RUST_UIO: uio_fclose called
RUST_UIO: uio_fopen entry
RUST_UIO: uio_fopen called
RUST_UIO: uio_fopen path="/Users/runner/work/_temp/s4-command-evidence/bundle/run-0/payloads/native-window.acceptance/inputs/content/base/battle/asteroid-big-015.png" mode=rb
RUST_UIO: uio_fopen returning stream=0x600002d0cd80
RUST_UIO: uio_fread requested=8 read=8
RUST_UIO: uio_fread requested=8 read=8
RUST_UIO: uio_fread requested=13 read=13
RUST_UIO: uio_fread requested=4 read=4
RUST_UIO: uio_fread requested=8 read=8
RUST_UIO: uio_fread requested=3 read=3
RUST_UIO: uio_fread requested=4 read=4
RUST_UIO: uio_fread requested=8 read=8
RUST_UIO: uio_fread requested=768 read=768
RUST_UIO: uio_fread requested=4 read=4
RUST_UIO: uio_fread requested=8 read=8
RUST_UIO: uio_fread requested=1 read=1
RUST_UIO: uio_fread requested=4 read=4
RUST_UIO: uio_fread requested=8 read=8
RUST_UIO: uio_fread requested=172 read=172
RUST_UIO: uio_fread requested=4 read=4
RUST_UIO: uio_fclose called
RUST_UIO: uio_fopen entry
RUST_UIO: uio_fopen called
RUST_UIO: uio_fopen path="/Users/runner/work/_temp/s4-command-evidence/bundle/run-0/payloads/native-window.acceptance/inputs/content/base/battle/asteroid-big-016.png" mode=rb
RUST_UIO: uio_fopen returning stream=0x600002d0cd80
RUST_UIO: uio_fread requested=8 read=8
RUST_UIO: uio_fread requested=8 read=8
RUST_UIO: uio_fread requested=13 read=13
RUST_UIO: uio_fread requested=4 read=4
RUST_UIO: uio_fread requested=8 read=8
RUST_UIO: uio_fread requested=3 read=3
RUST_UIO: uio_fread requested=4 read=4
RUST_UIO: uio_fread requested=8 read=8
RUST_UIO: uio_fread requested=768 read=768
RUST_UIO: uio_fread requested=4 read=4
RUST_UIO: uio_fread requested=8 read=8
RUST_UIO: uio_fread requested=1 read=1
RUST_UIO: uio_fread requested=4 read=4
RUST_UIO: uio_fread requested=8 read=8
RUST_UIO: uio_fread requested=148 read=148
RUST_UIO: uio_fread requested=4 read=4
RUST_UIO: uio_fclose called
RUST_UIO: uio_fopen entry
RUST_UIO: uio_fopen called
RUST_UIO: uio_fopen path="/Users/runner/work/_temp/s4-command-evidence/bundle/run-0/payloads/native-window.acceptance/inputs/content/base/battle/asteroid-big-017.png" mode=rb
RUST_UIO: uio_fopen returning stream=0x600002d0cd80
RUST_UIO: uio_fread requested=8 read=8
RUST_UIO: uio_fread requested=8 read=8
RUST_UIO: uio_fread requested=13 read=13
RUST_UIO: uio_fread requested=4 read=4
RUST_UIO: uio_fread requested=8 read=8
RUST_UIO: uio_fread requested=3 read=3
RUST_UIO: uio_fread requested=4 read=4
RUST_UIO: uio_fread requested=8 read=8
RUST_UIO: uio_fread requested=768 read=768
RUST_UIO: uio_fread requested=4 read=4
RUST_UIO: uio_fread requested=8 read=8
RUST_UIO: uio_fread requested=1 read=1
RUST_UIO: uio_fread requested=4 read=4
RUST_UIO: uio_fread requested=8 read=8
RUST_UIO: uio_fread requested=141 read=141
RUST_UIO: uio_fread requested=4 read=4
RUST_UIO: uio_fclose called
RUST_UIO: uio_fopen entry
RUST_UIO: uio_fopen called
RUST_UIO: uio_fopen path="/Users/runner/work/_temp/s4-command-evidence/bundle/run-0/payloads/native-window.acceptance/inputs/content/base/battle/asteroid-big-018.png" mode=rb
RUST_UIO: uio_fopen returning stream=0x600002d0cd80
RUST_UIO: uio_fread requested=8 read=8
RUST_UIO: uio_fread requested=8 read=8
RUST_UIO: uio_fread requested=13 read=13
RUST_UIO: uio_fread requested=4 read=4
RUST_UIO: uio_fread requested=8 read=8
RUST_UIO: uio_fread requested=3 read=3
RUST_UIO: uio_fread requested=4 read=4
RUST_UIO: uio_fread requested=8 read=8
RUST_UIO: uio_fread requested=768 read=768
RUST_UIO: uio_fread requested=4 read=4
RUST_UIO: uio_fread requested=8 read=8
RUST_UIO: uio_fread requested=1 read=1
RUST_UIO: uio_fread requested=4 read=4
RUST_UIO: uio_fread requested=8 read=8
RUST_UIO: uio_fread requested=127 read=127
RUST_UIO: uio_fread requested=4 read=4
RUST_UIO: uio_fclose called
RUST_UIO: uio_fopen entry
RUST_UIO: uio_fopen called
RUST_UIO: uio_fopen path="/Users/runner/work/_temp/s4-command-evidence/bundle/run-0/payloads/native-window.acceptance/inputs/content/base/battle/asteroid-big-019.png" mode=rb
RUST_UIO: uio_fopen returning stream=0x600002d0cd80
RUST_UIO: uio_fread requested=8 read=8
RUST_UIO: uio_fread requested=8 read=8
RUST_UIO: uio_fread requested=13 read=13
RUST_UIO: uio_fread requested=4 read=4
RUST_UIO: uio_fread requested=8 read=8
RUST_UIO: uio_fread requested=3 read=3
RUST_UIO: uio_fread requested=4 read=4
RUST_UIO: uio_fread requested=8 read=8
RUST_UIO: uio_fread requested=768 read=768
RUST_UIO: uio_fread requested=4 read=4
RUST_UIO: uio_fread requested=8 read=8
RUST_UIO: uio_fread requested=1 read=1
RUST_UIO: uio_fread requested=4 read=4
RUST_UIO: uio_fread requested=8 read=8
RUST_UIO: uio_fread requested=112 read=112
RUST_UIO: uio_fread requested=4 read=4
RUST_UIO: uio_fclose called
RUST_UIO: uio_fopen entry
RUST_UIO: uio_fopen called
RUST_UIO: uio_fopen path="/Users/runner/work/_temp/s4-command-evidence/bundle/run-0/payloads/native-window.acceptance/inputs/content/base/battle/asteroid-big-020.png" mode=rb
RUST_UIO: uio_fopen returning stream=0x600002d0cd80
RUST_UIO: uio_fread requested=8 read=8
RUST_UIO: uio_fread requested=8 read=8
RUST_UIO: uio_fread requested=13 read=13
RUST_UIO: uio_fread requested=4 read=4
RUST_UIO: uio_fread requested=8 read=8
RUST_UIO: uio_fread requested=3 read=3
RUST_UIO: uio_fread requested=4 read=4
RUST_UIO: uio_fread requested=8 read=8
RUST_UIO: uio_fread requested=768 read=768
RUST_UIO: uio_fread requested=4 read=4
RUST_UIO: uio_fread requested=8 read=8
RUST_UIO: uio_fread requested=1 read=1
RUST_UIO: uio_fread requested=4 read=4
RUST_UIO: uio_fread requested=8 read=8
RUST_UIO: uio_fread requested=85 read=85
RUST_UIO: uio_fread requested=4 read=4
RUST_UIO: uio_fclose called
RUST_UIO: uio_fclose called
RUST_UIO: uio_stat called
RUST_UIO: uio_fopen entry
RUST_UIO: uio_fopen called
RUST_UIO: uio_fopen path="/Users/runner/work/_temp/s4-command-evidence/bundle/run-0/payloads/native-window.acceptance/inputs/content/base/battle/asteroid-med.ani" mode=rb
RUST_UIO: uio_fopen returning stream=0x600002d0c440
RUST_UIO: uio_fread requested=4 read=4
RUST_UIO: uio_fopen entry
RUST_UIO: uio_fopen called
RUST_UIO: uio_fopen path="/Users/runner/work/_temp/s4-command-evidence/bundle/run-0/payloads/native-window.acceptance/inputs/content/base/battle/asteroid-med-000.png" mode=rb
RUST_UIO: uio_fopen returning stream=0x600002d0cd80
RUST_UIO: uio_fread requested=8 read=8
RUST_UIO: uio_fread requested=8 read=8
RUST_UIO: uio_fread requested=13 read=13
RUST_UIO: uio_fread requested=4 read=4
RUST_UIO: uio_fread requested=8 read=8
RUST_UIO: uio_fread requested=3 read=3
RUST_UIO: uio_fread requested=4 read=4
RUST_UIO: uio_fread requested=8 read=8
RUST_UIO: uio_fread requested=768 read=768
RUST_UIO: uio_fread requested=4 read=4
RUST_UIO: uio_fread requested=8 read=8
RUST_UIO: uio_fread requested=1 read=1
RUST_UIO: uio_fread requested=4 read=4
RUST_UIO: uio_fread requested=8 read=8
RUST_UIO: uio_fread requested=76 read=76
RUST_UIO: uio_fread requested=4 read=4
RUST_UIO: uio_fclose called
RUST_UIO: uio_fopen entry
RUST_UIO: uio_fopen called
RUST_UIO: uio_fopen path="/Users/runner/work/_temp/s4-command-evidence/bundle/run-0/payloads/native-window.acceptance/inputs/content/base/battle/asteroid-med-001.png" mode=rb
RUST_UIO: uio_fopen returning stream=0x600002d0cd80
RUST_UIO: uio_fread requested=8 read=8
RUST_UIO: uio_fread requested=8 read=8
RUST_UIO: uio_fread requested=13 read=13
RUST_UIO: uio_fread requested=4 read=4
RUST_UIO: uio_fread requested=8 read=8
RUST_UIO: uio_fread requested=3 read=3
RUST_UIO: uio_fread requested=4 read=4
RUST_UIO: uio_fread requested=8 read=8
RUST_UIO: uio_fread requested=768 read=768
RUST_UIO: uio_fread requested=4 read=4
RUST_UIO: uio_fread requested=8 read=8
RUST_UIO: uio_fread requested=1 read=1
RUST_UIO: uio_fread requested=4 read=4
RUST_UIO: uio_fread requested=8 read=8
RUST_UIO: uio_fread requested=79 read=79
RUST_UIO: uio_fread requested=4 read=4
RUST_UIO: uio_fclose called
RUST_UIO: uio_fopen entry
RUST_UIO: uio_fopen called
RUST_UIO: uio_fopen path="/Users/runner/work/_temp/s4-command-evidence/bundle/run-0/payloads/native-window.acceptance/inputs/content/base/battle/asteroid-med-002.png" mode=rb
RUST_UIO: uio_fopen returning stream=0x600002d0cd80
RUST_UIO: uio_fread requested=8 read=8
RUST_UIO: uio_fread requested=8 read=8
RUST_UIO: uio_fread requested=13 read=13
RUST_UIO: uio_fread requested=4 read=4
RUST_UIO: uio_fread requested=8 read=8
RUST_UIO: uio_fread requested=3 read=3
RUST_UIO: uio_fread requested=4 read=4
RUST_UIO: uio_fread requested=8 read=8
RUST_UIO: uio_fread requested=768 read=768
RUST_UIO: uio_fread requested=4 read=4
RUST_UIO: uio_fread requested=8 read=8
RUST_UIO: uio_fread requested=1 read=1
RUST_UIO: uio_fread requested=4 read=4
RUST_UIO: uio_fread requested=8 read=8
RUST_UIO: uio_fread requested=83 read=83
RUST_UIO: uio_fread requested=4 read=4
RUST_UIO: uio_fclose called
RUST_UIO: uio_fopen entry
RUST_UIO: uio_fopen called
RUST_UIO: uio_fopen path="/Users/runner/work/_temp/s4-command-evidence/bundle/run-0/payloads/native-window.acceptance/inputs/content/base/battle/asteroid-med-003.png" mode=rb
RUST_UIO: uio_fopen returning stream=0x600002d0cd80
RUST_UIO: uio_fread requested=8 read=8
RUST_UIO: uio_fread requested=8 read=8
RUST_UIO: uio_fread requested=13 read=13
RUST_UIO: uio_fread requested=4 read=4
RUST_UIO: uio_fread requested=8 read=8
RUST_UIO: uio_fread requested=3 read=3
RUST_UIO: uio_fread requested=4 read=4
RUST_UIO: uio_fread requested=8 read=8
RUST_UIO: uio_fread requested=768 read=768
RUST_UIO: uio_fread requested=4 read=4
RUST_UIO: uio_fread requested=8 read=8
RUST_UIO: uio_fread requested=1 read=1
RUST_UIO: uio_fread requested=4 read=4
RUST_UIO: uio_fread requested=8 read=8
RUST_UIO: uio_fread requested=85 read=85
RUST_UIO: uio_fread requested=4 read=4
RUST_UIO: uio_fclose called
RUST_UIO: uio_fopen entry
RUST_UIO: uio_fopen called
RUST_UIO: uio_fopen path="/Users/runner/work/_temp/s4-command-evidence/bundle/run-0/payloads/native-window.acceptance/inputs/content/base/battle/asteroid-med-004.png" mode=rb
RUST_UIO: uio_fopen returning stream=0x600002d0cd80
RUST_UIO: uio_fread requested=8 read=8
RUST_UIO: uio_fread requested=8 read=8
RUST_UIO: uio_fread requested=13 read=13
RUST_UIO: uio_fread requested=4 read=4
RUST_UIO: uio_fread requested=8 read=8
RUST_UIO: uio_fread requested=3 read=3
RUST_UIO: uio_fread requested=4 read=4
RUST_UIO: uio_fread requested=8 read=8
RUST_UIO: uio_fread requested=768 read=768
RUST_UIO: uio_fread requested=4 read=4
RUST_UIO: uio_fread requested=8 read=8
RUST_UIO: uio_fread requested=1 read=1
RUST_UIO: uio_fread requested=4 read=4
RUST_UIO: uio_fread requested=8 read=8
RUST_UIO: uio_fread requested=81 read=81
RUST_UIO: uio_fread requested=4 read=4
RUST_UIO: uio_fclose called
RUST_UIO: uio_fopen entry
RUST_UIO: uio_fopen called
RUST_UIO: uio_fopen path="/Users/runner/work/_temp/s4-command-evidence/bundle/run-0/payloads/native-window.acceptance/inputs/content/base/battle/asteroid-med-005.png" mode=rb
RUST_UIO: uio_fopen returning stream=0x600002d0cd80
RUST_UIO: uio_fread requested=8 read=8
RUST_UIO: uio_fread requested=8 read=8
RUST_UIO: uio_fread requested=13 read=13
RUST_UIO: uio_fread requested=4 read=4
RUST_UIO: uio_fread requested=8 read=8
RUST_UIO: uio_fread requested=3 read=3
RUST_UIO: uio_fread requested=4 read=4
RUST_UIO: uio_fread requested=8 read=8
RUST_UIO: uio_fread requested=768 read=768
RUST_UIO: uio_fread requested=4 read=4
RUST_UIO: uio_fread requested=8 read=8
RUST_UIO: uio_fread requested=1 read=1
RUST_UIO: uio_fread requested=4 read=4
RUST_UIO: uio_fread requested=8 read=8
RUST_UIO: uio_fread requested=74 read=74
RUST_UIO: uio_fread requested=4 read=4
RUST_UIO: uio_fclose called
RUST_UIO: uio_fopen entry
RUST_UIO: uio_fopen called
RUST_UIO: uio_fopen path="/Users/runner/work/_temp/s4-command-evidence/bundle/run-0/payloads/native-window.acceptance/inputs/content/base/battle/asteroid-med-006.png" mode=rb
RUST_UIO: uio_fopen returning stream=0x600002d0cd80
RUST_UIO: uio_fread requested=8 read=8
RUST_UIO: uio_fread requested=8 read=8
RUST_UIO: uio_fread requested=13 read=13
RUST_UIO: uio_fread requested=4 read=4
RUST_UIO: uio_fread requested=8 read=8
RUST_UIO: uio_fread requested=3 read=3
RUST_UIO: uio_fread requested=4 read=4
RUST_UIO: uio_fread requested=8 read=8
RUST_UIO: uio_fread requested=768 read=768
RUST_UIO: uio_fread requested=4 read=4
RUST_UIO: uio_fread requested=8 read=8
RUST_UIO: uio_fread requested=1 read=1
RUST_UIO: uio_fread requested=4 read=4
RUST_UIO: uio_fread requested=8 read=8
RUST_UIO: uio_fread requested=73 read=73
RUST_UIO: uio_fread requested=4 read=4
RUST_UIO: uio_fclose called
RUST_UIO: uio_fopen entry
RUST_UIO: uio_fopen called
RUST_UIO: uio_fopen path="/Users/runner/work/_temp/s4-command-evidence/bundle/run-0/payloads/native-window.acceptance/inputs/content/base/battle/asteroid-med-007.png" mode=rb
RUST_UIO: uio_fopen returning stream=0x600002d0cd80
RUST_UIO: uio_fread requested=8 read=8
RUST_UIO: uio_fread requested=8 read=8
RUST_UIO: uio_fread requested=13 read=13
RUST_UIO: uio_fread requested=4 read=4
RUST_UIO: uio_fread requested=8 read=8
RUST_UIO: uio_fread requested=3 read=3
RUST_UIO: uio_fread requested=4 read=4
RUST_UIO: uio_fread requested=8 read=8
RUST_UIO: uio_fread requested=768 read=768
RUST_UIO: uio_fread requested=4 read=4
RUST_UIO: uio_fread requested=8 read=8
RUST_UIO: uio_fread requested=1 read=1
RUST_UIO: uio_fread requested=4 read=4
RUST_UIO: uio_fread requested=8 read=8
RUST_UIO: uio_fread requested=79 read=79
RUST_UIO: uio_fread requested=4 read=4
RUST_UIO: uio_fclose called
RUST_UIO: uio_fopen entry
RUST_UIO: uio_fopen called
RUST_UIO: uio_fopen path="/Users/runner/work/_temp/s4-command-evidence/bundle/run-0/payloads/native-window.acceptance/inputs/content/base/battle/asteroid-med-008.png" mode=rb
RUST_UIO: uio_fopen returning stream=0x600002d0cd80
RUST_UIO: uio_fread requested=8 read=8
RUST_UIO: uio_fread requested=8 read=8
RUST_UIO: uio_fread requested=13 read=13
RUST_UIO: uio_fread requested=4 read=4
RUST_UIO: uio_fread requested=8 read=8
RUST_UIO: uio_fread requested=3 read=3
RUST_UIO: uio_fread requested=4 read=4
RUST_UIO: uio_fread requested=8 read=8
RUST_UIO: uio_fread requested=768 read=768
RUST_UIO: uio_fread requested=4 read=4
RUST_UIO: uio_fread requested=8 read=8
RUST_UIO: uio_fread requested=1 read=1
RUST_UIO: uio_fread requested=4 read=4
RUST_UIO: uio_fread requested=8 read=8
RUST_UIO: uio_fread requested=78 read=78
RUST_UIO: uio_fread requested=4 read=4
RUST_UIO: uio_fclose called
RUST_UIO: uio_fopen entry
RUST_UIO: uio_fopen called
RUST_UIO: uio_fopen path="/Users/runner/work/_temp/s4-command-evidence/bundle/run-0/payloads/native-window.acceptance/inputs/content/base/battle/asteroid-med-009.png" mode=rb
RUST_UIO: uio_fopen returning stream=0x600002d0cd80
RUST_UIO: uio_fread requested=8 read=8
RUST_UIO: uio_fread requested=8 read=8
RUST_UIO: uio_fread requested=13 read=13
RUST_UIO: uio_fread requested=4 read=4
RUST_UIO: uio_fread requested=8 read=8
RUST_UIO: uio_fread requested=3 read=3
RUST_UIO: uio_fread requested=4 read=4
RUST_UIO: uio_fread requested=8 read=8
RUST_UIO: uio_fread requested=768 read=768
RUST_UIO: uio_fread requested=4 read=4
RUST_UIO: uio_fread requested=8 read=8
RUST_UIO: uio_fread requested=1 read=1
RUST_UIO: uio_fread requested=4 read=4
RUST_UIO: uio_fread requested=8 read=8
RUST_UIO: uio_fread requested=70 read=70
RUST_UIO: uio_fread requested=4 read=4
RUST_UIO: uio_fclose called
RUST_UIO: uio_fopen entry
RUST_UIO: uio_fopen called
RUST_UIO: uio_fopen path="/Users/runner/work/_temp/s4-command-evidence/bundle/run-0/payloads/native-window.acceptance/inputs/content/base/battle/asteroid-med-010.png" mode=rb
RUST_UIO: uio_fopen returning stream=0x600002d0cd80
RUST_UIO: uio_fread requested=8 read=8
RUST_UIO: uio_fread requested=8 read=8
RUST_UIO: uio_fread requested=13 read=13
RUST_UIO: uio_fread requested=4 read=4
RUST_UIO: uio_fread requested=8 read=8
RUST_UIO: uio_fread requested=3 read=3
RUST_UIO: uio_fread requested=4 read=4
RUST_UIO: uio_fread requested=8 read=8
RUST_UIO: uio_fread requested=768 read=768
RUST_UIO: uio_fread requested=4 read=4
RUST_UIO: uio_fread requested=8 read=8
RUST_UIO: uio_fread requested=1 read=1
RUST_UIO: uio_fread requested=4 read=4
RUST_UIO: uio_fread requested=8 read=8
RUST_UIO: uio_fread requested=74 read=74
RUST_UIO: uio_fread requested=4 read=4
RUST_UIO: uio_fclose called
RUST_UIO: uio_fopen entry
RUST_UIO: uio_fopen called
RUST_UIO: uio_fopen path="/Users/runner/work/_temp/s4-command-evidence/bundle/run-0/payloads/native-window.acceptance/inputs/content/base/battle/asteroid-med-011.png" mode=rb
RUST_UIO: uio_fopen returning stream=0x600002d0cd80
RUST_UIO: uio_fread requested=8 read=8
RUST_UIO: uio_fread requested=8 read=8
RUST_UIO: uio_fread requested=13 read=13
RUST_UIO: uio_fread requested=4 read=4
RUST_UIO: uio_fread requested=8 read=8
RUST_UIO: uio_fread requested=3 read=3
RUST_UIO: uio_fread requested=4 read=4
RUST_UIO: uio_fread requested=8 read=8
RUST_UIO: uio_fread requested=768 read=768
RUST_UIO: uio_fread requested=4 read=4
RUST_UIO: uio_fread requested=8 read=8
RUST_UIO: uio_fread requested=1 read=1
RUST_UIO: uio_fread requested=4 read=4
RUST_UIO: uio_fread requested=8 read=8
RUST_UIO: uio_fread requested=78 read=78
RUST_UIO: uio_fread requested=4 read=4
RUST_UIO: uio_fclose called
RUST_UIO: uio_fopen entry
RUST_UIO: uio_fopen called
RUST_UIO: uio_fopen path="/Users/runner/work/_temp/s4-command-evidence/bundle/run-0/payloads/native-window.acceptance/inputs/content/base/battle/asteroid-med-012.png" mode=rb
RUST_UIO: uio_fopen returning stream=0x600002d0cd80
RUST_UIO: uio_fread requested=8 read=8
RUST_UIO: uio_fread requested=8 read=8
RUST_UIO: uio_fread requested=13 read=13
RUST_UIO: uio_fread requested=4 read=4
RUST_UIO: uio_fread requested=8 read=8
RUST_UIO: uio_fread requested=3 read=3
RUST_UIO: uio_fread requested=4 read=4
RUST_UIO: uio_fread requested=8 read=8
RUST_UIO: uio_fread requested=768 read=768
RUST_UIO: uio_fread requested=4 read=4
RUST_UIO: uio_fread requested=8 read=8
RUST_UIO: uio_fread requested=1 read=1
RUST_UIO: uio_fread requested=4 read=4
RUST_UIO: uio_fread requested=8 read=8
RUST_UIO: uio_fread requested=76 read=76
RUST_UIO: uio_fread requested=4 read=4
RUST_UIO: uio_fclose called
RUST_UIO: uio_fopen entry
RUST_UIO: uio_fopen called
RUST_UIO: uio_fopen path="/Users/runner/work/_temp/s4-command-evidence/bundle/run-0/payloads/native-window.acceptance/inputs/content/base/battle/asteroid-med-013.png" mode=rb
RUST_UIO: uio_fopen returning stream=0x600002d0cd80
RUST_UIO: uio_fread requested=8 read=8
RUST_UIO: uio_fread requested=8 read=8
RUST_UIO: uio_fread requested=13 read=13
RUST_UIO: uio_fread requested=4 read=4
RUST_UIO: uio_fread requested=8 read=8
RUST_UIO: uio_fread requested=3 read=3
RUST_UIO: uio_fread requested=4 read=4
RUST_UIO: uio_fread requested=8 read=8
RUST_UIO: uio_fread requested=768 read=768
RUST_UIO: uio_fread requested=4 read=4
RUST_UIO: uio_fread requested=8 read=8
RUST_UIO: uio_fread requested=1 read=1
RUST_UIO: uio_fread requested=4 read=4
RUST_UIO: uio_fread requested=8 read=8
RUST_UIO: uio_fread requested=72 read=72
RUST_UIO: uio_fread requested=4 read=4
RUST_UIO: uio_fclose called
RUST_UIO: uio_fopen entry
RUST_UIO: uio_fopen called
RUST_UIO: uio_fopen path="/Users/runner/work/_temp/s4-command-evidence/bundle/run-0/payloads/native-window.acceptance/inputs/content/base/battle/asteroid-med-014.png" mode=rb
RUST_UIO: uio_fopen returning stream=0x600002d0cd80
RUST_UIO: uio_fread requested=8 read=8
RUST_UIO: uio_fread requested=8 read=8
RUST_UIO: uio_fread requested=13 read=13
RUST_UIO: uio_fread requested=4 read=4
RUST_UIO: uio_fread requested=8 read=8
RUST_UIO: uio_fread requested=3 read=3
RUST_UIO: uio_fread requested=4 read=4
RUST_UIO: uio_fread requested=8 read=8
RUST_UIO: uio_fread requested=768 read=768
RUST_UIO: uio_fread requested=4 read=4
RUST_UIO: uio_fread requested=8 read=8
RUST_UIO: uio_fread requested=1 read=1
RUST_UIO: uio_fread requested=4 read=4
RUST_UIO: uio_fread requested=8 read=8
RUST_UIO: uio_fread requested=75 read=75
RUST_UIO: uio_fread requested=4 read=4
RUST_UIO: uio_fclose called
RUST_UIO: uio_fopen entry
RUST_UIO: uio_fopen called
RUST_UIO: uio_fopen path="/Users/runner/work/_temp/s4-command-evidence/bundle/run-0/payloads/native-window.acceptance/inputs/content/base/battle/asteroid-med-015.png" mode=rb
RUST_UIO: uio_fopen returning stream=0x600002d0cd80
RUST_UIO: uio_fread requested=8 read=8
RUST_UIO: uio_fread requested=8 read=8
RUST_UIO: uio_fread requested=13 read=13
RUST_UIO: uio_fread requested=4 read=4
RUST_UIO: uio_fread requested=8 read=8
RUST_UIO: uio_fread requested=3 read=3
RUST_UIO: uio_fread requested=4 read=4
RUST_UIO: uio_fread requested=8 read=8
RUST_UIO: uio_fread requested=768 read=768
RUST_UIO: uio_fread requested=4 read=4
RUST_UIO: uio_fread requested=8 read=8
RUST_UIO: uio_fread requested=1 read=1
RUST_UIO: uio_fread requested=4 read=4
RUST_UIO: uio_fread requested=8 read=8
RUST_UIO: uio_fread requested=74 read=74
RUST_UIO: uio_fread requested=4 read=4
RUST_UIO: uio_fclose called
RUST_UIO: uio_fopen entry
RUST_UIO: uio_fopen called
RUST_UIO: uio_fopen path="/Users/runner/work/_temp/s4-command-evidence/bundle/run-0/payloads/native-window.acceptance/inputs/content/base/battle/asteroid-med-016.png" mode=rb
RUST_UIO: uio_fopen returning stream=0x600002d0cd80
RUST_UIO: uio_fread requested=8 read=8
RUST_UIO: uio_fread requested=8 read=8
RUST_UIO: uio_fread requested=13 read=13
RUST_UIO: uio_fread requested=4 read=4
RUST_UIO: uio_fread requested=8 read=8
RUST_UIO: uio_fread requested=3 read=3
RUST_UIO: uio_fread requested=4 read=4
RUST_UIO: uio_fread requested=8 read=8
RUST_UIO: uio_fread requested=768 read=768
RUST_UIO: uio_fread requested=4 read=4
RUST_UIO: uio_fread requested=8 read=8
RUST_UIO: uio_fread requested=1 read=1
RUST_UIO: uio_fread requested=4 read=4
RUST_UIO: uio_fread requested=8 read=8
RUST_UIO: uio_fread requested=69 read=69
RUST_UIO: uio_fread requested=4 read=4
RUST_UIO: uio_fclose called
RUST_UIO: uio_fopen entry
RUST_UIO: uio_fopen called
RUST_UIO: uio_fopen path="/Users/runner/work/_temp/s4-command-evidence/bundle/run-0/payloads/native-window.acceptance/inputs/content/base/battle/asteroid-med-017.png" mode=rb
RUST_UIO: uio_fopen returning stream=0x600002d0cd80
RUST_UIO: uio_fread requested=8 read=8
RUST_UIO: uio_fread requested=8 read=8
RUST_UIO: uio_fread requested=13 read=13
RUST_UIO: uio_fread requested=4 read=4
RUST_UIO: uio_fread requested=8 read=8
RUST_UIO: uio_fread requested=3 read=3
RUST_UIO: uio_fread requested=4 read=4
RUST_UIO: uio_fread requested=8 read=8
RUST_UIO: uio_fread requested=768 read=768
RUST_UIO: uio_fread requested=4 read=4
RUST_UIO: uio_fread requested=8 read=8
RUST_UIO: uio_fread requested=1 read=1
RUST_UIO: uio_fread requested=4 read=4
RUST_UIO: uio_fread requested=8 read=8
RUST_UIO: uio_fread requested=77 read=77
RUST_UIO: uio_fread requested=4 read=4
RUST_UIO: uio_fclose called
RUST_UIO: uio_fopen entry
RUST_UIO: uio_fopen called
RUST_UIO: uio_fopen path="/Users/runner/work/_temp/s4-command-evidence/bundle/run-0/payloads/native-window.acceptance/inputs/content/base/battle/asteroid-med-018.png" mode=rb
RUST_UIO: uio_fopen returning stream=0x600002d0b8c0
RUST_UIO: uio_fread requested=8 read=8
RUST_UIO: uio_fread requested=8 read=8
RUST_UIO: uio_fread requested=13 read=13
RUST_UIO: uio_fread requested=4 read=4
RUST_UIO: uio_fread requested=8 read=8
RUST_UIO: uio_fread requested=3 read=3
RUST_UIO: uio_fread requested=4 read=4
RUST_UIO: uio_fread requested=8 read=8
RUST_UIO: uio_fread requested=768 read=768
RUST_UIO: uio_fread requested=4 read=4
RUST_UIO: uio_fread requested=8 read=8
RUST_UIO: uio_fread requested=1 read=1
RUST_UIO: uio_fread requested=4 read=4
RUST_UIO: uio_fread requested=8 read=8
RUST_UIO: uio_fread requested=72 read=72
RUST_UIO: uio_fread requested=4 read=4
RUST_UIO: uio_fclose called
RUST_UIO: uio_fopen entry
RUST_UIO: uio_fopen called
RUST_UIO: uio_fopen path="/Users/runner/work/_temp/s4-command-evidence/bundle/run-0/payloads/native-window.acceptance/inputs/content/base/battle/asteroid-med-019.png" mode=rb
RUST_UIO: uio_fopen returning stream=0x600002d0b8c0
RUST_UIO: uio_fread requested=8 read=8
RUST_UIO: uio_fread requested=8 read=8
RUST_UIO: uio_fread requested=13 read=13
RUST_UIO: uio_fread requested=4 read=4
RUST_UIO: uio_fread requested=8 read=8
RUST_UIO: uio_fread requested=3 read=3
RUST_UIO: uio_fread requested=4 read=4
RUST_UIO: uio_fread requested=8 read=8
RUST_UIO: uio_fread requested=768 read=768
RUST_UIO: uio_fread requested=4 read=4
RUST_UIO: uio_fread requested=8 read=8
RUST_UIO: uio_fread requested=1 read=1
RUST_UIO: uio_fread requested=4 read=4
RUST_UIO: uio_fread requested=8 read=8
RUST_UIO: uio_fread requested=67 read=67
RUST_UIO: uio_fread requested=4 read=4
RUST_UIO: uio_fclose called
RUST_UIO: uio_fopen entry
RUST_UIO: uio_fopen called
RUST_UIO: uio_fopen path="/Users/runner/work/_temp/s4-command-evidence/bundle/run-0/payloads/native-window.acceptance/inputs/content/base/battle/asteroid-med-020.png" mode=rb
RUST_UIO: uio_fopen returning stream=0x600002d0b8c0
RUST_UIO: uio_fread requested=8 read=8
RUST_UIO: uio_fread requested=8 read=8
RUST_UIO: uio_fread requested=13 read=13
RUST_UIO: uio_fread requested=4 read=4
RUST_UIO: uio_fread requested=8 read=8
RUST_UIO: uio_fread requested=3 read=3
RUST_UIO: uio_fread requested=4 read=4
RUST_UIO: uio_fread requested=8 read=8
RUST_UIO: uio_fread requested=768 read=768
RUST_UIO: uio_fread requested=4 read=4
RUST_UIO: uio_fread requested=8 read=8
RUST_UIO: uio_fread requested=1 read=1
RUST_UIO: uio_fread requested=4 read=4
RUST_UIO: uio_fread requested=8 read=8
RUST_UIO: uio_fread requested=55 read=55
RUST_UIO: uio_fread requested=4 read=4
RUST_UIO: uio_fclose called
RUST_UIO: uio_fclose called
RUST_UIO: uio_stat called
RUST_UIO: uio_fopen entry
RUST_UIO: uio_fopen called
RUST_UIO: uio_fopen path="/Users/runner/work/_temp/s4-command-evidence/bundle/run-0/payloads/native-window.acceptance/inputs/content/base/battle/asteroid-sml.ani" mode=rb
RUST_UIO: uio_fopen returning stream=0x600002d0b8c0
RUST_UIO: uio_fread requested=4 read=4
RUST_UIO: uio_fopen entry
RUST_UIO: uio_fopen called
RUST_UIO: uio_fopen path="/Users/runner/work/_temp/s4-command-evidence/bundle/run-0/payloads/native-window.acceptance/inputs/content/base/battle/asteroid-sml-000.png" mode=rb
RUST_UIO: uio_fopen returning stream=0x600002d09240
RUST_UIO: uio_fread requested=8 read=8
RUST_UIO: uio_fread requested=8 read=8
RUST_UIO: uio_fread requested=13 read=13
RUST_UIO: uio_fread requested=4 read=4
RUST_UIO: uio_fread requested=8 read=8
RUST_UIO: uio_fread requested=3 read=3
RUST_UIO: uio_fread requested=4 read=4
RUST_UIO: uio_fread requested=8 read=8
RUST_UIO: uio_fread requested=768 read=768
RUST_UIO: uio_fread requested=4 read=4
RUST_UIO: uio_fread requested=8 read=8
RUST_UIO: uio_fread requested=1 read=1
RUST_UIO: uio_fread requested=4 read=4
RUST_UIO: uio_fread requested=8 read=8
RUST_UIO: uio_fread requested=45 read=45
RUST_UIO: uio_fread requested=4 read=4
RUST_UIO: uio_fclose called
RUST_UIO: uio_fopen entry
RUST_UIO: uio_fopen called
RUST_UIO: uio_fopen path="/Users/runner/work/_temp/s4-command-evidence/bundle/run-0/payloads/native-window.acceptance/inputs/content/base/battle/asteroid-sml-001.png" mode=rb
RUST_UIO: uio_fopen returning stream=0x600002d09240
RUST_UIO: uio_fread requested=8 read=8
RUST_UIO: uio_fread requested=8 read=8
RUST_UIO: uio_fread requested=13 read=13
RUST_UIO: uio_fread requested=4 read=4
RUST_UIO: uio_fread requested=8 read=8
RUST_UIO: uio_fread requested=3 read=3
RUST_UIO: uio_fread requested=4 read=4
RUST_UIO: uio_fread requested=8 read=8
RUST_UIO: uio_fread requested=768 read=768
RUST_UIO: uio_fread requested=4 read=4
RUST_UIO: uio_fread requested=8 read=8
RUST_UIO: uio_fread requested=1 read=1
RUST_UIO: uio_fread requested=4 read=4
RUST_UIO: uio_fread requested=8 read=8
RUST_UIO: uio_fread requested=47 read=47
RUST_UIO: uio_fread requested=4 read=4
RUST_UIO: uio_fclose called
RUST_UIO: uio_fopen entry
RUST_UIO: uio_fopen called
RUST_UIO: uio_fopen path="/Users/runner/work/_temp/s4-command-evidence/bundle/run-0/payloads/native-window.acceptance/inputs/content/base/battle/asteroid-sml-002.png" mode=rb
RUST_UIO: uio_fopen returning stream=0x600002d09240
RUST_UIO: uio_fread requested=8 read=8
RUST_UIO: uio_fread requested=8 read=8
RUST_UIO: uio_fread requested=13 read=13
RUST_UIO: uio_fread requested=4 read=4
RUST_UIO: uio_fread requested=8 read=8
RUST_UIO: uio_fread requested=3 read=3
RUST_UIO: uio_fread requested=4 read=4
RUST_UIO: uio_fread requested=8 read=8
RUST_UIO: uio_fread requested=768 read=768
RUST_UIO: uio_fread requested=4 read=4
RUST_UIO: uio_fread requested=8 read=8
RUST_UIO: uio_fread requested=1 read=1
RUST_UIO: uio_fread requested=4 read=4
RUST_UIO: uio_fread requested=8 read=8
RUST_UIO: uio_fread requested=54 read=54
RUST_UIO: uio_fread requested=4 read=4
RUST_UIO: uio_fclose called
RUST_UIO: uio_fopen entry
RUST_UIO: uio_fopen called
RUST_UIO: uio_fopen path="/Users/runner/work/_temp/s4-command-evidence/bundle/run-0/payloads/native-window.acceptance/inputs/content/base/battle/asteroid-sml-003.png" mode=rb
RUST_UIO: uio_fopen returning stream=0x600002d09240
RUST_UIO: uio_fread requested=8 read=8
RUST_UIO: uio_fread requested=8 read=8
RUST_UIO: uio_fread requested=13 read=13
RUST_UIO: uio_fread requested=4 read=4
RUST_UIO: uio_fread requested=8 read=8
RUST_UIO: uio_fread requested=3 read=3
RUST_UIO: uio_fread requested=4 read=4
RUST_UIO: uio_fread requested=8 read=8
RUST_UIO: uio_fread requested=768 read=768
RUST_UIO: uio_fread requested=4 read=4
RUST_UIO: uio_fread requested=8 read=8
RUST_UIO: uio_fread requested=1 read=1
RUST_UIO: uio_fread requested=4 read=4
RUST_UIO: uio_fread requested=8 read=8
RUST_UIO: uio_fread requested=55 read=55
RUST_UIO: uio_fread requested=4 read=4
RUST_UIO: uio_fclose called
RUST_UIO: uio_fopen entry
RUST_UIO: uio_fopen called
RUST_UIO: uio_fopen path="/Users/runner/work/_temp/s4-command-evidence/bundle/run-0/payloads/native-window.acceptance/inputs/content/base/battle/asteroid-sml-004.png" mode=rb
RUST_UIO: uio_fopen returning stream=0x600002d09240
RUST_UIO: uio_fread requested=8 read=8
RUST_UIO: uio_fread requested=8 read=8
RUST_UIO: uio_fread requested=13 read=13
RUST_UIO: uio_fread requested=4 read=4
RUST_UIO: uio_fread requested=8 read=8
RUST_UIO: uio_fread requested=3 read=3
RUST_UIO: uio_fread requested=4 read=4
RUST_UIO: uio_fread requested=8 read=8
RUST_UIO: uio_fread requested=768 read=768
RUST_UIO: uio_fread requested=4 read=4
RUST_UIO: uio_fread requested=8 read=8
RUST_UIO: uio_fread requested=1 read=1
RUST_UIO: uio_fread requested=4 read=4
RUST_UIO: uio_fread requested=8 read=8
RUST_UIO: uio_fread requested=52 read=52
RUST_UIO: uio_fread requested=4 read=4
RUST_UIO: uio_fclose called
RUST_UIO: uio_fopen entry
RUST_UIO: uio_fopen called
RUST_UIO: uio_fopen path="/Users/runner/work/_temp/s4-command-evidence/bundle/run-0/payloads/native-window.acceptance/inputs/content/base/battle/asteroid-sml-005.png" mode=rb
RUST_UIO: uio_fopen returning stream=0x600002d09240
RUST_UIO: uio_fread requested=8 read=8
RUST_UIO: uio_fread requested=8 read=8
RUST_UIO: uio_fread requested=13 read=13
RUST_UIO: uio_fread requested=4 read=4
RUST_UIO: uio_fread requested=8 read=8
RUST_UIO: uio_fread requested=3 read=3
RUST_UIO: uio_fread requested=4 read=4
RUST_UIO: uio_fread requested=8 read=8
RUST_UIO: uio_fread requested=768 read=768
RUST_UIO: uio_fread requested=4 read=4
RUST_UIO: uio_fread requested=8 read=8
RUST_UIO: uio_fread requested=1 read=1
RUST_UIO: uio_fread requested=4 read=4
RUST_UIO: uio_fread requested=8 read=8
RUST_UIO: uio_fread requested=49 read=49
RUST_UIO: uio_fread requested=4 read=4
RUST_UIO: uio_fclose called
RUST_UIO: uio_fopen entry
RUST_UIO: uio_fopen called
RUST_UIO: uio_fopen path="/Users/runner/work/_temp/s4-command-evidence/bundle/run-0/payloads/native-window.acceptance/inputs/content/base/battle/asteroid-sml-006.png" mode=rb
RUST_UIO: uio_fopen returning stream=0x600002d09240
RUST_UIO: uio_fread requested=8 read=8
RUST_UIO: uio_fread requested=8 read=8
RUST_UIO: uio_fread requested=13 read=13
RUST_UIO: uio_fread requested=4 read=4
RUST_UIO: uio_fread requested=8 read=8
RUST_UIO: uio_fread requested=3 read=3
RUST_UIO: uio_fread requested=4 read=4
RUST_UIO: uio_fread requested=8 read=8
RUST_UIO: uio_fread requested=768 read=768
RUST_UIO: uio_fread requested=4 read=4
RUST_UIO: uio_fread requested=8 read=8
RUST_UIO: uio_fread requested=1 read=1
RUST_UIO: uio_fread requested=4 read=4
RUST_UIO: uio_fread requested=8 read=8
RUST_UIO: uio_fread requested=47 read=47
RUST_UIO: uio_fread requested=4 read=4
RUST_UIO: uio_fclose called
RUST_UIO: uio_fopen entry
RUST_UIO: uio_fopen called
RUST_UIO: uio_fopen path="/Users/runner/work/_temp/s4-command-evidence/bundle/run-0/payloads/native-window.acceptance/inputs/content/base/battle/asteroid-sml-007.png" mode=rb
RUST_UIO: uio_fopen returning stream=0x600002d09240
RUST_UIO: uio_fread requested=8 read=8
RUST_UIO: uio_fread requested=8 read=8
RUST_UIO: uio_fread requested=13 read=13
RUST_UIO: uio_fread requested=4 read=4
RUST_UIO: uio_fread requested=8 read=8
RUST_UIO: uio_fread requested=3 read=3
RUST_UIO: uio_fread requested=4 read=4
RUST_UIO: uio_fread requested=8 read=8
RUST_UIO: uio_fread requested=768 read=768
RUST_UIO: uio_fread requested=4 read=4
RUST_UIO: uio_fread requested=8 read=8
RUST_UIO: uio_fread requested=1 read=1
RUST_UIO: uio_fread requested=4 read=4
RUST_UIO: uio_fread requested=8 read=8
RUST_UIO: uio_fread requested=51 read=51
RUST_UIO: uio_fread requested=4 read=4
RUST_UIO: uio_fclose called
RUST_UIO: uio_fopen entry
RUST_UIO: uio_fopen called
RUST_UIO: uio_fopen path="/Users/runner/work/_temp/s4-command-evidence/bundle/run-0/payloads/native-window.acceptance/inputs/content/base/battle/asteroid-sml-008.png" mode=rb
RUST_UIO: uio_fopen returning stream=0x600002d09240
RUST_UIO: uio_fread requested=8 read=8
RUST_UIO: uio_fread requested=8 read=8
RUST_UIO: uio_fread requested=13 read=13
RUST_UIO: uio_fread requested=4 read=4
RUST_UIO: uio_fread requested=8 read=8
RUST_UIO: uio_fread requested=3 read=3
RUST_UIO: uio_fread requested=4 read=4
RUST_UIO: uio_fread requested=8 read=8
RUST_UIO: uio_fread requested=768 read=768
RUST_UIO: uio_fread requested=4 read=4
RUST_UIO: uio_fread requested=8 read=8
RUST_UIO: uio_fread requested=1 read=1
RUST_UIO: uio_fread requested=4 read=4
RUST_UIO: uio_fread requested=8 read=8
RUST_UIO: uio_fread requested=45 read=45
RUST_UIO: uio_fread requested=4 read=4
RUST_UIO: uio_fclose called
RUST_UIO: uio_fopen entry
RUST_UIO: uio_fopen called
RUST_UIO: uio_fopen path="/Users/runner/work/_temp/s4-command-evidence/bundle/run-0/payloads/native-window.acceptance/inputs/content/base/battle/asteroid-sml-009.png" mode=rb
RUST_UIO: uio_fopen returning stream=0x600002d09240
RUST_UIO: uio_fread requested=8 read=8
RUST_UIO: uio_fread requested=8 read=8
RUST_UIO: uio_fread requested=13 read=13
RUST_UIO: uio_fread requested=4 read=4
RUST_UIO: uio_fread requested=8 read=8
RUST_UIO: uio_fread requested=3 read=3
RUST_UIO: uio_fread requested=4 read=4
RUST_UIO: uio_fread requested=8 read=8
RUST_UIO: uio_fread requested=768 read=768
RUST_UIO: uio_fread requested=4 read=4
RUST_UIO: uio_fread requested=8 read=8
RUST_UIO: uio_fread requested=1 read=1
RUST_UIO: uio_fread requested=4 read=4
RUST_UIO: uio_fread requested=8 read=8
RUST_UIO: uio_fread requested=48 read=48
RUST_UIO: uio_fread requested=4 read=4
RUST_UIO: uio_fclose called
RUST_UIO: uio_fopen entry
RUST_UIO: uio_fopen called
RUST_UIO: uio_fopen path="/Users/runner/work/_temp/s4-command-evidence/bundle/run-0/payloads/native-window.acceptance/inputs/content/base/battle/asteroid-sml-010.png" mode=rb
RUST_UIO: uio_fopen returning stream=0x600002d09240
RUST_UIO: uio_fread requested=8 read=8
RUST_UIO: uio_fread requested=8 read=8
RUST_UIO: uio_fread requested=13 read=13
RUST_UIO: uio_fread requested=4 read=4
RUST_UIO: uio_fread requested=8 read=8
RUST_UIO: uio_fread requested=3 read=3
RUST_UIO: uio_fread requested=4 read=4
RUST_UIO: uio_fread requested=8 read=8
RUST_UIO: uio_fread requested=768 read=768
RUST_UIO: uio_fread requested=4 read=4
RUST_UIO: uio_fread requested=8 read=8
RUST_UIO: uio_fread requested=1 read=1
RUST_UIO: uio_fread requested=4 read=4
RUST_UIO: uio_fread requested=8 read=8
RUST_UIO: uio_fread requested=43 read=43
RUST_UIO: uio_fread requested=4 read=4
RUST_UIO: uio_fclose called
RUST_UIO: uio_fopen entry
RUST_UIO: uio_fopen called
RUST_UIO: uio_fopen path="/Users/runner/work/_temp/s4-command-evidence/bundle/run-0/payloads/native-window.acceptance/inputs/content/base/battle/asteroid-sml-011.png" mode=rb
RUST_UIO: uio_fopen returning stream=0x600002d09240
RUST_UIO: uio_fread requested=8 read=8
RUST_UIO: uio_fread requested=8 read=8
RUST_UIO: uio_fread requested=13 read=13
RUST_UIO: uio_fread requested=4 read=4
RUST_UIO: uio_fread requested=8 read=8
RUST_UIO: uio_fread requested=3 read=3
RUST_UIO: uio_fread requested=4 read=4
RUST_UIO: uio_fread requested=8 read=8
RUST_UIO: uio_fread requested=768 read=768
RUST_UIO: uio_fread requested=4 read=4
RUST_UIO: uio_fread requested=8 read=8
RUST_UIO: uio_fread requested=1 read=1
RUST_UIO: uio_fread requested=4 read=4
RUST_UIO: uio_fread requested=8 read=8
RUST_UIO: uio_fread requested=47 read=47
RUST_UIO: uio_fread requested=4 read=4
RUST_UIO: uio_fclose called
RUST_UIO: uio_fopen entry
RUST_UIO: uio_fopen called
RUST_UIO: uio_fopen path="/Users/runner/work/_temp/s4-command-evidence/bundle/run-0/payloads/native-window.acceptance/inputs/content/base/battle/asteroid-sml-012.png" mode=rb
RUST_UIO: uio_fopen returning stream=0x600002d09240
RUST_UIO: uio_fread requested=8 read=8
RUST_UIO: uio_fread requested=8 read=8
RUST_UIO: uio_fread requested=13 read=13
RUST_UIO: uio_fread requested=4 read=4
RUST_UIO: uio_fread requested=8 read=8
RUST_UIO: uio_fread requested=3 read=3
RUST_UIO: uio_fread requested=4 read=4
RUST_UIO: uio_fread requested=8 read=8
RUST_UIO: uio_fread requested=768 read=768
RUST_UIO: uio_fread requested=4 read=4
RUST_UIO: uio_fread requested=8 read=8
RUST_UIO: uio_fread requested=1 read=1
RUST_UIO: uio_fread requested=4 read=4
RUST_UIO: uio_fread requested=8 read=8
RUST_UIO: uio_fread requested=52 read=52
RUST_UIO: uio_fread requested=4 read=4
RUST_UIO: uio_fclose called
RUST_UIO: uio_fopen entry
RUST_UIO: uio_fopen called
RUST_UIO: uio_fopen path="/Users/runner/work/_temp/s4-command-evidence/bundle/run-0/payloads/native-window.acceptance/inputs/content/base/battle/asteroid-sml-013.png" mode=rb
RUST_UIO: uio_fopen returning stream=0x600002d09240
RUST_UIO: uio_fread requested=8 read=8
RUST_UIO: uio_fread requested=8 read=8
RUST_UIO: uio_fread requested=13 read=13
RUST_UIO: uio_fread requested=4 read=4
RUST_UIO: uio_fread requested=8 read=8
RUST_UIO: uio_fread requested=3 read=3
RUST_UIO: uio_fread requested=4 read=4
RUST_UIO: uio_fread requested=8 read=8
RUST_UIO: uio_fread requested=768 read=768
RUST_UIO: uio_fread requested=4 read=4
RUST_UIO: uio_fread requested=8 read=8
RUST_UIO: uio_fread requested=1 read=1
RUST_UIO: uio_fread requested=4 read=4
RUST_UIO: uio_fread requested=8 read=8
RUST_UIO: uio_fread requested=49 read=49
RUST_UIO: uio_fread requested=4 read=4
RUST_UIO: uio_fclose called
RUST_UIO: uio_fopen entry
RUST_UIO: uio_fopen called
RUST_UIO: uio_fopen path="/Users/runner/work/_temp/s4-command-evidence/bundle/run-0/payloads/native-window.acceptance/inputs/content/base/battle/asteroid-sml-014.png" mode=rb
RUST_UIO: uio_fopen returning stream=0x600002d09240
RUST_UIO: uio_fread requested=8 read=8
RUST_UIO: uio_fread requested=8 read=8
RUST_UIO: uio_fread requested=13 read=13
RUST_UIO: uio_fread requested=4 read=4
RUST_UIO: uio_fread requested=8 read=8
RUST_UIO: uio_fread requested=3 read=3
RUST_UIO: uio_fread requested=4 read=4
RUST_UIO: uio_fread requested=8 read=8
RUST_UIO: uio_fread requested=768 read=768
RUST_UIO: uio_fread requested=4 read=4
RUST_UIO: uio_fread requested=8 read=8
RUST_UIO: uio_fread requested=1 read=1
RUST_UIO: uio_fread requested=4 read=4
RUST_UIO: uio_fread requested=8 read=8
RUST_UIO: uio_fread requested=46 read=46
RUST_UIO: uio_fread requested=4 read=4
RUST_UIO: uio_fclose called
RUST_UIO: uio_fopen entry
RUST_UIO: uio_fopen called
RUST_UIO: uio_fopen path="/Users/runner/work/_temp/s4-command-evidence/bundle/run-0/payloads/native-window.acceptance/inputs/content/base/battle/asteroid-sml-015.png" mode=rb
RUST_UIO: uio_fopen returning stream=0x600002d09240
RUST_UIO: uio_fread requested=8 read=8
RUST_UIO: uio_fread requested=8 read=8
RUST_UIO: uio_fread requested=13 read=13
RUST_UIO: uio_fread requested=4 read=4
RUST_UIO: uio_fread requested=8 read=8
RUST_UIO: uio_fread requested=3 read=3
RUST_UIO: uio_fread requested=4 read=4
RUST_UIO: uio_fread requested=8 read=8
RUST_UIO: uio_fread requested=768 read=768
RUST_UIO: uio_fread requested=4 read=4
RUST_UIO: uio_fread requested=8 read=8
RUST_UIO: uio_fread requested=1 read=1
RUST_UIO: uio_fread requested=4 read=4
RUST_UIO: uio_fread requested=8 read=8
RUST_UIO: uio_fread requested=46 read=46
RUST_UIO: uio_fread requested=4 read=4
RUST_UIO: uio_fclose called
RUST_UIO: uio_fopen entry
RUST_UIO: uio_fopen called
RUST_UIO: uio_fopen path="/Users/runner/work/_temp/s4-command-evidence/bundle/run-0/payloads/native-window.acceptance/inputs/content/base/battle/asteroid-sml-016.png" mode=rb
RUST_UIO: uio_fopen returning stream=0x600002d09240
RUST_UIO: uio_fread requested=8 read=8
RUST_UIO: uio_fread requested=8 read=8
RUST_UIO: uio_fread requested=13 read=13
RUST_UIO: uio_fread requested=4 read=4
RUST_UIO: uio_fread requested=8 read=8
RUST_UIO: uio_fread requested=3 read=3
RUST_UIO: uio_fread requested=4 read=4
RUST_UIO: uio_fread requested=8 read=8
RUST_UIO: uio_fread requested=768 read=768
RUST_UIO: uio_fread requested=4 read=4
RUST_UIO: uio_fread requested=8 read=8
RUST_UIO: uio_fread requested=1 read=1
RUST_UIO: uio_fread requested=4 read=4
RUST_UIO: uio_fread requested=8 read=8
RUST_UIO: uio_fread requested=41 read=41
RUST_UIO: uio_fread requested=4 read=4
RUST_UIO: uio_fclose called
RUST_UIO: uio_fopen entry
RUST_UIO: uio_fopen called
RUST_UIO: uio_fopen path="/Users/runner/work/_temp/s4-command-evidence/bundle/run-0/payloads/native-window.acceptance/inputs/content/base/battle/asteroid-sml-017.png" mode=rb
RUST_UIO: uio_fopen returning stream=0x600002d09240
RUST_UIO: uio_fread requested=8 read=8
RUST_UIO: uio_fread requested=8 read=8
RUST_UIO: uio_fread requested=13 read=13
RUST_UIO: uio_fread requested=4 read=4
RUST_UIO: uio_fread requested=8 read=8
RUST_UIO: uio_fread requested=3 read=3
RUST_UIO: uio_fread requested=4 read=4
RUST_UIO: uio_fread requested=8 read=8
RUST_UIO: uio_fread requested=768 read=768
RUST_UIO: uio_fread requested=4 read=4
RUST_UIO: uio_fread requested=8 read=8
RUST_UIO: uio_fread requested=1 read=1
RUST_UIO: uio_fread requested=4 read=4
RUST_UIO: uio_fread requested=8 read=8
RUST_UIO: uio_fread requested=46 read=46
RUST_UIO: uio_fread requested=4 read=4
RUST_UIO: uio_fclose called
RUST_UIO: uio_fopen entry
RUST_UIO: uio_fopen called
RUST_UIO: uio_fopen path="/Users/runner/work/_temp/s4-command-evidence/bundle/run-0/payloads/native-window.acceptance/inputs/content/base/battle/asteroid-sml-018.png" mode=rb
RUST_UIO: uio_fopen returning stream=0x600002d09240
RUST_UIO: uio_fread requested=8 read=8
RUST_UIO: uio_fread requested=8 read=8
RUST_UIO: uio_fread requested=13 read=13
RUST_UIO: uio_fread requested=4 read=4
RUST_UIO: uio_fread requested=8 read=8
RUST_UIO: uio_fread requested=3 read=3
RUST_UIO: uio_fread requested=4 read=4
RUST_UIO: uio_fread requested=8 read=8
RUST_UIO: uio_fread requested=768 read=768
RUST_UIO: uio_fread requested=4 read=4
RUST_UIO: uio_fread requested=8 read=8
RUST_UIO: uio_fread requested=1 read=1
RUST_UIO: uio_fread requested=4 read=4
RUST_UIO: uio_fread requested=8 read=8
RUST_UIO: uio_fread requested=43 read=43
RUST_UIO: uio_fread requested=4 read=4
RUST_UIO: uio_fclose called
RUST_UIO: uio_fopen entry
RUST_UIO: uio_fopen called
RUST_UIO: uio_fopen path="/Users/runner/work/_temp/s4-command-evidence/bundle/run-0/payloads/native-window.acceptance/inputs/content/base/battle/asteroid-sml-019.png" mode=rb
RUST_UIO: uio_fopen returning stream=0x600002d09240
RUST_UIO: uio_fread requested=8 read=8
RUST_UIO: uio_fread requested=8 read=8
RUST_UIO: uio_fread requested=13 read=13
RUST_UIO: uio_fread requested=4 read=4
RUST_UIO: uio_fread requested=8 read=8
RUST_UIO: uio_fread requested=3 read=3
RUST_UIO: uio_fread requested=4 read=4
RUST_UIO: uio_fread requested=8 read=8
RUST_UIO: uio_fread requested=768 read=768
RUST_UIO: uio_fread requested=4 read=4
RUST_UIO: uio_fread requested=8 read=8
RUST_UIO: uio_fread requested=1 read=1
RUST_UIO: uio_fread requested=4 read=4
RUST_UIO: uio_fread requested=8 read=8
RUST_UIO: uio_fread requested=27 read=27
RUST_UIO: uio_fread requested=4 read=4
RUST_UIO: uio_fclose called
RUST_UIO: uio_fopen entry
RUST_UIO: uio_fopen called
RUST_UIO: uio_fopen path="/Users/runner/work/_temp/s4-command-evidence/bundle/run-0/payloads/native-window.acceptance/inputs/content/base/battle/asteroid-sml-020.png" mode=rb
RUST_UIO: uio_fopen returning stream=0x600002d09240
RUST_UIO: uio_fread requested=8 read=8
RUST_UIO: uio_fread requested=8 read=8
RUST_UIO: uio_fread requested=13 read=13
RUST_UIO: uio_fread requested=4 read=4
RUST_UIO: uio_fread requested=8 read=8
RUST_UIO: uio_fread requested=3 read=3
RUST_UIO: uio_fread requested=4 read=4
RUST_UIO: uio_fread requested=8 read=8
RUST_UIO: uio_fread requested=768 read=768
RUST_UIO: uio_fread requested=4 read=4
RUST_UIO: uio_fread requested=8 read=8
RUST_UIO: uio_fread requested=1 read=1
RUST_UIO: uio_fread requested=4 read=4
RUST_UIO: uio_fread requested=8 read=8
RUST_UIO: uio_fread requested=10 read=10
RUST_UIO: uio_fread requested=4 read=4
RUST_UIO: uio_fclose called
RUST_UIO: uio_fclose called
RUST_UIO: uio_stat called
RUST_UIO: uio_fopen entry
RUST_UIO: uio_fopen called
RUST_UIO: uio_fopen path="/Users/runner/work/_temp/s4-command-evidence/bundle/run-0/payloads/native-window.acceptance/inputs/content/base/ui/newgame.ani" mode=rb
RUST_UIO: uio_fopen returning stream=0x600002d09380
RUST_UIO: uio_fread requested=4 read=4
RUST_UIO: uio_fopen entry
RUST_UIO: uio_fopen called
RUST_UIO: uio_fopen path="/Users/runner/work/_temp/s4-command-evidence/bundle/run-0/payloads/native-window.acceptance/inputs/content/base/ui/newgame-000.png" mode=rb
RUST_UIO: uio_fopen returning stream=0x600002d09c40
RUST_UIO: uio_fread requested=8 read=8
RUST_UIO: uio_fread requested=8 read=8
RUST_UIO: uio_fread requested=13 read=13
RUST_UIO: uio_fread requested=4 read=4
RUST_UIO: uio_fread requested=8 read=8
RUST_UIO: uio_fread requested=4 read=4
RUST_UIO: uio_fread requested=4 read=4
RUST_UIO: uio_fread requested=8 read=8
RUST_UIO: uio_fread requested=25 read=25
RUST_UIO: uio_fread requested=4 read=4
RUST_UIO: uio_fread requested=8 read=8
RUST_UIO: uio_fread requested=8192 read=8192
RUST_UIO: uio_fread requested=8192 read=8192
RUST_UIO: uio_fread requested=8192 read=8192
RUST_UIO: uio_fread requested=8192 read=8192
RUST_UIO: uio_fread requested=8192 read=8192
RUST_UIO: uio_fread requested=8192 read=8192
RUST_UIO: uio_fread requested=8192 read=8192
RUST_UIO: uio_fread requested=8192 read=8192
RUST_UIO: uio_fread requested=4821 read=4821
RUST_UIO: uio_fread requested=4 read=4
RUST_UIO: uio_fclose called
RUST_UIO: uio_fopen entry
RUST_UIO: uio_fopen called
RUST_UIO: uio_fopen path="/Users/runner/work/_temp/s4-command-evidence/bundle/run-0/payloads/native-window.acceptance/inputs/content/base/ui/newgame-001.png" mode=rb
RUST_UIO: uio_fopen returning stream=0x600002d026c0
RUST_UIO: uio_fread requested=8 read=8
RUST_UIO: uio_fread requested=8 read=8
RUST_UIO: uio_fread requested=13 read=13
RUST_UIO: uio_fread requested=4 read=4
RUST_UIO: uio_fread requested=8 read=8
RUST_UIO: uio_fread requested=4 read=4
RUST_UIO: uio_fread requested=4 read=4
RUST_UIO: uio_fread requested=8 read=8
RUST_UIO: uio_fread requested=25 read=25
RUST_UIO: uio_fread requested=4 read=4
RUST_UIO: uio_fread requested=8 read=8
RUST_UIO: uio_fread requested=447 read=447
RUST_UIO: uio_fread requested=4 read=4
RUST_UIO: uio_fclose called
RUST_UIO: uio_fopen entry
RUST_UIO: uio_fopen called
RUST_UIO: uio_fopen path="/Users/runner/work/_temp/s4-command-evidence/bundle/run-0/payloads/native-window.acceptance/inputs/content/base/ui/newgame-002.png" mode=rb
RUST_UIO: uio_fopen returning stream=0x600002d026c0
RUST_UIO: uio_fread requested=8 read=8
RUST_UIO: uio_fread requested=8 read=8
RUST_UIO: uio_fread requested=13 read=13
RUST_UIO: uio_fread requested=4 read=4
RUST_UIO: uio_fread requested=8 read=8
RUST_UIO: uio_fread requested=4 read=4
RUST_UIO: uio_fread requested=4 read=4
RUST_UIO: uio_fread requested=8 read=8
RUST_UIO: uio_fread requested=25 read=25
RUST_UIO: uio_fread requested=4 read=4
RUST_UIO: uio_fread requested=8 read=8
RUST_UIO: uio_fread requested=421 read=421
RUST_UIO: uio_fread requested=4 read=4
RUST_UIO: uio_fclose called
RUST_UIO: uio_fopen entry
RUST_UIO: uio_fopen called
RUST_UIO: uio_fopen path="/Users/runner/work/_temp/s4-command-evidence/bundle/run-0/payloads/native-window.acceptance/inputs/content/base/ui/newgame-003.png" mode=rb
RUST_UIO: uio_fopen returning stream=0x600002d026c0
RUST_UIO: uio_fread requested=8 read=8
RUST_UIO: uio_fread requested=8 read=8
RUST_UIO: uio_fread requested=13 read=13
RUST_UIO: uio_fread requested=4 read=4
RUST_UIO: uio_fread requested=8 read=8
RUST_UIO: uio_fread requested=4 read=4
RUST_UIO: uio_fread requested=4 read=4
RUST_UIO: uio_fread requested=8 read=8
RUST_UIO: uio_fread requested=25 read=25
RUST_UIO: uio_fread requested=4 read=4
RUST_UIO: uio_fread requested=8 read=8
RUST_UIO: uio_fread requested=540 read=540
RUST_UIO: uio_fread requested=4 read=4
RUST_UIO: uio_fclose called
RUST_UIO: uio_fopen entry
RUST_UIO: uio_fopen called
RUST_UIO: uio_fopen path="/Users/runner/work/_temp/s4-command-evidence/bundle/run-0/payloads/native-window.acceptance/inputs/content/base/ui/newgame-004.png" mode=rb
RUST_UIO: uio_fopen returning stream=0x600002d026c0
RUST_UIO: uio_fread requested=8 read=8
RUST_UIO: uio_fread requested=8 read=8
RUST_UIO: uio_fread requested=13 read=13
RUST_UIO: uio_fread requested=4 read=4
RUST_UIO: uio_fread requested=8 read=8
RUST_UIO: uio_fread requested=4 read=4
RUST_UIO: uio_fread requested=4 read=4
RUST_UIO: uio_fread requested=8 read=8
RUST_UIO: uio_fread requested=25 read=25
RUST_UIO: uio_fread requested=4 read=4
RUST_UIO: uio_fread requested=8 read=8
RUST_UIO: uio_fread requested=333 read=333
RUST_UIO: uio_fread requested=4 read=4
RUST_UIO: uio_fclose called
RUST_UIO: uio_fopen entry
RUST_UIO: uio_fopen called
RUST_UIO: uio_fopen path="/Users/runner/work/_temp/s4-command-evidence/bundle/run-0/payloads/native-window.acceptance/inputs/content/base/ui/newgame-005.png" mode=rb
RUST_UIO: uio_fopen returning stream=0x600002d0c040
RUST_UIO: uio_fread requested=8 read=8
RUST_UIO: uio_fread requested=8 read=8
RUST_UIO: uio_fread requested=13 read=13
RUST_UIO: uio_fread requested=4 read=4
RUST_UIO: uio_fread requested=8 read=8
RUST_UIO: uio_fread requested=4 read=4
RUST_UIO: uio_fread requested=4 read=4
RUST_UIO: uio_fread requested=8 read=8
RUST_UIO: uio_fread requested=25 read=25
RUST_UIO: uio_fread requested=4 read=4
RUST_UIO: uio_fread requested=8 read=8
RUST_UIO: uio_fread requested=254 read=254
RUST_UIO: uio_fread requested=4 read=4
RUST_UIO: uio_fclose called
RUST_UIO: uio_fclose called
RUST_UIO: uio_fopen entry
RUST_UIO: uio_fopen called
RUST_UIO: uio_fopen path="/Users/runner/work/_temp/s4-command-evidence/bundle/run-0/payloads/native-window.acceptance/inputs/content/base/battle/battle.snd" mode=rb
RUST_UIO: uio_fopen returning stream=0x600002d0b6c0
RUST_UIO: uio_fread requested=68 read=68
RUST_UIO: uio_fclose called
RUST_UIO: uio_fopen entry
RUST_UIO: uio_fopen called
RUST_UIO: uio_fopen path="/Users/runner/work/_temp/s4-command-evidence/bundle/run-0/payloads/native-window.acceptance/inputs/content/base/battle/getcrew.wav" mode=rb
RUST_UIO: uio_fopen returning stream=0x600002d0b6c0
RUST_UIO: uio_fread requested=2981 read=2981
RUST_UIO: uio_fclose called
RUST_UIO: uio_fopen entry
RUST_UIO: uio_fopen called
RUST_UIO: uio_fopen path="/Users/runner/work/_temp/s4-command-evidence/bundle/run-0/payloads/native-window.acceptance/inputs/content/base/battle/shipdies.wav" mode=rb
RUST_UIO: uio_fopen returning stream=0x600002d0e6c0
RUST_UIO: uio_fread requested=6931 read=6931
RUST_UIO: uio_fclose called
RUST_UIO: uio_fopen entry
RUST_UIO: uio_fopen called
RUST_UIO: uio_fopen path="/Users/runner/work/_temp/s4-command-evidence/bundle/run-0/payloads/native-window.acceptance/inputs/content/base/battle/boom1.wav" mode=rb
RUST_UIO: uio_fopen returning stream=0x600002d0e6c0
RUST_UIO: uio_fread requested=989 read=989
RUST_UIO: uio_fclose called
RUST_UIO: uio_fopen entry
RUST_UIO: uio_fopen called
RUST_UIO: uio_fopen path="/Users/runner/work/_temp/s4-command-evidence/bundle/run-0/payloads/native-window.acceptance/inputs/content/base/battle/boom23.wav" mode=rb
RUST_UIO: uio_fopen returning stream=0x600002d0e6c0
RUST_UIO: uio_fread requested=2191 read=2191
RUST_UIO: uio_fclose called
RUST_UIO: uio_fopen entry
RUST_UIO: uio_fopen called
RUST_UIO: uio_fopen path="/Users/runner/work/_temp/s4-command-evidence/bundle/run-0/payloads/native-window.acceptance/inputs/content/base/battle/boom45.wav" mode=rb
RUST_UIO: uio_fopen returning stream=0x600002d0e6c0
RUST_UIO: uio_fread requested=4665 read=4665
RUST_UIO: uio_fclose called
RUST_UIO: uio_fopen entry
RUST_UIO: uio_fopen called
RUST_UIO: uio_fopen path="/Users/runner/work/_temp/s4-command-evidence/bundle/run-0/payloads/native-window.acceptance/inputs/content/base/battle/boom67.wav" mode=rb
RUST_UIO: uio_fopen returning stream=0x600002d0cd40
RUST_UIO: uio_fread requested=4835 read=4835
RUST_UIO: uio_fclose called
RUST_UIO: uio_stat called
RUST_UIO: uio_fopen entry
RUST_UIO: uio_fopen called
RUST_UIO: uio_fopen path="/Users/runner/work/_temp/s4-command-evidence/bundle/run-0/payloads/native-window.acceptance/inputs/content/base/ui/meleepickship.ani" mode=rb
RUST_UIO: uio_fopen returning stream=0x600002d0e8c0
RUST_UIO: uio_fread requested=4 read=4
RUST_UIO: uio_fopen entry
RUST_UIO: uio_fopen called
RUST_UIO: uio_fopen path="/Users/runner/work/_temp/s4-command-evidence/bundle/run-0/payloads/native-window.acceptance/inputs/content/base/ui/meleepickship-000.png" mode=rb
RUST_UIO: uio_fopen returning stream=0x600002d0e7c0
RUST_UIO: uio_fread requested=8 read=8
RUST_UIO: uio_fread requested=8 read=8
RUST_UIO: uio_fread requested=13 read=13
RUST_UIO: uio_fread requested=4 read=4
RUST_UIO: uio_fread requested=8 read=8
RUST_UIO: uio_fread requested=768 read=768
RUST_UIO: uio_fread requested=4 read=4
RUST_UIO: uio_fread requested=8 read=8
RUST_UIO: uio_fread requested=1 read=1
RUST_UIO: uio_fread requested=4 read=4
RUST_UIO: uio_fread requested=8 read=8
RUST_UIO: uio_fread requested=269 read=269
RUST_UIO: uio_fread requested=4 read=4
RUST_UIO: uio_fclose called
RUST_UIO: uio_fopen entry
RUST_UIO: uio_fopen called
RUST_UIO: uio_fopen path="/Users/runner/work/_temp/s4-command-evidence/bundle/run-0/payloads/native-window.acceptance/inputs/content/base/ui/meleepickship-001.png" mode=rb
RUST_UIO: uio_fopen returning stream=0x600002d0e7c0
RUST_UIO: uio_fread requested=8 read=8
RUST_UIO: uio_fread requested=8 read=8
RUST_UIO: uio_fread requested=13 read=13
RUST_UIO: uio_fread requested=4 read=4
RUST_UIO: uio_fread requested=8 read=8
RUST_UIO: uio_fread requested=768 read=768
RUST_UIO: uio_fread requested=4 read=4
RUST_UIO: uio_fread requested=8 read=8
RUST_UIO: uio_fread requested=1 read=1
RUST_UIO: uio_fread requested=4 read=4
RUST_UIO: uio_fread requested=8 read=8
RUST_UIO: uio_fread requested=269 read=269
RUST_UIO: uio_fread requested=4 read=4
RUST_UIO: uio_fclose called
RUST_UIO: uio_fclose called
RUST_UIO: uio_stat called
RUST_UIO: uio_fopen entry
RUST_UIO: uio_fopen called
RUST_UIO: uio_fopen path="/Users/runner/work/_temp/s4-command-evidence/bundle/run-0/payloads/native-window.acceptance/inputs/content/base/ui/meleemenu.ani" mode=rb
RUST_UIO: uio_fopen returning stream=0x600002d0e7c0
RUST_UIO: uio_fread requested=4 read=4
RUST_UIO: uio_fopen entry
RUST_UIO: uio_fopen called
RUST_UIO: uio_fopen path="/Users/runner/work/_temp/s4-command-evidence/bundle/run-0/payloads/native-window.acceptance/inputs/content/base/ui/meleemenu-000.png" mode=rb
RUST_UIO: uio_fopen returning stream=0x600002d0f5c0
RUST_UIO: uio_fread requested=8 read=8
RUST_UIO: uio_fread requested=8 read=8
RUST_UIO: uio_fread requested=13 read=13
RUST_UIO: uio_fread requested=4 read=4
RUST_UIO: uio_fread requested=8 read=8
RUST_UIO: uio_fread requested=768 read=768
RUST_UIO: uio_fread requested=4 read=4
RUST_UIO: uio_fread requested=8 read=8
RUST_UIO: uio_fread requested=1 read=1
RUST_UIO: uio_fread requested=4 read=4
RUST_UIO: uio_fread requested=8 read=8
RUST_UIO: uio_fread requested=9 read=9
RUST_UIO: uio_fread requested=4 read=4
RUST_UIO: uio_fread requested=8 read=8
RUST_UIO: uio_fread requested=7 read=7
RUST_UIO: uio_fread requested=4 read=4
RUST_UIO: uio_fread requested=8 read=8
RUST_UIO: uio_fread requested=6796 read=6796
RUST_UIO: uio_fread requested=4 read=4
RUST_UIO: uio_fclose called
RUST_UIO: uio_fopen entry
RUST_UIO: uio_fopen called
RUST_UIO: uio_fopen path="/Users/runner/work/_temp/s4-command-evidence/bundle/run-0/payloads/native-window.acceptance/inputs/content/base/ui/meleemenu-001.png" mode=rb
RUST_UIO: uio_fopen returning stream=0x600002d0f5c0
RUST_UIO: uio_fread requested=8 read=8
RUST_UIO: uio_fread requested=8 read=8
RUST_UIO: uio_fread requested=13 read=13
RUST_UIO: uio_fread requested=4 read=4
RUST_UIO: uio_fread requested=8 read=8
RUST_UIO: uio_fread requested=3 read=3
RUST_UIO: uio_fread requested=4 read=4
RUST_UIO: uio_fread requested=8 read=8
RUST_UIO: uio_fread requested=768 read=768
RUST_UIO: uio_fread requested=4 read=4
RUST_UIO: uio_fread requested=8 read=8
RUST_UIO: uio_fread requested=197 read=197
RUST_UIO: uio_fread requested=4 read=4
RUST_UIO: uio_fclose called
RUST_UIO: uio_fopen entry
RUST_UIO: uio_fopen called
RUST_UIO: uio_fopen path="/Users/runner/work/_temp/s4-command-evidence/bundle/run-0/payloads/native-window.acceptance/inputs/content/base/ui/meleemenu-002.png" mode=rb
RUST_UIO: uio_fopen returning stream=0x600002d0f5c0
RUST_UIO: uio_fread requested=8 read=8
RUST_UIO: uio_fread requested=8 read=8
RUST_UIO: uio_fread requested=13 read=13
RUST_UIO: uio_fread requested=4 read=4
RUST_UIO: uio_fread requested=8 read=8
RUST_UIO: uio_fread requested=3 read=3
RUST_UIO: uio_fread requested=4 read=4
RUST_UIO: uio_fread requested=8 read=8
RUST_UIO: uio_fread requested=768 read=768
RUST_UIO: uio_fread requested=4 read=4
RUST_UIO: uio_fread requested=8 read=8
RUST_UIO: uio_fread requested=197 read=197
RUST_UIO: uio_fread requested=4 read=4
RUST_UIO: uio_fclose called
RUST_UIO: uio_fopen entry
RUST_UIO: uio_fopen called
RUST_UIO: uio_fopen path="/Users/runner/work/_temp/s4-command-evidence/bundle/run-0/payloads/native-window.acceptance/inputs/content/base/ui/meleemenu-003.png" mode=rb
RUST_UIO: uio_fopen returning stream=0x600002d0f5c0
RUST_UIO: uio_fread requested=8 read=8
RUST_UIO: uio_fread requested=8 read=8
RUST_UIO: uio_fread requested=13 read=13
RUST_UIO: uio_fread requested=4 read=4
RUST_UIO: uio_fread requested=8 read=8
RUST_UIO: uio_fread requested=3 read=3
RUST_UIO: uio_fread requested=4 read=4
RUST_UIO: uio_fread requested=8 read=8
RUST_UIO: uio_fread requested=768 read=768
RUST_UIO: uio_fread requested=4 read=4
RUST_UIO: uio_fread requested=8 read=8
RUST_UIO: uio_fread requested=176 read=176
RUST_UIO: uio_fread requested=4 read=4
RUST_UIO: uio_fclose called
RUST_UIO: uio_fopen entry
RUST_UIO: uio_fopen called
RUST_UIO: uio_fopen path="/Users/runner/work/_temp/s4-command-evidence/bundle/run-0/payloads/native-window.acceptance/inputs/content/base/ui/meleemenu-004.png" mode=rb
RUST_UIO: uio_fopen returning stream=0x600002d0f5c0
RUST_UIO: uio_fread requested=8 read=8
RUST_UIO: uio_fread requested=8 read=8
RUST_UIO: uio_fread requested=13 read=13
RUST_UIO: uio_fread requested=4 read=4
RUST_UIO: uio_fread requested=8 read=8
RUST_UIO: uio_fread requested=3 read=3
RUST_UIO: uio_fread requested=4 read=4
RUST_UIO: uio_fread requested=8 read=8
RUST_UIO: uio_fread requested=768 read=768
RUST_UIO: uio_fread requested=4 read=4
RUST_UIO: uio_fread requested=8 read=8
RUST_UIO: uio_fread requested=213 read=213
RUST_UIO: uio_fread requested=4 read=4
RUST_UIO: uio_fclose called
RUST_UIO: uio_fopen entry
RUST_UIO: uio_fopen called
RUST_UIO: uio_fopen path="/Users/runner/work/_temp/s4-command-evidence/bundle/run-0/payloads/native-window.acceptance/inputs/content/base/ui/meleemenu-005.png" mode=rb
RUST_UIO: uio_fopen returning stream=0x600002d0f5c0
RUST_UIO: uio_fread requested=8 read=8
RUST_UIO: uio_fread requested=8 read=8
RUST_UIO: uio_fread requested=13 read=13
RUST_UIO: uio_fread requested=4 read=4
RUST_UIO: uio_fread requested=8 read=8
RUST_UIO: uio_fread requested=3 read=3
RUST_UIO: uio_fread requested=4 read=4
RUST_UIO: uio_fread requested=8 read=8
RUST_UIO: uio_fread requested=768 read=768
RUST_UIO: uio_fread requested=4 read=4
RUST_UIO: uio_fread requested=8 read=8
RUST_UIO: uio_fread requested=197 read=197
RUST_UIO: uio_fread requested=4 read=4
RUST_UIO: uio_fclose called
RUST_UIO: uio_fopen entry
RUST_UIO: uio_fopen called
RUST_UIO: uio_fopen path="/Users/runner/work/_temp/s4-command-evidence/bundle/run-0/payloads/native-window.acceptance/inputs/content/base/ui/meleemenu-006.png" mode=rb
RUST_UIO: uio_fopen returning stream=0x600002d0f5c0
RUST_UIO: uio_fread requested=8 read=8
RUST_UIO: uio_fread requested=8 read=8
RUST_UIO: uio_fread requested=13 read=13
RUST_UIO: uio_fread requested=4 read=4
RUST_UIO: uio_fread requested=8 read=8
RUST_UIO: uio_fread requested=3 read=3
RUST_UIO: uio_fread requested=4 read=4
RUST_UIO: uio_fread requested=8 read=8
RUST_UIO: uio_fread requested=768 read=768
RUST_UIO: uio_fread requested=4 read=4
RUST_UIO: uio_fread requested=8 read=8
RUST_UIO: uio_fread requested=197 read=197
RUST_UIO: uio_fread requested=4 read=4
RUST_UIO: uio_fclose called
RUST_UIO: uio_fopen entry
RUST_UIO: uio_fopen called
RUST_UIO: uio_fopen path="/Users/runner/work/_temp/s4-command-evidence/bundle/run-0/payloads/native-window.acceptance/inputs/content/base/ui/meleemenu-007.png" mode=rb
RUST_UIO: uio_fopen returning stream=0x600002d0f5c0
RUST_UIO: uio_fread requested=8 read=8
RUST_UIO: uio_fread requested=8 read=8
RUST_UIO: uio_fread requested=13 read=13
RUST_UIO: uio_fread requested=4 read=4
RUST_UIO: uio_fread requested=8 read=8
RUST_UIO: uio_fread requested=3 read=3
RUST_UIO: uio_fread requested=4 read=4
RUST_UIO: uio_fread requested=8 read=8
RUST_UIO: uio_fread requested=768 read=768
RUST_UIO: uio_fread requested=4 read=4
RUST_UIO: uio_fread requested=8 read=8
RUST_UIO: uio_fread requested=176 read=176
RUST_UIO: uio_fread requested=4 read=4
RUST_UIO: uio_fclose called
RUST_UIO: uio_fopen entry
RUST_UIO: uio_fopen called
RUST_UIO: uio_fopen path="/Users/runner/work/_temp/s4-command-evidence/bundle/run-0/payloads/native-window.acceptance/inputs/content/base/ui/meleemenu-008.png" mode=rb
RUST_UIO: uio_fopen returning stream=0x600002d0f5c0
RUST_UIO: uio_fread requested=8 read=8
RUST_UIO: uio_fread requested=8 read=8
RUST_UIO: uio_fread requested=13 read=13
RUST_UIO: uio_fread requested=4 read=4
RUST_UIO: uio_fread requested=8 read=8
RUST_UIO: uio_fread requested=3 read=3
RUST_UIO: uio_fread requested=4 read=4
RUST_UIO: uio_fread requested=8 read=8
RUST_UIO: uio_fread requested=768 read=768
RUST_UIO: uio_fread requested=4 read=4
RUST_UIO: uio_fread requested=8 read=8
RUST_UIO: uio_fread requested=213 read=213
RUST_UIO: uio_fread requested=4 read=4
RUST_UIO: uio_fclose called
RUST_UIO: uio_fopen entry
RUST_UIO: uio_fopen called
RUST_UIO: uio_fopen path="/Users/runner/work/_temp/s4-command-evidence/bundle/run-0/payloads/native-window.acceptance/inputs/content/base/ui/meleemenu-009.png" mode=rb
RUST_UIO: uio_fopen returning stream=0x600002d0f5c0
RUST_UIO: uio_fread requested=8 read=8
RUST_UIO: uio_fread requested=8 read=8
RUST_UIO: uio_fread requested=13 read=13
RUST_UIO: uio_fread requested=4 read=4
RUST_UIO: uio_fread requested=8 read=8
RUST_UIO: uio_fread requested=3 read=3
RUST_UIO: uio_fread requested=4 read=4
RUST_UIO: uio_fread requested=8 read=8
RUST_UIO: uio_fread requested=768 read=768
RUST_UIO: uio_fread requested=4 read=4
RUST_UIO: uio_fread requested=8 read=8
RUST_UIO: uio_fread requested=197 read=197
RUST_UIO: uio_fread requested=4 read=4
RUST_UIO: uio_fclose called
RUST_UIO: uio_fopen entry
RUST_UIO: uio_fopen called
RUST_UIO: uio_fopen path="/Users/runner/work/_temp/s4-command-evidence/bundle/run-0/payloads/native-window.acceptance/inputs/content/base/ui/meleemenu-010.png" mode=rb
RUST_UIO: uio_fopen returning stream=0x600002d0f5c0
RUST_UIO: uio_fread requested=8 read=8
RUST_UIO: uio_fread requested=8 read=8
RUST_UIO: uio_fread requested=13 read=13
RUST_UIO: uio_fread requested=4 read=4
RUST_UIO: uio_fread requested=8 read=8
RUST_UIO: uio_fread requested=3 read=3
RUST_UIO: uio_fread requested=4 read=4
RUST_UIO: uio_fread requested=8 read=8
RUST_UIO: uio_fread requested=768 read=768
RUST_UIO: uio_fread requested=4 read=4
RUST_UIO: uio_fread requested=8 read=8
RUST_UIO: uio_fread requested=197 read=197
RUST_UIO: uio_fread requested=4 read=4
RUST_UIO: uio_fclose called
RUST_UIO: uio_fopen entry
RUST_UIO: uio_fopen called
RUST_UIO: uio_fopen path="/Users/runner/work/_temp/s4-command-evidence/bundle/run-0/payloads/native-window.acceptance/inputs/content/base/ui/meleemenu-011.png" mode=rb
RUST_UIO: uio_fopen returning stream=0x600002d0f5c0
RUST_UIO: uio_fread requested=8 read=8
RUST_UIO: uio_fread requested=8 read=8
RUST_UIO: uio_fread requested=13 read=13
RUST_UIO: uio_fread requested=4 read=4
RUST_UIO: uio_fread requested=8 read=8
RUST_UIO: uio_fread requested=3 read=3
RUST_UIO: uio_fread requested=4 read=4
RUST_UIO: uio_fread requested=8 read=8
RUST_UIO: uio_fread requested=768 read=768
RUST_UIO: uio_fread requested=4 read=4
RUST_UIO: uio_fread requested=8 read=8
RUST_UIO: uio_fread requested=176 read=176
RUST_UIO: uio_fread requested=4 read=4
RUST_UIO: uio_fclose called
RUST_UIO: uio_fopen entry
RUST_UIO: uio_fopen called
RUST_UIO: uio_fopen path="/Users/runner/work/_temp/s4-command-evidence/bundle/run-0/payloads/native-window.acceptance/inputs/content/base/ui/meleemenu-012.png" mode=rb
RUST_UIO: uio_fopen returning stream=0x600002d0f5c0
RUST_UIO: uio_fread requested=8 read=8
RUST_UIO: uio_fread requested=8 read=8
RUST_UIO: uio_fread requested=13 read=13
RUST_UIO: uio_fread requested=4 read=4
RUST_UIO: uio_fread requested=8 read=8
RUST_UIO: uio_fread requested=3 read=3
RUST_UIO: uio_fread requested=4 read=4
RUST_UIO: uio_fread requested=8 read=8
RUST_UIO: uio_fread requested=768 read=768
RUST_UIO: uio_fread requested=4 read=4
RUST_UIO: uio_fread requested=8 read=8
RUST_UIO: uio_fread requested=213 read=213
RUST_UIO: uio_fread requested=4 read=4
RUST_UIO: uio_fclose called
RUST_UIO: uio_fopen entry
RUST_UIO: uio_fopen called
RUST_UIO: uio_fopen path="/Users/runner/work/_temp/s4-command-evidence/bundle/run-0/payloads/native-window.acceptance/inputs/content/base/ui/meleemenu-013.png" mode=rb
RUST_UIO: uio_fopen returning stream=0x600002d0f5c0
RUST_UIO: uio_fread requested=8 read=8
RUST_UIO: uio_fread requested=8 read=8
RUST_UIO: uio_fread requested=13 read=13
RUST_UIO: uio_fread requested=4 read=4
RUST_UIO: uio_fread requested=8 read=8
RUST_UIO: uio_fread requested=3 read=3
RUST_UIO: uio_fread requested=4 read=4
RUST_UIO: uio_fread requested=8 read=8
RUST_UIO: uio_fread requested=768 read=768
RUST_UIO: uio_fread requested=4 read=4
RUST_UIO: uio_fread requested=8 read=8
RUST_UIO: uio_fread requested=197 read=197
RUST_UIO: uio_fread requested=4 read=4
RUST_UIO: uio_fclose called
RUST_UIO: uio_fopen entry
RUST_UIO: uio_fopen called
RUST_UIO: uio_fopen path="/Users/runner/work/_temp/s4-command-evidence/bundle/run-0/payloads/native-window.acceptance/inputs/content/base/ui/meleemenu-014.png" mode=rb
RUST_UIO: uio_fopen returning stream=0x600002d16280
RUST_UIO: uio_fread requested=8 read=8
RUST_UIO: uio_fread requested=8 read=8
RUST_UIO: uio_fread requested=13 read=13
RUST_UIO: uio_fread requested=4 read=4
RUST_UIO: uio_fread requested=8 read=8
RUST_UIO: uio_fread requested=3 read=3
RUST_UIO: uio_fread requested=4 read=4
RUST_UIO: uio_fread requested=8 read=8
RUST_UIO: uio_fread requested=768 read=768
RUST_UIO: uio_fread requested=4 read=4
RUST_UIO: uio_fread requested=8 read=8
RUST_UIO: uio_fread requested=197 read=197
RUST_UIO: uio_fread requested=4 read=4
RUST_UIO: uio_fclose called
RUST_UIO: uio_fopen entry
RUST_UIO: uio_fopen called
RUST_UIO: uio_fopen path="/Users/runner/work/_temp/s4-command-evidence/bundle/run-0/payloads/native-window.acceptance/inputs/content/base/ui/meleemenu-015.png" mode=rb
RUST_UIO: uio_fopen returning stream=0x600002d16280
RUST_UIO: uio_fread requested=8 read=8
RUST_UIO: uio_fread requested=8 read=8
RUST_UIO: uio_fread requested=13 read=13
RUST_UIO: uio_fread requested=4 read=4
RUST_UIO: uio_fread requested=8 read=8
RUST_UIO: uio_fread requested=3 read=3
RUST_UIO: uio_fread requested=4 read=4
RUST_UIO: uio_fread requested=8 read=8
RUST_UIO: uio_fread requested=768 read=768
RUST_UIO: uio_fread requested=4 read=4
RUST_UIO: uio_fread requested=8 read=8
RUST_UIO: uio_fread requested=176 read=176
RUST_UIO: uio_fread requested=4 read=4
RUST_UIO: uio_fclose called
RUST_UIO: uio_fopen entry
RUST_UIO: uio_fopen called
RUST_UIO: uio_fopen path="/Users/runner/work/_temp/s4-command-evidence/bundle/run-0/payloads/native-window.acceptance/inputs/content/base/ui/meleemenu-016.png" mode=rb
RUST_UIO: uio_fopen returning stream=0x600002d16280
RUST_UIO: uio_fread requested=8 read=8
RUST_UIO: uio_fread requested=8 read=8
RUST_UIO: uio_fread requested=13 read=13
RUST_UIO: uio_fread requested=4 read=4
RUST_UIO: uio_fread requested=8 read=8
RUST_UIO: uio_fread requested=3 read=3
RUST_UIO: uio_fread requested=4 read=4
RUST_UIO: uio_fread requested=8 read=8
RUST_UIO: uio_fread requested=768 read=768
RUST_UIO: uio_fread requested=4 read=4
RUST_UIO: uio_fread requested=8 read=8
RUST_UIO: uio_fread requested=213 read=213
RUST_UIO: uio_fread requested=4 read=4
RUST_UIO: uio_fclose called
RUST_UIO: uio_fopen entry
RUST_UIO: uio_fopen called
RUST_UIO: uio_fopen path="/Users/runner/work/_temp/s4-command-evidence/bundle/run-0/payloads/native-window.acceptance/inputs/content/base/ui/meleemenu-017.png" mode=rb
RUST_UIO: uio_fopen returning stream=0x600002d16280
RUST_UIO: uio_fread requested=8 read=8
RUST_UIO: uio_fread requested=8 read=8
RUST_UIO: uio_fread requested=13 read=13
RUST_UIO: uio_fread requested=4 read=4
RUST_UIO: uio_fread requested=8 read=8
RUST_UIO: uio_fread requested=3 read=3
RUST_UIO: uio_fread requested=4 read=4
RUST_UIO: uio_fread requested=8 read=8
RUST_UIO: uio_fread requested=768 read=768
RUST_UIO: uio_fread requested=4 read=4
RUST_UIO: uio_fread requested=8 read=8
RUST_UIO: uio_fread requested=51 read=51
RUST_UIO: uio_fread requested=4 read=4
RUST_UIO: uio_fclose called
RUST_UIO: uio_fopen entry
RUST_UIO: uio_fopen called
RUST_UIO: uio_fopen path="/Users/runner/work/_temp/s4-command-evidence/bundle/run-0/payloads/native-window.acceptance/inputs/content/base/ui/meleemenu-018.png" mode=rb
RUST_UIO: uio_fopen returning stream=0x600002d16280
RUST_UIO: uio_fread requested=8 read=8
RUST_UIO: uio_fread requested=8 read=8
RUST_UIO: uio_fread requested=13 read=13
RUST_UIO: uio_fread requested=4 read=4
RUST_UIO: uio_fread requested=8 read=8
RUST_UIO: uio_fread requested=3 read=3
RUST_UIO: uio_fread requested=4 read=4
RUST_UIO: uio_fread requested=8 read=8
RUST_UIO: uio_fread requested=768 read=768
RUST_UIO: uio_fread requested=4 read=4
RUST_UIO: uio_fread requested=8 read=8
RUST_UIO: uio_fread requested=55 read=55
RUST_UIO: uio_fread requested=4 read=4
RUST_UIO: uio_fclose called
RUST_UIO: uio_fopen entry
RUST_UIO: uio_fopen called
RUST_UIO: uio_fopen path="/Users/runner/work/_temp/s4-command-evidence/bundle/run-0/payloads/native-window.acceptance/inputs/content/base/ui/meleemenu-019.png" mode=rb
RUST_UIO: uio_fopen returning stream=0x600002d16280
RUST_UIO: uio_fread requested=8 read=8
RUST_UIO: uio_fread requested=8 read=8
RUST_UIO: uio_fread requested=13 read=13
RUST_UIO: uio_fread requested=4 read=4
RUST_UIO: uio_fread requested=8 read=8
RUST_UIO: uio_fread requested=3 read=3
RUST_UIO: uio_fread requested=4 read=4
RUST_UIO: uio_fread requested=8 read=8
RUST_UIO: uio_fread requested=768 read=768
RUST_UIO: uio_fread requested=4 read=4
RUST_UIO: uio_fread requested=8 read=8
RUST_UIO: uio_fread requested=51 read=51
RUST_UIO: uio_fread requested=4 read=4
RUST_UIO: uio_fclose called
RUST_UIO: uio_fopen entry
RUST_UIO: uio_fopen called
RUST_UIO: uio_fopen path="/Users/runner/work/_temp/s4-command-evidence/bundle/run-0/payloads/native-window.acceptance/inputs/content/base/ui/meleemenu-020.png" mode=rb
RUST_UIO: uio_fopen returning stream=0x600002d16280
RUST_UIO: uio_fread requested=8 read=8
RUST_UIO: uio_fread requested=8 read=8
RUST_UIO: uio_fread requested=13 read=13
RUST_UIO: uio_fread requested=4 read=4
RUST_UIO: uio_fread requested=8 read=8
RUST_UIO: uio_fread requested=3 read=3
RUST_UIO: uio_fread requested=4 read=4
RUST_UIO: uio_fread requested=8 read=8
RUST_UIO: uio_fread requested=768 read=768
RUST_UIO: uio_fread requested=4 read=4
RUST_UIO: uio_fread requested=8 read=8
RUST_UIO: uio_fread requested=55 read=55
RUST_UIO: uio_fread requested=4 read=4
RUST_UIO: uio_fclose called
RUST_UIO: uio_fopen entry
RUST_UIO: uio_fopen called
RUST_UIO: uio_fopen path="/Users/runner/work/_temp/s4-command-evidence/bundle/run-0/payloads/native-window.acceptance/inputs/content/base/ui/meleemenu-021.png" mode=rb
RUST_UIO: uio_fopen returning stream=0x600002d16280
RUST_UIO: uio_fread requested=8 read=8
RUST_UIO: uio_fread requested=8 read=8
RUST_UIO: uio_fread requested=13 read=13
RUST_UIO: uio_fread requested=4 read=4
RUST_UIO: uio_fread requested=8 read=8
RUST_UIO: uio_fread requested=3 read=3
RUST_UIO: uio_fread requested=4 read=4
RUST_UIO: uio_fread requested=8 read=8
RUST_UIO: uio_fread requested=768 read=768
RUST_UIO: uio_fread requested=4 read=4
RUST_UIO: uio_fread requested=8 read=8
RUST_UIO: uio_fread requested=55 read=55
RUST_UIO: uio_fread requested=4 read=4
RUST_UIO: uio_fclose called
RUST_UIO: uio_fopen entry
RUST_UIO: uio_fopen called
RUST_UIO: uio_fopen path="/Users/runner/work/_temp/s4-command-evidence/bundle/run-0/payloads/native-window.acceptance/inputs/content/base/ui/meleemenu-022.png" mode=rb
RUST_UIO: uio_fopen returning stream=0x600002d16280
RUST_UIO: uio_fread requested=8 read=8
RUST_UIO: uio_fread requested=8 read=8
RUST_UIO: uio_fread requested=13 read=13
RUST_UIO: uio_fread requested=4 read=4
RUST_UIO: uio_fread requested=8 read=8
RUST_UIO: uio_fread requested=3 read=3
RUST_UIO: uio_fread requested=4 read=4
RUST_UIO: uio_fread requested=8 read=8
RUST_UIO: uio_fread requested=768 read=768
RUST_UIO: uio_fread requested=4 read=4
RUST_UIO: uio_fread requested=8 read=8
RUST_UIO: uio_fread requested=51 read=51
RUST_UIO: uio_fread requested=4 read=4
RUST_UIO: uio_fclose called
RUST_UIO: uio_fopen entry
RUST_UIO: uio_fopen called
RUST_UIO: uio_fopen path="/Users/runner/work/_temp/s4-command-evidence/bundle/run-0/payloads/native-window.acceptance/inputs/content/base/ui/meleemenu-023.png" mode=rb
RUST_UIO: uio_fopen returning stream=0x600002d16280
RUST_UIO: uio_fread requested=8 read=8
RUST_UIO: uio_fread requested=8 read=8
RUST_UIO: uio_fread requested=13 read=13
RUST_UIO: uio_fread requested=4 read=4
RUST_UIO: uio_fread requested=8 read=8
RUST_UIO: uio_fread requested=3 read=3
RUST_UIO: uio_fread requested=4 read=4
RUST_UIO: uio_fread requested=8 read=8
RUST_UIO: uio_fread requested=768 read=768
RUST_UIO: uio_fread requested=4 read=4
RUST_UIO: uio_fread requested=8 read=8
RUST_UIO: uio_fread requested=55 read=55
RUST_UIO: uio_fread requested=4 read=4
RUST_UIO: uio_fclose called
RUST_UIO: uio_fopen entry
RUST_UIO: uio_fopen called
RUST_UIO: uio_fopen path="/Users/runner/work/_temp/s4-command-evidence/bundle/run-0/payloads/native-window.acceptance/inputs/content/base/ui/meleemenu-024.png" mode=rb
RUST_UIO: uio_fopen returning stream=0x600002d16280
RUST_UIO: uio_fread requested=8 read=8
RUST_UIO: uio_fread requested=8 read=8
RUST_UIO: uio_fread requested=13 read=13
RUST_UIO: uio_fread requested=4 read=4
RUST_UIO: uio_fread requested=8 read=8
RUST_UIO: uio_fread requested=3 read=3
RUST_UIO: uio_fread requested=4 read=4
RUST_UIO: uio_fread requested=8 read=8
RUST_UIO: uio_fread requested=768 read=768
RUST_UIO: uio_fread requested=4 read=4
RUST_UIO: uio_fread requested=8 read=8
RUST_UIO: uio_fread requested=51 read=51
RUST_UIO: uio_fread requested=4 read=4
RUST_UIO: uio_fclose called
RUST_UIO: uio_fopen entry
RUST_UIO: uio_fopen called
RUST_UIO: uio_fopen path="/Users/runner/work/_temp/s4-command-evidence/bundle/run-0/payloads/native-window.acceptance/inputs/content/base/ui/meleemenu-025.png" mode=rb
RUST_UIO: uio_fopen returning stream=0x600002d16280
RUST_UIO: uio_fread requested=8 read=8
RUST_UIO: uio_fread requested=8 read=8
RUST_UIO: uio_fread requested=13 read=13
RUST_UIO: uio_fread requested=4 read=4
RUST_UIO: uio_fread requested=8 read=8
RUST_UIO: uio_fread requested=3 read=3
RUST_UIO: uio_fread requested=4 read=4
RUST_UIO: uio_fread requested=8 read=8
RUST_UIO: uio_fread requested=768 read=768
RUST_UIO: uio_fread requested=4 read=4
RUST_UIO: uio_fread requested=8 read=8
RUST_UIO: uio_fread requested=638 read=638
RUST_UIO: uio_fread requested=4 read=4
RUST_UIO: uio_fclose called
RUST_UIO: uio_fopen entry
RUST_UIO: uio_fopen called
RUST_UIO: uio_fopen path="/Users/runner/work/_temp/s4-command-evidence/bundle/run-0/payloads/native-window.acceptance/inputs/content/base/ui/meleemenu-026.png" mode=rb
RUST_UIO: uio_fopen returning stream=0x600002d16280
RUST_UIO: uio_fread requested=8 read=8
RUST_UIO: uio_fread requested=8 read=8
RUST_UIO: uio_fread requested=13 read=13
RUST_UIO: uio_fread requested=4 read=4
RUST_UIO: uio_fread requested=8 read=8
RUST_UIO: uio_fread requested=3 read=3
RUST_UIO: uio_fread requested=4 read=4
RUST_UIO: uio_fread requested=8 read=8
RUST_UIO: uio_fread requested=768 read=768
RUST_UIO: uio_fread requested=4 read=4
RUST_UIO: uio_fread requested=8 read=8
RUST_UIO: uio_fread requested=634 read=634
RUST_UIO: uio_fread requested=4 read=4
RUST_UIO: uio_fclose called
RUST_UIO: uio_fopen entry
RUST_UIO: uio_fopen called
RUST_UIO: uio_fopen path="/Users/runner/work/_temp/s4-command-evidence/bundle/run-0/payloads/native-window.acceptance/inputs/content/base/ui/meleemenu-027.png" mode=rb
RUST_UIO: uio_fopen returning stream=0x600002d16280
RUST_UIO: uio_fread requested=8 read=8
RUST_UIO: uio_fread requested=8 read=8
RUST_UIO: uio_fread requested=13 read=13
RUST_UIO: uio_fread requested=4 read=4
RUST_UIO: uio_fread requested=8 read=8
RUST_UIO: uio_fread requested=4 read=4
RUST_UIO: uio_fread requested=4 read=4
RUST_UIO: uio_fread requested=8 read=8
RUST_UIO: uio_fread requested=32 read=32
RUST_UIO: uio_fread requested=4 read=4
RUST_UIO: uio_fread requested=8 read=8
RUST_UIO: uio_fread requested=768 read=768
RUST_UIO: uio_fread requested=4 read=4
RUST_UIO: uio_fread requested=8 read=8
RUST_UIO: uio_fread requested=931 read=931
RUST_UIO: uio_fread requested=4 read=4
RUST_UIO: uio_fclose called
RUST_UIO: uio_fopen entry
RUST_UIO: uio_fopen called
RUST_UIO: uio_fopen path="/Users/runner/work/_temp/s4-command-evidence/bundle/run-0/payloads/native-window.acceptance/inputs/content/base/ui/meleemenu-028.png" mode=rb
RUST_UIO: uio_fopen returning stream=0x600002d16280
RUST_UIO: uio_fread requested=8 read=8
RUST_UIO: uio_fread requested=8 read=8
RUST_UIO: uio_fread requested=13 read=13
RUST_UIO: uio_fread requested=4 read=4
RUST_UIO: uio_fread requested=8 read=8
RUST_UIO: uio_fread requested=7 read=7
RUST_UIO: uio_fread requested=4 read=4
RUST_UIO: uio_fread requested=8 read=8
RUST_UIO: uio_fread requested=9 read=9
RUST_UIO: uio_fread requested=4 read=4
RUST_UIO: uio_fread requested=8 read=8
RUST_UIO: uio_fread requested=4 read=4
RUST_UIO: uio_fread requested=4 read=4
RUST_UIO: uio_fread requested=8 read=8
RUST_UIO: uio_fread requested=768 read=768
RUST_UIO: uio_fread requested=4 read=4
RUST_UIO: uio_fread requested=8 read=8
RUST_UIO: uio_fread requested=576 read=576
RUST_UIO: uio_fread requested=4 read=4
RUST_UIO: uio_fclose called
RUST_UIO: uio_fopen entry
RUST_UIO: uio_fopen called
RUST_UIO: uio_fopen path="/Users/runner/work/_temp/s4-command-evidence/bundle/run-0/payloads/native-window.acceptance/inputs/content/base/ui/meleemenu-029.png" mode=rb
RUST_UIO: uio_fopen returning stream=0x600002d16280
RUST_UIO: uio_fread requested=8 read=8
RUST_UIO: uio_fread requested=8 read=8
RUST_UIO: uio_fread requested=13 read=13
RUST_UIO: uio_fread requested=4 read=4
RUST_UIO: uio_fread requested=8 read=8
RUST_UIO: uio_fread requested=6 read=6
RUST_UIO: uio_fread requested=4 read=4
RUST_UIO: uio_fread requested=8 read=8
RUST_UIO: uio_fread requested=9 read=9
RUST_UIO: uio_fread requested=4 read=4
RUST_UIO: uio_fread requested=8 read=8
RUST_UIO: uio_fread requested=7 read=7
RUST_UIO: uio_fread requested=4 read=4
RUST_UIO: uio_fread requested=8 read=8
RUST_UIO: uio_fread requested=29 read=29
RUST_UIO: uio_fread requested=4 read=4
RUST_UIO: uio_fread requested=8 read=8
RUST_UIO: uio_fread requested=93 read=93
RUST_UIO: uio_fread requested=4 read=4
RUST_UIO: uio_fclose called
RUST_UIO: uio_fopen entry
RUST_UIO: uio_fopen called
RUST_UIO: uio_fopen path="/Users/runner/work/_temp/s4-command-evidence/bundle/run-0/payloads/native-window.acceptance/inputs/content/base/ui/meleemenu-030.png" mode=rb
RUST_UIO: uio_fopen returning stream=0x600002d16280
RUST_UIO: uio_fread requested=8 read=8
RUST_UIO: uio_fread requested=8 read=8
RUST_UIO: uio_fread requested=13 read=13
RUST_UIO: uio_fread requested=4 read=4
RUST_UIO: uio_fread requested=8 read=8
RUST_UIO: uio_fread requested=6 read=6
RUST_UIO: uio_fread requested=4 read=4
RUST_UIO: uio_fread requested=8 read=8
RUST_UIO: uio_fread requested=9 read=9
RUST_UIO: uio_fread requested=4 read=4
RUST_UIO: uio_fread requested=8 read=8
RUST_UIO: uio_fread requested=7 read=7
RUST_UIO: uio_fread requested=4 read=4
RUST_UIO: uio_fread requested=8 read=8
RUST_UIO: uio_fread requested=29 read=29
RUST_UIO: uio_fread requested=4 read=4
RUST_UIO: uio_fread requested=8 read=8
RUST_UIO: uio_fread requested=95 read=95
RUST_UIO: uio_fread requested=4 read=4
RUST_UIO: uio_fclose called
RUST_UIO: uio_fopen entry
RUST_UIO: uio_fopen called
RUST_UIO: uio_fopen path="/Users/runner/work/_temp/s4-command-evidence/bundle/run-0/payloads/native-window.acceptance/inputs/content/base/ui/netplay-000.png" mode=rb
RUST_UIO: uio_fopen returning stream=0x600002d16280
RUST_UIO: uio_fread requested=8 read=8
RUST_UIO: uio_fread requested=8 read=8
RUST_UIO: uio_fread requested=13 read=13
RUST_UIO: uio_fread requested=4 read=4
RUST_UIO: uio_fread requested=8 read=8
RUST_UIO: uio_fread requested=3 read=3
RUST_UIO: uio_fread requested=4 read=4
RUST_UIO: uio_fread requested=8 read=8
RUST_UIO: uio_fread requested=768 read=768
RUST_UIO: uio_fread requested=4 read=4
RUST_UIO: uio_fread requested=8 read=8
RUST_UIO: uio_fread requested=228 read=228
RUST_UIO: uio_fread requested=4 read=4
RUST_UIO: uio_fclose called
RUST_UIO: uio_fopen entry
RUST_UIO: uio_fopen called
RUST_UIO: uio_fopen path="/Users/runner/work/_temp/s4-command-evidence/bundle/run-0/payloads/native-window.acceptance/inputs/content/base/ui/netplay-001.png" mode=rb
RUST_UIO: uio_fopen returning stream=0x600002d16280
RUST_UIO: uio_fread requested=8 read=8
RUST_UIO: uio_fread requested=8 read=8
RUST_UIO: uio_fread requested=13 read=13
RUST_UIO: uio_fread requested=4 read=4
RUST_UIO: uio_fread requested=8 read=8
RUST_UIO: uio_fread requested=3 read=3
RUST_UIO: uio_fread requested=4 read=4
RUST_UIO: uio_fread requested=8 read=8
RUST_UIO: uio_fread requested=768 read=768
RUST_UIO: uio_fread requested=4 read=4
RUST_UIO: uio_fread requested=8 read=8
RUST_UIO: uio_fread requested=228 read=228
RUST_UIO: uio_fread requested=4 read=4
RUST_UIO: uio_fclose called
RUST_UIO: uio_fopen entry
RUST_UIO: uio_fopen called
RUST_UIO: uio_fopen path="/Users/runner/work/_temp/s4-command-evidence/bundle/run-0/payloads/native-window.acceptance/inputs/content/base/ui/netplay-002.png" mode=rb
RUST_UIO: uio_fopen returning stream=0x600002d16280
RUST_UIO: uio_fread requested=8 read=8
RUST_UIO: uio_fread requested=8 read=8
RUST_UIO: uio_fread requested=13 read=13
RUST_UIO: uio_fread requested=4 read=4
RUST_UIO: uio_fread requested=8 read=8
RUST_UIO: uio_fread requested=3 read=3
RUST_UIO: uio_fread requested=4 read=4
RUST_UIO: uio_fread requested=8 read=8
RUST_UIO: uio_fread requested=768 read=768
RUST_UIO: uio_fread requested=4 read=4
RUST_UIO: uio_fread requested=8 read=8
RUST_UIO: uio_fread requested=228 read=228
RUST_UIO: uio_fread requested=4 read=4
RUST_UIO: uio_fclose called
RUST_UIO: uio_fopen entry
RUST_UIO: uio_fopen called
RUST_UIO: uio_fopen path="/Users/runner/work/_temp/s4-command-evidence/bundle/run-0/payloads/native-window.acceptance/inputs/content/base/ui/netplay-003.png" mode=rb
RUST_UIO: uio_fopen returning stream=0x600002d16280
RUST_UIO: uio_fread requested=8 read=8
RUST_UIO: uio_fread requested=8 read=8
RUST_UIO: uio_fread requested=13 read=13
RUST_UIO: uio_fread requested=4 read=4
RUST_UIO: uio_fread requested=8 read=8
RUST_UIO: uio_fread requested=3 read=3
RUST_UIO: uio_fread requested=4 read=4
RUST_UIO: uio_fread requested=8 read=8
RUST_UIO: uio_fread requested=768 read=768
RUST_UIO: uio_fread requested=4 read=4
RUST_UIO: uio_fread requested=8 read=8
RUST_UIO: uio_fread requested=229 read=229
RUST_UIO: uio_fread requested=4 read=4
RUST_UIO: uio_fclose called
RUST_UIO: uio_fopen entry
RUST_UIO: uio_fopen called
RUST_UIO: uio_fopen path="/Users/runner/work/_temp/s4-command-evidence/bundle/run-0/payloads/native-window.acceptance/inputs/content/base/ui/netplay-004.png" mode=rb
RUST_UIO: uio_fopen returning stream=0x600002d16280
RUST_UIO: uio_fread requested=8 read=8
RUST_UIO: uio_fread requested=8 read=8
RUST_UIO: uio_fread requested=13 read=13
RUST_UIO: uio_fread requested=4 read=4
RUST_UIO: uio_fread requested=8 read=8
RUST_UIO: uio_fread requested=6 read=6
RUST_UIO: uio_fread requested=4 read=4
RUST_UIO: uio_fread requested=8 read=8
RUST_UIO: uio_fread requested=9 read=9
RUST_UIO: uio_fread requested=4 read=4
RUST_UIO: uio_fread requested=8 read=8
RUST_UIO: uio_fread requested=7 read=7
RUST_UIO: uio_fread requested=4 read=4
RUST_UIO: uio_fread requested=8 read=8
RUST_UIO: uio_fread requested=29 read=29
RUST_UIO: uio_fread requested=4 read=4
RUST_UIO: uio_fread requested=8 read=8
RUST_UIO: uio_fread requested=119 read=119
RUST_UIO: uio_fread requested=4 read=4
RUST_UIO: uio_fclose called
RUST_UIO: uio_fopen entry
RUST_UIO: uio_fopen called
RUST_UIO: uio_fopen path="/Users/runner/work/_temp/s4-command-evidence/bundle/run-0/payloads/native-window.acceptance/inputs/content/base/ui/netplay-005.png" mode=rb
RUST_UIO: uio_fopen returning stream=0x600002d16280
RUST_UIO: uio_fread requested=8 read=8
RUST_UIO: uio_fread requested=8 read=8
RUST_UIO: uio_fread requested=13 read=13
RUST_UIO: uio_fread requested=4 read=4
RUST_UIO: uio_fread requested=8 read=8
RUST_UIO: uio_fread requested=6 read=6
RUST_UIO: uio_fread requested=4 read=4
RUST_UIO: uio_fread requested=8 read=8
RUST_UIO: uio_fread requested=9 read=9
RUST_UIO: uio_fread requested=4 read=4
RUST_UIO: uio_fread requested=8 read=8
RUST_UIO: uio_fread requested=7 read=7
RUST_UIO: uio_fread requested=4 read=4
RUST_UIO: uio_fread requested=8 read=8
RUST_UIO: uio_fread requested=29 read=29
RUST_UIO: uio_fread requested=4 read=4
RUST_UIO: uio_fread requested=8 read=8
RUST_UIO: uio_fread requested=125 read=125
RUST_UIO: uio_fread requested=4 read=4
RUST_UIO: uio_fclose called
RUST_UIO: uio_fopen entry
RUST_UIO: uio_fopen called
RUST_UIO: uio_fopen path="/Users/runner/work/_temp/s4-command-evidence/bundle/run-0/payloads/native-window.acceptance/inputs/content/base/ui/netplay-004.png" mode=rb
RUST_UIO: uio_fopen returning stream=0x600002d16280
RUST_UIO: uio_fread requested=8 read=8
RUST_UIO: uio_fread requested=8 read=8
RUST_UIO: uio_fread requested=13 read=13
RUST_UIO: uio_fread requested=4 read=4
RUST_UIO: uio_fread requested=8 read=8
RUST_UIO: uio_fread requested=6 read=6
RUST_UIO: uio_fread requested=4 read=4
RUST_UIO: uio_fread requested=8 read=8
RUST_UIO: uio_fread requested=9 read=9
RUST_UIO: uio_fread requested=4 read=4
RUST_UIO: uio_fread requested=8 read=8
RUST_UIO: uio_fread requested=7 read=7
RUST_UIO: uio_fread requested=4 read=4
RUST_UIO: uio_fread requested=8 read=8
RUST_UIO: uio_fread requested=29 read=29
RUST_UIO: uio_fread requested=4 read=4
RUST_UIO: uio_fread requested=8 read=8
RUST_UIO: uio_fread requested=119 read=119
RUST_UIO: uio_fread requested=4 read=4
RUST_UIO: uio_fclose called
RUST_UIO: uio_fopen entry
RUST_UIO: uio_fopen called
RUST_UIO: uio_fopen path="/Users/runner/work/_temp/s4-command-evidence/bundle/run-0/payloads/native-window.acceptance/inputs/content/base/ui/netplay-005.png" mode=rb
RUST_UIO: uio_fopen returning stream=0x600002d16280
RUST_UIO: uio_fread requested=8 read=8
RUST_UIO: uio_fread requested=8 read=8
RUST_UIO: uio_fread requested=13 read=13
RUST_UIO: uio_fread requested=4 read=4
RUST_UIO: uio_fread requested=8 read=8
RUST_UIO: uio_fread requested=6 read=6
RUST_UIO: uio_fread requested=4 read=4
RUST_UIO: uio_fread requested=8 read=8
RUST_UIO: uio_fread requested=9 read=9
RUST_UIO: uio_fread requested=4 read=4
RUST_UIO: uio_fread requested=8 read=8
RUST_UIO: uio_fread requested=7 read=7
RUST_UIO: uio_fread requested=4 read=4
RUST_UIO: uio_fread requested=8 read=8
RUST_UIO: uio_fread requested=29 read=29
RUST_UIO: uio_fread requested=4 read=4
RUST_UIO: uio_fread requested=8 read=8
RUST_UIO: uio_fread requested=125 read=125
RUST_UIO: uio_fread requested=4 read=4
RUST_UIO: uio_fclose called
RUST_UIO: uio_fclose called
RUST_UIO: uio_openDirRelative called
RUST_UIO: uio_openDirRelative: base="/Users/runner/work/_temp/s4-command-evidence/bundle/run-0/payloads/native-window.acceptance/config/teams" path="" (is_absolute=false)
RUST_UIO: uio_openDirRelative: joined "/Users/runner/work/_temp/s4-command-evidence/bundle/run-0/payloads/native-window.acceptance/config/teams" + "" = "/Users/runner/work/_temp/s4-command-evidence/bundle/run-0/payloads/native-window.acceptance/config/teams"
RUST_UIO: resolve_mount_path input: "/Users/runner/work/_temp/s4-command-evidence/bundle/run-0/payloads/native-window.acceptance/config/teams"
RUST_UIO: path "/Users/runner/work/_temp/s4-command-evidence/bundle/run-0/payloads/native-window.acceptance/config/teams" already resolved to filesystem path
RUST_UIO: uio_getDirList called: dir=0x600001c72760 path=0x102a63b4e pattern=0x102a70f58
RUST_UIO: uio_getDirList: dir_virtual="/teams" rel_path=""
RUST_UIO: uio_getDirList: virtual_path="/teams" pattern='.mle' matchType=2
RUST_UIO: uio_getDirList: checking stdio mount '/' at host_path="/Users/runner/work/_temp/s4-command-evidence/bundle/run-0/payloads/native-window.acceptance/./inputs/content/teams"
RUST_UIO: uio_getDirList: checking stdio mount '/' at host_path="/Users/runner/work/_temp/s4-command-evidence/bundle/run-0/payloads/native-window.acceptance/./config/teams"
RUST_UIO: uio_getDirList: ZIP mount '/' returned 0 entries for "teams"
RUST_UIO: uio_getDirList: no matches for pattern '.mle' in "/teams"
RUST_UIO: uio_closeDir called
RUST_UIO: uio_DirList_free called
RUST_UIO: uio_fopen entry
RUST_UIO: uio_fopen called
RUST_UIO: uio_fopen path="/Users/runner/work/_temp/s4-command-evidence/bundle/run-0/payloads/native-window.acceptance/config/melee.cfg" mode=rb
RUST_UIO: uio_fopen failed: path="/Users/runner/work/_temp/s4-command-evidence/bundle/run-0/payloads/native-window.acceptance/config/melee.cfg" err=No such file or directory (os error 2)
RUST_UIO: uio_stat called
RUST_UIO: uio_fopen entry
RUST_UIO: uio_fopen called
RUST_UIO: uio_fopen path="/Users/runner/work/_temp/s4-command-evidence/bundle/run-0/payloads/native-window.acceptance/inputs/content/base/planets/dust-big.ani" mode=rb
RUST_UIO: uio_fopen returning stream=0x600002d39740
RUST_UIO: uio_fread requested=4 read=4
RUST_UIO: uio_fopen entry
RUST_UIO: uio_fopen called
RUST_UIO: uio_fopen path="/Users/runner/work/_temp/s4-command-evidence/bundle/run-0/payloads/native-window.acceptance/inputs/content/base/planets/dust-big-000.png" mode=rb
RUST_UIO: uio_fopen returning stream=0x600002d397c0
RUST_UIO: uio_fread requested=8 read=8
RUST_UIO: uio_fread requested=8 read=8
RUST_UIO: uio_fread requested=13 read=13
RUST_UIO: uio_fread requested=4 read=4
RUST_UIO: uio_fread requested=8 read=8
RUST_UIO: uio_fread requested=3 read=3
RUST_UIO: uio_fread requested=4 read=4
RUST_UIO: uio_fread requested=8 read=8
RUST_UIO: uio_fread requested=6 read=6
RUST_UIO: uio_fread requested=4 read=4
RUST_UIO: uio_fread requested=8 read=8
RUST_UIO: uio_fread requested=2890 read=2890
RUST_UIO: uio_fread requested=4 read=4
RUST_UIO: uio_fclose called
RUST_UIO: uio_fclose called
RUST_UIO: uio_stat called
RUST_UIO: uio_fopen entry
RUST_UIO: uio_fopen called
RUST_UIO: uio_fopen path="/Users/runner/work/_temp/s4-command-evidence/bundle/run-0/payloads/native-window.acceptance/inputs/content/base/planets/dust-med.ani" mode=rb
RUST_UIO: uio_fopen returning stream=0x600002d39740
RUST_UIO: uio_fread requested=4 read=4
RUST_UIO: uio_fopen entry
RUST_UIO: uio_fopen called
RUST_UIO: uio_fopen path="/Users/runner/work/_temp/s4-command-evidence/bundle/run-0/payloads/native-window.acceptance/inputs/content/base/planets/dust-med-000.png" mode=rb
RUST_UIO: uio_fopen returning stream=0x600002d398c0
RUST_UIO: uio_fread requested=8 read=8
RUST_UIO: uio_fread requested=8 read=8
RUST_UIO: uio_fread requested=13 read=13
RUST_UIO: uio_fread requested=4 read=4
RUST_UIO: uio_fread requested=8 read=8
RUST_UIO: uio_fread requested=3 read=3
RUST_UIO: uio_fread requested=4 read=4
RUST_UIO: uio_fread requested=8 read=8
RUST_UIO: uio_fread requested=6 read=6
RUST_UIO: uio_fread requested=4 read=4
RUST_UIO: uio_fread requested=8 read=8
RUST_UIO: uio_fread requested=1176 read=1176
RUST_UIO: uio_fread requested=4 read=4
RUST_UIO: uio_fclose called
RUST_UIO: uio_fclose called
RUST_UIO: uio_stat called
RUST_UIO: uio_fopen entry
RUST_UIO: uio_fopen called
RUST_UIO: uio_fopen path="/Users/runner/work/_temp/s4-command-evidence/bundle/run-0/payloads/native-window.acceptance/inputs/content/base/planets/dust-sml.ani" mode=rb
RUST_UIO: uio_fopen returning stream=0x600002d39740
RUST_UIO: uio_fread requested=4 read=4
RUST_UIO: uio_fopen entry
RUST_UIO: uio_fopen called
RUST_UIO: uio_fopen path="/Users/runner/work/_temp/s4-command-evidence/bundle/run-0/payloads/native-window.acceptance/inputs/content/base/planets/dust-sml-000.png" mode=rb
RUST_UIO: uio_fopen returning stream=0x600002d39980
RUST_UIO: uio_fread requested=8 read=8
RUST_UIO: uio_fread requested=8 read=8
RUST_UIO: uio_fread requested=13 read=13
RUST_UIO: uio_fread requested=4 read=4
RUST_UIO: uio_fread requested=8 read=8
RUST_UIO: uio_fread requested=3 read=3
RUST_UIO: uio_fread requested=4 read=4
RUST_UIO: uio_fread requested=8 read=8
RUST_UIO: uio_fread requested=6 read=6
RUST_UIO: uio_fread requested=4 read=4
RUST_UIO: uio_fread requested=8 read=8
RUST_UIO: uio_fread requested=407 read=407
RUST_UIO: uio_fread requested=4 read=4
RUST_UIO: uio_fclose called
RUST_UIO: uio_fclose called
RUST_UIO: uio_fopen entry
RUST_UIO: uio_fopen called
RUST_UIO: uio_fopen path="/Users/runner/work/_temp/s4-command-evidence/bundle/run-0/payloads/native-window.acceptance/inputs/content/base/battle/battle.mod" mode=rb
RUST_UIO: uio_fopen returning stream=0x600002d39740
RUST_UIO: uio_fread requested=33128 read=33128
RUST_UIO: uio_fclose called
RUST_UIO: uio_stat called
RUST_UIO: uio_fopen entry
RUST_UIO: uio_fopen called
RUST_UIO: uio_fopen path="/Users/runner/work/_temp/s4-command-evidence/bundle/run-0/payloads/native-window.acceptance/inputs/content/base/ships/chmmr/avatar-icons.ani" mode=rb
RUST_UIO: uio_fopen returning stream=0x600002d05f80
RUST_UIO: uio_fread requested=4 read=4
RUST_UIO: uio_fopen entry
RUST_UIO: uio_fopen called
RUST_UIO: uio_fopen path="/Users/runner/work/_temp/s4-command-evidence/bundle/run-0/payloads/native-window.acceptance/inputs/content/base/ships/chmmr/avatar-icons-000.png" mode=rb
RUST_UIO: uio_fopen returning stream=0x600002d05e40
RUST_UIO: uio_fread requested=8 read=8
RUST_UIO: uio_fread requested=8 read=8
RUST_UIO: uio_fread requested=13 read=13
RUST_UIO: uio_fread requested=4 read=4
RUST_UIO: uio_fread requested=8 read=8
RUST_UIO: uio_fread requested=3 read=3
RUST_UIO: uio_fread requested=4 read=4
RUST_UIO: uio_fread requested=8 read=8
RUST_UIO: uio_fread requested=768 read=768
RUST_UIO: uio_fread requested=4 read=4
RUST_UIO: uio_fread requested=8 read=8
RUST_UIO: uio_fread requested=1 read=1
RUST_UIO: uio_fread requested=4 read=4
RUST_UIO: uio_fread requested=8 read=8
RUST_UIO: uio_fread requested=120 read=120
RUST_UIO: uio_fread requested=4 read=4
RUST_UIO: uio_fclose called
RUST_UIO: uio_fopen entry
RUST_UIO: uio_fopen called
RUST_UIO: uio_fopen path="/Users/runner/work/_temp/s4-command-evidence/bundle/run-0/payloads/native-window.acceptance/inputs/content/base/ships/chmmr/avatar-icons-001.png" mode=rb
RUST_UIO: uio_fopen returning stream=0x600002d05e80
RUST_UIO: uio_fread requested=8 read=8
RUST_UIO: uio_fread requested=8 read=8
RUST_UIO: uio_fread requested=13 read=13
RUST_UIO: uio_fread requested=4 read=4
RUST_UIO: uio_fread requested=8 read=8
RUST_UIO: uio_fread requested=3 read=3
RUST_UIO: uio_fread requested=4 read=4
RUST_UIO: uio_fread requested=8 read=8
RUST_UIO: uio_fread requested=768 read=768
RUST_UIO: uio_fread requested=4 read=4
RUST_UIO: uio_fread requested=8 read=8
RUST_UIO: uio_fread requested=1 read=1
RUST_UIO: uio_fread requested=4 read=4
RUST_UIO: uio_fread requested=8 read=8
RUST_UIO: uio_fread requested=398 read=398
RUST_UIO: uio_fread requested=4 read=4
RUST_UIO: uio_fclose called
RUST_UIO: uio_fclose called
RUST_UIO: uio_stat called
RUST_UIO: uio_fopen entry
RUST_UIO: uio_fopen called
RUST_UIO: uio_fopen path="/Users/runner/work/_temp/s4-command-evidence/bundle/run-0/payloads/native-window.acceptance/inputs/content/base/ships/chmmr/avatar-meleeicons.ani" mode=rb
RUST_UIO: uio_fopen returning stream=0x600002d06040
RUST_UIO: uio_fread requested=4 read=4
RUST_UIO: uio_fopen entry
RUST_UIO: uio_fopen called
RUST_UIO: uio_fopen path="/Users/runner/work/_temp/s4-command-evidence/bundle/run-0/payloads/native-window.acceptance/inputs/content/base/ships/chmmr/avatar-meleeicons-000.png" mode=rb
RUST_UIO: uio_fopen returning stream=0x600002d05c80
RUST_UIO: uio_fread requested=8 read=8
RUST_UIO: uio_fread requested=8 read=8
RUST_UIO: uio_fread requested=13 read=13
RUST_UIO: uio_fread requested=4 read=4
RUST_UIO: uio_fread requested=8 read=8
RUST_UIO: uio_fread requested=3 read=3
RUST_UIO: uio_fread requested=4 read=4
RUST_UIO: uio_fread requested=8 read=8
RUST_UIO: uio_fread requested=768 read=768
RUST_UIO: uio_fread requested=4 read=4
RUST_UIO: uio_fread requested=8 read=8
RUST_UIO: uio_fread requested=1 read=1
RUST_UIO: uio_fread requested=4 read=4
RUST_UIO: uio_fread requested=8 read=8
RUST_UIO: uio_fread requested=308 read=308
RUST_UIO: uio_fread requested=4 read=4
RUST_UIO: uio_fclose called
RUST_UIO: uio_fopen entry
RUST_UIO: uio_fopen called
RUST_UIO: uio_fopen path="/Users/runner/work/_temp/s4-command-evidence/bundle/run-0/payloads/native-window.acceptance/inputs/content/base/ships/chmmr/avatar-meleeicons-001.png" mode=rb
RUST_UIO: uio_fopen returning stream=0x600002d05e40
RUST_UIO: uio_fread requested=8 read=8
RUST_UIO: uio_fread requested=8 read=8
RUST_UIO: uio_fread requested=13 read=13
RUST_UIO: uio_fread requested=4 read=4
RUST_UIO: uio_fread requested=8 read=8
RUST_UIO: uio_fread requested=3 read=3
RUST_UIO: uio_fread requested=4 read=4
RUST_UIO: uio_fread requested=8 read=8
RUST_UIO: uio_fread requested=768 read=768
RUST_UIO: uio_fread requested=4 read=4
RUST_UIO: uio_fread requested=8 read=8
RUST_UIO: uio_fread requested=1 read=1
RUST_UIO: uio_fread requested=4 read=4
RUST_UIO: uio_fread requested=8 read=8
RUST_UIO: uio_fread requested=63 read=63
RUST_UIO: uio_fread requested=4 read=4
RUST_UIO: uio_fclose called
RUST_UIO: uio_fclose called
RUST_UIO: uio_stat called
RUST_UIO: uio_fopen entry
RUST_UIO: uio_fopen called
RUST_UIO: uio_fopen path="/Users/runner/work/_temp/s4-command-evidence/bundle/run-0/payloads/native-window.acceptance/inputs/content/base/ships/chmmr/avatar.txt" mode=rb
RUST_UIO: uio_fopen returning stream=0x600002d06040
RUST_UIO: uio_fclose called
RUST_UIO: uio_stat called
RUST_UIO: uio_fopen entry
RUST_UIO: uio_fopen called
RUST_UIO: uio_fopen path="/Users/runner/work/_temp/s4-command-evidence/bundle/run-0/payloads/native-window.acceptance/inputs/content/base/ships/chmmr/avatar-big.ani" mode=rb
RUST_UIO: uio_fopen returning stream=0x600002d06040
RUST_UIO: uio_fread requested=4 read=4
RUST_UIO: uio_fopen entry
RUST_UIO: uio_fopen called
RUST_UIO: uio_fopen path="/Users/runner/work/_temp/s4-command-evidence/bundle/run-0/payloads/native-window.acceptance/inputs/content/base/ships/chmmr/avatar-big-000.png" mode=rb
RUST_UIO: uio_fopen returning stream=0x600002d3cb80
RUST_UIO: uio_fread requested=8 read=8
RUST_UIO: uio_fread requested=8 read=8
RUST_UIO: uio_fread requested=13 read=13
RUST_UIO: uio_fread requested=4 read=4
RUST_UIO: uio_fread requested=8 read=8
RUST_UIO: uio_fread requested=3 read=3
RUST_UIO: uio_fread requested=4 read=4
RUST_UIO: uio_fread requested=8 read=8
RUST_UIO: uio_fread requested=768 read=768
RUST_UIO: uio_fread requested=4 read=4
RUST_UIO: uio_fread requested=8 read=8
RUST_UIO: uio_fread requested=1 read=1
RUST_UIO: uio_fread requested=4 read=4
RUST_UIO: uio_fread requested=8 read=8
RUST_UIO: uio_fread requested=365 read=365
RUST_UIO: uio_fread requested=4 read=4
RUST_UIO: uio_fclose called
RUST_UIO: uio_fopen entry
RUST_UIO: uio_fopen called
RUST_UIO: uio_fopen path="/Users/runner/work/_temp/s4-command-evidence/bundle/run-0/payloads/native-window.acceptance/inputs/content/base/ships/chmmr/avatar-big-001.png" mode=rb
RUST_UIO: uio_fopen returning stream=0x600002d3cbc0
RUST_UIO: uio_fread requested=8 read=8
RUST_UIO: uio_fread requested=8 read=8
RUST_UIO: uio_fread requested=13 read=13
RUST_UIO: uio_fread requested=4 read=4
RUST_UIO: uio_fread requested=8 read=8
RUST_UIO: uio_fread requested=3 read=3
RUST_UIO: uio_fread requested=4 read=4
RUST_UIO: uio_fread requested=8 read=8
RUST_UIO: uio_fread requested=768 read=768
RUST_UIO: uio_fread requested=4 read=4
RUST_UIO: uio_fread requested=8 read=8
RUST_UIO: uio_fread requested=1 read=1
RUST_UIO: uio_fread requested=4 read=4
RUST_UIO: uio_fread requested=8 read=8
RUST_UIO: uio_fread requested=410 read=410
RUST_UIO: uio_fread requested=4 read=4
RUST_UIO: uio_fclose called
RUST_UIO: uio_fopen entry
RUST_UIO: uio_fopen called
RUST_UIO: uio_fopen path="/Users/runner/work/_temp/s4-command-evidence/bundle/run-0/payloads/native-window.acceptance/inputs/content/base/ships/chmmr/avatar-big-002.png" mode=rb
RUST_UIO: uio_fopen returning stream=0x600002d3cb80
RUST_UIO: uio_fread requested=8 read=8
RUST_UIO: uio_fread requested=8 read=8
RUST_UIO: uio_fread requested=13 read=13
RUST_UIO: uio_fread requested=4 read=4
RUST_UIO: uio_fread requested=8 read=8
RUST_UIO: uio_fread requested=3 read=3
RUST_UIO: uio_fread requested=4 read=4
RUST_UIO: uio_fread requested=8 read=8
RUST_UIO: uio_fread requested=768 read=768
RUST_UIO: uio_fread requested=4 read=4
RUST_UIO: uio_fread requested=8 read=8
RUST_UIO: uio_fread requested=1 read=1
RUST_UIO: uio_fread requested=4 read=4
RUST_UIO: uio_fread requested=8 read=8
RUST_UIO: uio_fread requested=337 read=337
RUST_UIO: uio_fread requested=4 read=4
RUST_UIO: uio_fclose called
RUST_UIO: uio_fopen entry
RUST_UIO: uio_fopen called
RUST_UIO: uio_fopen path="/Users/runner/work/_temp/s4-command-evidence/bundle/run-0/payloads/native-window.acceptance/inputs/content/base/ships/chmmr/avatar-big-003.png" mode=rb
RUST_UIO: uio_fopen returning stream=0x600002d3cbc0
RUST_UIO: uio_fread requested=8 read=8
RUST_UIO: uio_fread requested=8 read=8
RUST_UIO: uio_fread requested=13 read=13
RUST_UIO: uio_fread requested=4 read=4
RUST_UIO: uio_fread requested=8 read=8
RUST_UIO: uio_fread requested=3 read=3
RUST_UIO: uio_fread requested=4 read=4
RUST_UIO: uio_fread requested=8 read=8
RUST_UIO: uio_fread requested=768 read=768
RUST_UIO: uio_fread requested=4 read=4
RUST_UIO: uio_fread requested=8 read=8
RUST_UIO: uio_fread requested=1 read=1
RUST_UIO: uio_fread requested=4 read=4
RUST_UIO: uio_fread requested=8 read=8
RUST_UIO: uio_fread requested=326 read=326
RUST_UIO: uio_fread requested=4 read=4
RUST_UIO: uio_fclose called
RUST_UIO: uio_fopen entry
RUST_UIO: uio_fopen called
RUST_UIO: uio_fopen path="/Users/runner/work/_temp/s4-command-evidence/bundle/run-0/payloads/native-window.acceptance/inputs/content/base/ships/chmmr/avatar-big-004.png" mode=rb
RUST_UIO: uio_fopen returning stream=0x600002d3cb80
RUST_UIO: uio_fread requested=8 read=8
RUST_UIO: uio_fread requested=8 read=8
RUST_UIO: uio_fread requested=13 read=13
RUST_UIO: uio_fread requested=4 read=4
RUST_UIO: uio_fread requested=8 read=8
RUST_UIO: uio_fread requested=3 read=3
RUST_UIO: uio_fread requested=4 read=4
RUST_UIO: uio_fread requested=8 read=8
RUST_UIO: uio_fread requested=768 read=768
RUST_UIO: uio_fread requested=4 read=4
RUST_UIO: uio_fread requested=8 read=8
RUST_UIO: uio_fread requested=1 read=1
RUST_UIO: uio_fread requested=4 read=4
RUST_UIO: uio_fread requested=8 read=8
RUST_UIO: uio_fread requested=316 read=316
RUST_UIO: uio_fread requested=4 read=4
RUST_UIO: uio_fclose called
RUST_UIO: uio_fopen entry
RUST_UIO: uio_fopen called
RUST_UIO: uio_fopen path="/Users/runner/work/_temp/s4-command-evidence/bundle/run-0/payloads/native-window.acceptance/inputs/content/base/ships/chmmr/avatar-big-005.png" mode=rb
RUST_UIO: uio_fopen returning stream=0x600002d3cbc0
RUST_UIO: uio_fread requested=8 read=8
RUST_UIO: uio_fread requested=8 read=8
RUST_UIO: uio_fread requested=13 read=13
RUST_UIO: uio_fread requested=4 read=4
RUST_UIO: uio_fread requested=8 read=8
RUST_UIO: uio_fread requested=3 read=3
RUST_UIO: uio_fread requested=4 read=4
RUST_UIO: uio_fread requested=8 read=8
RUST_UIO: uio_fread requested=768 read=768
RUST_UIO: uio_fread requested=4 read=4
RUST_UIO: uio_fread requested=8 read=8
RUST_UIO: uio_fread requested=1 read=1
RUST_UIO: uio_fread requested=4 read=4
RUST_UIO: uio_fread requested=8 read=8
RUST_UIO: uio_fread requested=328 read=328
RUST_UIO: uio_fread requested=4 read=4
RUST_UIO: uio_fclose called
RUST_UIO: uio_fopen entry
RUST_UIO: uio_fopen called
RUST_UIO: uio_fopen path="/Users/runner/work/_temp/s4-command-evidence/bundle/run-0/payloads/native-window.acceptance/inputs/content/base/ships/chmmr/avatar-big-006.png" mode=rb
RUST_UIO: uio_fopen returning stream=0x600002d3cb80
RUST_UIO: uio_fread requested=8 read=8
RUST_UIO: uio_fread requested=8 read=8
RUST_UIO: uio_fread requested=13 read=13
RUST_UIO: uio_fread requested=4 read=4
RUST_UIO: uio_fread requested=8 read=8
RUST_UIO: uio_fread requested=3 read=3
RUST_UIO: uio_fread requested=4 read=4
RUST_UIO: uio_fread requested=8 read=8
RUST_UIO: uio_fread requested=768 read=768
RUST_UIO: uio_fread requested=4 read=4
RUST_UIO: uio_fread requested=8 read=8
RUST_UIO: uio_fread requested=1 read=1
RUST_UIO: uio_fread requested=4 read=4
RUST_UIO: uio_fread requested=8 read=8
RUST_UIO: uio_fread requested=375 read=375
RUST_UIO: uio_fread requested=4 read=4
RUST_UIO: uio_fclose called
RUST_UIO: uio_fopen entry
RUST_UIO: uio_fopen called
RUST_UIO: uio_fopen path="/Users/runner/work/_temp/s4-command-evidence/bundle/run-0/payloads/native-window.acceptance/inputs/content/base/ships/chmmr/avatar-big-007.png" mode=rb
RUST_UIO: uio_fopen returning stream=0x600002d3cbc0
RUST_UIO: uio_fread requested=8 read=8
RUST_UIO: uio_fread requested=8 read=8
RUST_UIO: uio_fread requested=13 read=13
RUST_UIO: uio_fread requested=4 read=4
RUST_UIO: uio_fread requested=8 read=8
RUST_UIO: uio_fread requested=3 read=3
RUST_UIO: uio_fread requested=4 read=4
RUST_UIO: uio_fread requested=8 read=8
RUST_UIO: uio_fread requested=768 read=768
RUST_UIO: uio_fread requested=4 read=4
RUST_UIO: uio_fread requested=8 read=8
RUST_UIO: uio_fread requested=1 read=1
RUST_UIO: uio_fread requested=4 read=4
RUST_UIO: uio_fread requested=8 read=8
RUST_UIO: uio_fread requested=420 read=420
RUST_UIO: uio_fread requested=4 read=4
RUST_UIO: uio_fclose called
RUST_UIO: uio_fopen entry
RUST_UIO: uio_fopen called
RUST_UIO: uio_fopen path="/Users/runner/work/_temp/s4-command-evidence/bundle/run-0/payloads/native-window.acceptance/inputs/content/base/ships/chmmr/avatar-big-008.png" mode=rb
RUST_UIO: uio_fopen returning stream=0x600002d3cb80
RUST_UIO: uio_fread requested=8 read=8
RUST_UIO: uio_fread requested=8 read=8
RUST_UIO: uio_fread requested=13 read=13
RUST_UIO: uio_fread requested=4 read=4
RUST_UIO: uio_fread requested=8 read=8
RUST_UIO: uio_fread requested=3 read=3
RUST_UIO: uio_fread requested=4 read=4
RUST_UIO: uio_fread requested=8 read=8
RUST_UIO: uio_fread requested=768 read=768
RUST_UIO: uio_fread requested=4 read=4
RUST_UIO: uio_fread requested=8 read=8
RUST_UIO: uio_fread requested=1 read=1
RUST_UIO: uio_fread requested=4 read=4
RUST_UIO: uio_fread requested=8 read=8
RUST_UIO: uio_fread requested=349 read=349
RUST_UIO: uio_fread requested=4 read=4
RUST_UIO: uio_fclose called
RUST_UIO: uio_fopen entry
RUST_UIO: uio_fopen called
RUST_UIO: uio_fopen path="/Users/runner/work/_temp/s4-command-evidence/bundle/run-0/payloads/native-window.acceptance/inputs/content/base/ships/chmmr/avatar-big-009.png" mode=rb
RUST_UIO: uio_fopen returning stream=0x600002d3cbc0
RUST_UIO: uio_fread requested=8 read=8
RUST_UIO: uio_fread requested=8 read=8
RUST_UIO: uio_fread requested=13 read=13
RUST_UIO: uio_fread requested=4 read=4
RUST_UIO: uio_fread requested=8 read=8
RUST_UIO: uio_fread requested=3 read=3
RUST_UIO: uio_fread requested=4 read=4
RUST_UIO: uio_fread requested=8 read=8
RUST_UIO: uio_fread requested=768 read=768
RUST_UIO: uio_fread requested=4 read=4
RUST_UIO: uio_fread requested=8 read=8
RUST_UIO: uio_fread requested=1 read=1
RUST_UIO: uio_fread requested=4 read=4
RUST_UIO: uio_fread requested=8 read=8
RUST_UIO: uio_fread requested=416 read=416
RUST_UIO: uio_fread requested=4 read=4
RUST_UIO: uio_fclose called
RUST_UIO: uio_fopen entry
RUST_UIO: uio_fopen called
RUST_UIO: uio_fopen path="/Users/runner/work/_temp/s4-command-evidence/bundle/run-0/payloads/native-window.acceptance/inputs/content/base/ships/chmmr/avatar-big-010.png" mode=rb
RUST_UIO: uio_fopen returning stream=0x600002d3cb80
RUST_UIO: uio_fread requested=8 read=8
RUST_UIO: uio_fread requested=8 read=8
RUST_UIO: uio_fread requested=13 read=13
RUST_UIO: uio_fread requested=4 read=4
RUST_UIO: uio_fread requested=8 read=8
RUST_UIO: uio_fread requested=3 read=3
RUST_UIO: uio_fread requested=4 read=4
RUST_UIO: uio_fread requested=8 read=8
RUST_UIO: uio_fread requested=768 read=768
RUST_UIO: uio_fread requested=4 read=4
RUST_UIO: uio_fread requested=8 read=8
RUST_UIO: uio_fread requested=1 read=1
RUST_UIO: uio_fread requested=4 read=4
RUST_UIO: uio_fread requested=8 read=8
RUST_UIO: uio_fread requested=336 read=336
RUST_UIO: uio_fread requested=4 read=4
RUST_UIO: uio_fclose called
RUST_UIO: uio_fopen entry
RUST_UIO: uio_fopen called
RUST_UIO: uio_fopen path="/Users/runner/work/_temp/s4-command-evidence/bundle/run-0/payloads/native-window.acceptance/inputs/content/base/ships/chmmr/avatar-big-011.png" mode=rb
RUST_UIO: uio_fopen returning stream=0x600002d3cbc0
RUST_UIO: uio_fread requested=8 read=8
RUST_UIO: uio_fread requested=8 read=8
RUST_UIO: uio_fread requested=13 read=13
RUST_UIO: uio_fread requested=4 read=4
RUST_UIO: uio_fread requested=8 read=8
RUST_UIO: uio_fread requested=3 read=3
RUST_UIO: uio_fread requested=4 read=4
RUST_UIO: uio_fread requested=8 read=8
RUST_UIO: uio_fread requested=768 read=768
RUST_UIO: uio_fread requested=4 read=4
RUST_UIO: uio_fread requested=8 read=8
RUST_UIO: uio_fread requested=1 read=1
RUST_UIO: uio_fread requested=4 read=4
RUST_UIO: uio_fread requested=8 read=8
RUST_UIO: uio_fread requested=346 read=346
RUST_UIO: uio_fread requested=4 read=4
RUST_UIO: uio_fclose called
RUST_UIO: uio_fopen entry
RUST_UIO: uio_fopen called
RUST_UIO: uio_fopen path="/Users/runner/work/_temp/s4-command-evidence/bundle/run-0/payloads/native-window.acceptance/inputs/content/base/ships/chmmr/avatar-big-012.png" mode=rb
RUST_UIO: uio_fopen returning stream=0x600002d3cb80
RUST_UIO: uio_fread requested=8 read=8
RUST_UIO: uio_fread requested=8 read=8
RUST_UIO: uio_fread requested=13 read=13
RUST_UIO: uio_fread requested=4 read=4
RUST_UIO: uio_fread requested=8 read=8
RUST_UIO: uio_fread requested=3 read=3
RUST_UIO: uio_fread requested=4 read=4
RUST_UIO: uio_fread requested=8 read=8
RUST_UIO: uio_fread requested=768 read=768
RUST_UIO: uio_fread requested=4 read=4
RUST_UIO: uio_fread requested=8 read=8
RUST_UIO: uio_fread requested=1 read=1
RUST_UIO: uio_fread requested=4 read=4
RUST_UIO: uio_fread requested=8 read=8
RUST_UIO: uio_fread requested=261 read=261
RUST_UIO: uio_fread requested=4 read=4
RUST_UIO: uio_fclose called
RUST_UIO: uio_fopen entry
RUST_UIO: uio_fopen called
RUST_UIO: uio_fopen path="/Users/runner/work/_temp/s4-command-evidence/bundle/run-0/payloads/native-window.acceptance/inputs/content/base/ships/chmmr/avatar-big-013.png" mode=rb
RUST_UIO: uio_fopen returning stream=0x600002d3cbc0
RUST_UIO: uio_fread requested=8 read=8
RUST_UIO: uio_fread requested=8 read=8
RUST_UIO: uio_fread requested=13 read=13
RUST_UIO: uio_fread requested=4 read=4
RUST_UIO: uio_fread requested=8 read=8
RUST_UIO: uio_fread requested=3 read=3
RUST_UIO: uio_fread requested=4 read=4
RUST_UIO: uio_fread requested=8 read=8
RUST_UIO: uio_fread requested=768 read=768
RUST_UIO: uio_fread requested=4 read=4
RUST_UIO: uio_fread requested=8 read=8
RUST_UIO: uio_fread requested=1 read=1
RUST_UIO: uio_fread requested=4 read=4
RUST_UIO: uio_fread requested=8 read=8
RUST_UIO: uio_fread requested=324 read=324
RUST_UIO: uio_fread requested=4 read=4
RUST_UIO: uio_fclose called
RUST_UIO: uio_fopen entry
RUST_UIO: uio_fopen called
RUST_UIO: uio_fopen path="/Users/runner/work/_temp/s4-command-evidence/bundle/run-0/payloads/native-window.acceptance/inputs/content/base/ships/chmmr/avatar-big-014.png" mode=rb
RUST_UIO: uio_fopen returning stream=0x600002d3cb80
RUST_UIO: uio_fread requested=8 read=8
RUST_UIO: uio_fread requested=8 read=8
RUST_UIO: uio_fread requested=13 read=13
RUST_UIO: uio_fread requested=4 read=4
RUST_UIO: uio_fread requested=8 read=8
RUST_UIO: uio_fread requested=3 read=3
RUST_UIO: uio_fread requested=4 read=4
RUST_UIO: uio_fread requested=8 read=8
RUST_UIO: uio_fread requested=768 read=768
RUST_UIO: uio_fread requested=4 read=4
RUST_UIO: uio_fread requested=8 read=8
RUST_UIO: uio_fread requested=1 read=1
RUST_UIO: uio_fread requested=4 read=4
RUST_UIO: uio_fread requested=8 read=8
RUST_UIO: uio_fread requested=375 read=375
RUST_UIO: uio_fread requested=4 read=4
RUST_UIO: uio_fclose called
RUST_UIO: uio_fopen entry
RUST_UIO: uio_fopen called
RUST_UIO: uio_fopen path="/Users/runner/work/_temp/s4-command-evidence/bundle/run-0/payloads/native-window.acceptance/inputs/content/base/ships/chmmr/avatar-big-015.png" mode=rb
RUST_UIO: uio_fopen returning stream=0x600002d3cbc0
RUST_UIO: uio_fread requested=8 read=8
RUST_UIO: uio_fread requested=8 read=8
RUST_UIO: uio_fread requested=13 read=13
RUST_UIO: uio_fread requested=4 read=4
RUST_UIO: uio_fread requested=8 read=8
RUST_UIO: uio_fread requested=3 read=3
RUST_UIO: uio_fread requested=4 read=4
RUST_UIO: uio_fread requested=8 read=8
RUST_UIO: uio_fread requested=768 read=768
RUST_UIO: uio_fread requested=4 read=4
RUST_UIO: uio_fread requested=8 read=8
RUST_UIO: uio_fread requested=1 read=1
RUST_UIO: uio_fread requested=4 read=4
RUST_UIO: uio_fread requested=8 read=8
RUST_UIO: uio_fread requested=432 read=432
RUST_UIO: uio_fread requested=4 read=4
RUST_UIO: uio_fclose called
RUST_UIO: uio_fclose called
RUST_UIO: uio_stat called
RUST_UIO: uio_fopen entry
RUST_UIO: uio_fopen called
RUST_UIO: uio_fopen path="/Users/runner/work/_temp/s4-command-evidence/bundle/run-0/payloads/native-window.acceptance/inputs/content/base/ships/chmmr/avatar-med.ani" mode=rb
RUST_UIO: uio_fopen returning stream=0x600002d3cbc0
RUST_UIO: uio_fread requested=4 read=4
RUST_UIO: uio_fopen entry
RUST_UIO: uio_fopen called
RUST_UIO: uio_fopen path="/Users/runner/work/_temp/s4-command-evidence/bundle/run-0/payloads/native-window.acceptance/inputs/content/base/ships/chmmr/avatar-med-000.png" mode=rb
RUST_UIO: uio_fopen returning stream=0x600002d3d7c0
RUST_UIO: uio_fread requested=8 read=8
RUST_UIO: uio_fread requested=8 read=8
RUST_UIO: uio_fread requested=13 read=13
RUST_UIO: uio_fread requested=4 read=4
RUST_UIO: uio_fread requested=8 read=8
RUST_UIO: uio_fread requested=3 read=3
RUST_UIO: uio_fread requested=4 read=4
RUST_UIO: uio_fread requested=8 read=8
RUST_UIO: uio_fread requested=768 read=768
RUST_UIO: uio_fread requested=4 read=4
RUST_UIO: uio_fread requested=8 read=8
RUST_UIO: uio_fread requested=1 read=1
RUST_UIO: uio_fread requested=4 read=4
RUST_UIO: uio_fread requested=8 read=8
RUST_UIO: uio_fread requested=150 read=150
RUST_UIO: uio_fread requested=4 read=4
RUST_UIO: uio_fclose called
RUST_UIO: uio_fopen entry
RUST_UIO: uio_fopen called
RUST_UIO: uio_fopen path="/Users/runner/work/_temp/s4-command-evidence/bundle/run-0/payloads/native-window.acceptance/inputs/content/base/ships/chmmr/avatar-med-001.png" mode=rb
RUST_UIO: uio_fopen returning stream=0x600002d3d780
RUST_UIO: uio_fread requested=8 read=8
RUST_UIO: uio_fread requested=8 read=8
RUST_UIO: uio_fread requested=13 read=13
RUST_UIO: uio_fread requested=4 read=4
RUST_UIO: uio_fread requested=8 read=8
RUST_UIO: uio_fread requested=3 read=3
RUST_UIO: uio_fread requested=4 read=4
RUST_UIO: uio_fread requested=8 read=8
RUST_UIO: uio_fread requested=768 read=768
RUST_UIO: uio_fread requested=4 read=4
RUST_UIO: uio_fread requested=8 read=8
RUST_UIO: uio_fread requested=1 read=1
RUST_UIO: uio_fread requested=4 read=4
RUST_UIO: uio_fread requested=8 read=8
RUST_UIO: uio_fread requested=155 read=155
RUST_UIO: uio_fread requested=4 read=4
RUST_UIO: uio_fclose called
RUST_UIO: uio_fopen entry
RUST_UIO: uio_fopen called
RUST_UIO: uio_fopen path="/Users/runner/work/_temp/s4-command-evidence/bundle/run-0/payloads/native-window.acceptance/inputs/content/base/ships/chmmr/avatar-med-002.png" mode=rb
RUST_UIO: uio_fopen returning stream=0x600002d3d7c0
RUST_UIO: uio_fread requested=8 read=8
RUST_UIO: uio_fread requested=8 read=8
RUST_UIO: uio_fread requested=13 read=13
RUST_UIO: uio_fread requested=4 read=4
RUST_UIO: uio_fread requested=8 read=8
RUST_UIO: uio_fread requested=3 read=3
RUST_UIO: uio_fread requested=4 read=4
RUST_UIO: uio_fread requested=8 read=8
RUST_UIO: uio_fread requested=768 read=768
RUST_UIO: uio_fread requested=4 read=4
RUST_UIO: uio_fread requested=8 read=8
RUST_UIO: uio_fread requested=1 read=1
RUST_UIO: uio_fread requested=4 read=4
RUST_UIO: uio_fread requested=8 read=8
RUST_UIO: uio_fread requested=150 read=150
RUST_UIO: uio_fread requested=4 read=4
RUST_UIO: uio_fclose called
RUST_UIO: uio_fopen entry
RUST_UIO: uio_fopen called
RUST_UIO: uio_fopen path="/Users/runner/work/_temp/s4-command-evidence/bundle/run-0/payloads/native-window.acceptance/inputs/content/base/ships/chmmr/avatar-med-003.png" mode=rb
RUST_UIO: uio_fopen returning stream=0x600002d3d780
RUST_UIO: uio_fread requested=8 read=8
RUST_UIO: uio_fread requested=8 read=8
RUST_UIO: uio_fread requested=13 read=13
RUST_UIO: uio_fread requested=4 read=4
RUST_UIO: uio_fread requested=8 read=8
RUST_UIO: uio_fread requested=3 read=3
RUST_UIO: uio_fread requested=4 read=4
RUST_UIO: uio_fread requested=8 read=8
RUST_UIO: uio_fread requested=768 read=768
RUST_UIO: uio_fread requested=4 read=4
RUST_UIO: uio_fread requested=8 read=8
RUST_UIO: uio_fread requested=1 read=1
RUST_UIO: uio_fread requested=4 read=4
RUST_UIO: uio_fread requested=8 read=8
RUST_UIO: uio_fread requested=134 read=134
RUST_UIO: uio_fread requested=4 read=4
RUST_UIO: uio_fclose called
RUST_UIO: uio_fopen entry
RUST_UIO: uio_fopen called
RUST_UIO: uio_fopen path="/Users/runner/work/_temp/s4-command-evidence/bundle/run-0/payloads/native-window.acceptance/inputs/content/base/ships/chmmr/avatar-med-004.png" mode=rb
RUST_UIO: uio_fopen returning stream=0x600002d3d7c0
RUST_UIO: uio_fread requested=8 read=8
RUST_UIO: uio_fread requested=8 read=8
RUST_UIO: uio_fread requested=13 read=13
RUST_UIO: uio_fread requested=4 read=4
RUST_UIO: uio_fread requested=8 read=8
RUST_UIO: uio_fread requested=3 read=3
RUST_UIO: uio_fread requested=4 read=4
RUST_UIO: uio_fread requested=8 read=8
RUST_UIO: uio_fread requested=768 read=768
RUST_UIO: uio_fread requested=4 read=4
RUST_UIO: uio_fread requested=8 read=8
RUST_UIO: uio_fread requested=1 read=1
RUST_UIO: uio_fread requested=4 read=4
RUST_UIO: uio_fread requested=8 read=8
RUST_UIO: uio_fread requested=132 read=132
RUST_UIO: uio_fread requested=4 read=4
RUST_UIO: uio_fclose called
RUST_UIO: uio_fopen entry
RUST_UIO: uio_fopen called
RUST_UIO: uio_fopen path="/Users/runner/work/_temp/s4-command-evidence/bundle/run-0/payloads/native-window.acceptance/inputs/content/base/ships/chmmr/avatar-med-005.png" mode=rb
RUST_UIO: uio_fopen returning stream=0x600002d3d780
RUST_UIO: uio_fread requested=8 read=8
RUST_UIO: uio_fread requested=8 read=8
RUST_UIO: uio_fread requested=13 read=13
RUST_UIO: uio_fread requested=4 read=4
RUST_UIO: uio_fread requested=8 read=8
RUST_UIO: uio_fread requested=3 read=3
RUST_UIO: uio_fread requested=4 read=4
RUST_UIO: uio_fread requested=8 read=8
RUST_UIO: uio_fread requested=768 read=768
RUST_UIO: uio_fread requested=4 read=4
RUST_UIO: uio_fread requested=8 read=8
RUST_UIO: uio_fread requested=1 read=1
RUST_UIO: uio_fread requested=4 read=4
RUST_UIO: uio_fread requested=8 read=8
RUST_UIO: uio_fread requested=134 read=134
RUST_UIO: uio_fread requested=4 read=4
RUST_UIO: uio_fclose called
RUST_UIO: uio_fopen entry
RUST_UIO: uio_fopen called
RUST_UIO: uio_fopen path="/Users/runner/work/_temp/s4-command-evidence/bundle/run-0/payloads/native-window.acceptance/inputs/content/base/ships/chmmr/avatar-med-006.png" mode=rb
RUST_UIO: uio_fopen returning stream=0x600002d3d7c0
RUST_UIO: uio_fread requested=8 read=8
RUST_UIO: uio_fread requested=8 read=8
RUST_UIO: uio_fread requested=13 read=13
RUST_UIO: uio_fread requested=4 read=4
RUST_UIO: uio_fread requested=8 read=8
RUST_UIO: uio_fread requested=3 read=3
RUST_UIO: uio_fread requested=4 read=4
RUST_UIO: uio_fread requested=8 read=8
RUST_UIO: uio_fread requested=768 read=768
RUST_UIO: uio_fread requested=4 read=4
RUST_UIO: uio_fread requested=8 read=8
RUST_UIO: uio_fread requested=1 read=1
RUST_UIO: uio_fread requested=4 read=4
RUST_UIO: uio_fread requested=8 read=8
RUST_UIO: uio_fread requested=149 read=149
RUST_UIO: uio_fread requested=4 read=4
RUST_UIO: uio_fclose called
RUST_UIO: uio_fopen entry
RUST_UIO: uio_fopen called
RUST_UIO: uio_fopen path="/Users/runner/work/_temp/s4-command-evidence/bundle/run-0/payloads/native-window.acceptance/inputs/content/base/ships/chmmr/avatar-med-007.png" mode=rb
RUST_UIO: uio_fopen returning stream=0x600002d3d780
RUST_UIO: uio_fread requested=8 read=8
RUST_UIO: uio_fread requested=8 read=8
RUST_UIO: uio_fread requested=13 read=13
RUST_UIO: uio_fread requested=4 read=4
RUST_UIO: uio_fread requested=8 read=8
RUST_UIO: uio_fread requested=3 read=3
RUST_UIO: uio_fread requested=4 read=4
RUST_UIO: uio_fread requested=8 read=8
RUST_UIO: uio_fread requested=768 read=768
RUST_UIO: uio_fread requested=4 read=4
RUST_UIO: uio_fread requested=8 read=8
RUST_UIO: uio_fread requested=1 read=1
RUST_UIO: uio_fread requested=4 read=4
RUST_UIO: uio_fread requested=8 read=8
RUST_UIO: uio_fread requested=157 read=157
RUST_UIO: uio_fread requested=4 read=4
RUST_UIO: uio_fclose called
RUST_UIO: uio_fopen entry
RUST_UIO: uio_fopen called
RUST_UIO: uio_fopen path="/Users/runner/work/_temp/s4-command-evidence/bundle/run-0/payloads/native-window.acceptance/inputs/content/base/ships/chmmr/avatar-med-008.png" mode=rb
RUST_UIO: uio_fopen returning stream=0x600002d3d7c0
RUST_UIO: uio_fread requested=8 read=8
RUST_UIO: uio_fread requested=8 read=8
RUST_UIO: uio_fread requested=13 read=13
RUST_UIO: uio_fread requested=4 read=4
RUST_UIO: uio_fread requested=8 read=8
RUST_UIO: uio_fread requested=3 read=3
RUST_UIO: uio_fread requested=4 read=4
RUST_UIO: uio_fread requested=8 read=8
RUST_UIO: uio_fread requested=768 read=768
RUST_UIO: uio_fread requested=4 read=4
RUST_UIO: uio_fread requested=8 read=8
RUST_UIO: uio_fread requested=1 read=1
RUST_UIO: uio_fread requested=4 read=4
RUST_UIO: uio_fread requested=8 read=8
RUST_UIO: uio_fread requested=151 read=151
RUST_UIO: uio_fread requested=4 read=4
RUST_UIO: uio_fclose called
RUST_UIO: uio_fopen entry
RUST_UIO: uio_fopen called
RUST_UIO: uio_fopen path="/Users/runner/work/_temp/s4-command-evidence/bundle/run-0/payloads/native-window.acceptance/inputs/content/base/ships/chmmr/avatar-med-009.png" mode=rb
RUST_UIO: uio_fopen returning stream=0x600002d3d780
RUST_UIO: uio_fread requested=8 read=8
RUST_UIO: uio_fread requested=8 read=8
RUST_UIO: uio_fread requested=13 read=13
RUST_UIO: uio_fread requested=4 read=4
RUST_UIO: uio_fread requested=8 read=8
RUST_UIO: uio_fread requested=3 read=3
RUST_UIO: uio_fread requested=4 read=4
RUST_UIO: uio_fread requested=8 read=8
RUST_UIO: uio_fread requested=768 read=768
RUST_UIO: uio_fread requested=4 read=4
RUST_UIO: uio_fread requested=8 read=8
RUST_UIO: uio_fread requested=1 read=1
RUST_UIO: uio_fread requested=4 read=4
RUST_UIO: uio_fread requested=8 read=8
RUST_UIO: uio_fread requested=154 read=154
RUST_UIO: uio_fread requested=4 read=4
RUST_UIO: uio_fclose called
RUST_UIO: uio_fopen entry
RUST_UIO: uio_fopen called
RUST_UIO: uio_fopen path="/Users/runner/work/_temp/s4-command-evidence/bundle/run-0/payloads/native-window.acceptance/inputs/content/base/ships/chmmr/avatar-med-010.png" mode=rb
RUST_UIO: uio_fopen returning stream=0x600002d3d7c0
RUST_UIO: uio_fread requested=8 read=8
RUST_UIO: uio_fread requested=8 read=8
RUST_UIO: uio_fread requested=13 read=13
RUST_UIO: uio_fread requested=4 read=4
RUST_UIO: uio_fread requested=8 read=8
RUST_UIO: uio_fread requested=3 read=3
RUST_UIO: uio_fread requested=4 read=4
RUST_UIO: uio_fread requested=8 read=8
RUST_UIO: uio_fread requested=768 read=768
RUST_UIO: uio_fread requested=4 read=4
RUST_UIO: uio_fread requested=8 read=8
RUST_UIO: uio_fread requested=1 read=1
RUST_UIO: uio_fread requested=4 read=4
RUST_UIO: uio_fread requested=8 read=8
RUST_UIO: uio_fread requested=151 read=151
RUST_UIO: uio_fread requested=4 read=4
RUST_UIO: uio_fclose called
RUST_UIO: uio_fopen entry
RUST_UIO: uio_fopen called
RUST_UIO: uio_fopen path="/Users/runner/work/_temp/s4-command-evidence/bundle/run-0/payloads/native-window.acceptance/inputs/content/base/ships/chmmr/avatar-med-011.png" mode=rb
RUST_UIO: uio_fopen returning stream=0x600002d3d780
RUST_UIO: uio_fread requested=8 read=8
RUST_UIO: uio_fread requested=8 read=8
RUST_UIO: uio_fread requested=13 read=13
RUST_UIO: uio_fread requested=4 read=4
RUST_UIO: uio_fread requested=8 read=8
RUST_UIO: uio_fread requested=3 read=3
RUST_UIO: uio_fread requested=4 read=4
RUST_UIO: uio_fread requested=8 read=8
RUST_UIO: uio_fread requested=768 read=768
RUST_UIO: uio_fread requested=4 read=4
RUST_UIO: uio_fread requested=8 read=8
RUST_UIO: uio_fread requested=1 read=1
RUST_UIO: uio_fread requested=4 read=4
RUST_UIO: uio_fread requested=8 read=8
RUST_UIO: uio_fread requested=131 read=131
RUST_UIO: uio_fread requested=4 read=4
RUST_UIO: uio_fclose called
RUST_UIO: uio_fopen entry
RUST_UIO: uio_fopen called
RUST_UIO: uio_fopen path="/Users/runner/work/_temp/s4-command-evidence/bundle/run-0/payloads/native-window.acceptance/inputs/content/base/ships/chmmr/avatar-med-012.png" mode=rb
RUST_UIO: uio_fopen returning stream=0x600002d3d7c0
RUST_UIO: uio_fread requested=8 read=8
RUST_UIO: uio_fread requested=8 read=8
RUST_UIO: uio_fread requested=13 read=13
RUST_UIO: uio_fread requested=4 read=4
RUST_UIO: uio_fread requested=8 read=8
RUST_UIO: uio_fread requested=3 read=3
RUST_UIO: uio_fread requested=4 read=4
RUST_UIO: uio_fread requested=8 read=8
RUST_UIO: uio_fread requested=768 read=768
RUST_UIO: uio_fread requested=4 read=4
RUST_UIO: uio_fread requested=8 read=8
RUST_UIO: uio_fread requested=1 read=1
RUST_UIO: uio_fread requested=4 read=4
RUST_UIO: uio_fread requested=8 read=8
RUST_UIO: uio_fread requested=139 read=139
RUST_UIO: uio_fread requested=4 read=4
RUST_UIO: uio_fclose called
RUST_UIO: uio_fopen entry
RUST_UIO: uio_fopen called
RUST_UIO: uio_fopen path="/Users/runner/work/_temp/s4-command-evidence/bundle/run-0/payloads/native-window.acceptance/inputs/content/base/ships/chmmr/avatar-med-013.png" mode=rb
RUST_UIO: uio_fopen returning stream=0x600002d3d780
RUST_UIO: uio_fread requested=8 read=8
RUST_UIO: uio_fread requested=8 read=8
RUST_UIO: uio_fread requested=13 read=13
RUST_UIO: uio_fread requested=4 read=4
RUST_UIO: uio_fread requested=8 read=8
RUST_UIO: uio_fread requested=3 read=3
RUST_UIO: uio_fread requested=4 read=4
RUST_UIO: uio_fread requested=8 read=8
RUST_UIO: uio_fread requested=768 read=768
RUST_UIO: uio_fread requested=4 read=4
RUST_UIO: uio_fread requested=8 read=8
RUST_UIO: uio_fread requested=1 read=1
RUST_UIO: uio_fread requested=4 read=4
RUST_UIO: uio_fread requested=8 read=8
RUST_UIO: uio_fread requested=135 read=135
RUST_UIO: uio_fread requested=4 read=4
RUST_UIO: uio_fclose called
RUST_UIO: uio_fopen entry
RUST_UIO: uio_fopen called
RUST_UIO: uio_fopen path="/Users/runner/work/_temp/s4-command-evidence/bundle/run-0/payloads/native-window.acceptance/inputs/content/base/ships/chmmr/avatar-med-014.png" mode=rb
RUST_UIO: uio_fopen returning stream=0x600002d05a40
RUST_UIO: uio_fread requested=8 read=8
RUST_UIO: uio_fread requested=8 read=8
RUST_UIO: uio_fread requested=13 read=13
RUST_UIO: uio_fread requested=4 read=4
RUST_UIO: uio_fread requested=8 read=8
RUST_UIO: uio_fread requested=3 read=3
RUST_UIO: uio_fread requested=4 read=4
RUST_UIO: uio_fread requested=8 read=8
RUST_UIO: uio_fread requested=768 read=768
RUST_UIO: uio_fread requested=4 read=4
RUST_UIO: uio_fread requested=8 read=8
RUST_UIO: uio_fread requested=1 read=1
RUST_UIO: uio_fread requested=4 read=4
RUST_UIO: uio_fread requested=8 read=8
RUST_UIO: uio_fread requested=151 read=151
RUST_UIO: uio_fread requested=4 read=4
RUST_UIO: uio_fclose called
RUST_UIO: uio_fopen entry
RUST_UIO: uio_fopen called
RUST_UIO: uio_fopen path="/Users/runner/work/_temp/s4-command-evidence/bundle/run-0/payloads/native-window.acceptance/inputs/content/base/ships/chmmr/avatar-med-015.png" mode=rb
RUST_UIO: uio_fopen returning stream=0x600002d05b00
RUST_UIO: uio_fread requested=8 read=8
RUST_UIO: uio_fread requested=8 read=8
RUST_UIO: uio_fread requested=13 read=13
RUST_UIO: uio_fread requested=4 read=4
RUST_UIO: uio_fread requested=8 read=8
RUST_UIO: uio_fread requested=3 read=3
RUST_UIO: uio_fread requested=4 read=4
RUST_UIO: uio_fread requested=8 read=8
RUST_UIO: uio_fread requested=768 read=768
RUST_UIO: uio_fread requested=4 read=4
RUST_UIO: uio_fread requested=8 read=8
RUST_UIO: uio_fread requested=1 read=1
RUST_UIO: uio_fread requested=4 read=4
RUST_UIO: uio_fread requested=8 read=8
RUST_UIO: uio_fread requested=154 read=154
RUST_UIO: uio_fread requested=4 read=4
RUST_UIO: uio_fclose called
RUST_UIO: uio_fclose called
RUST_UIO: uio_stat called
RUST_UIO: uio_fopen entry
RUST_UIO: uio_fopen called
RUST_UIO: uio_fopen path="/Users/runner/work/_temp/s4-command-evidence/bundle/run-0/payloads/native-window.acceptance/inputs/content/base/ships/chmmr/avatar-sml.ani" mode=rb
RUST_UIO: uio_fopen returning stream=0x600002d05b00
RUST_UIO: uio_fread requested=4 read=4
RUST_UIO: uio_fopen entry
RUST_UIO: uio_fopen called
RUST_UIO: uio_fopen path="/Users/runner/work/_temp/s4-command-evidence/bundle/run-0/payloads/native-window.acceptance/inputs/content/base/ships/chmmr/avatar-sml-000.png" mode=rb
RUST_UIO: uio_fopen returning stream=0x600002d05840
RUST_UIO: uio_fread requested=8 read=8
RUST_UIO: uio_fread requested=8 read=8
RUST_UIO: uio_fread requested=13 read=13
RUST_UIO: uio_fread requested=4 read=4
RUST_UIO: uio_fread requested=8 read=8
RUST_UIO: uio_fread requested=3 read=3
RUST_UIO: uio_fread requested=4 read=4
RUST_UIO: uio_fread requested=8 read=8
RUST_UIO: uio_fread requested=768 read=768
RUST_UIO: uio_fread requested=4 read=4
RUST_UIO: uio_fread requested=8 read=8
RUST_UIO: uio_fread requested=1 read=1
RUST_UIO: uio_fread requested=4 read=4
RUST_UIO: uio_fread requested=8 read=8
RUST_UIO: uio_fread requested=69 read=69
RUST_UIO: uio_fread requested=4 read=4
RUST_UIO: uio_fclose called
RUST_UIO: uio_fopen entry
RUST_UIO: uio_fopen called
RUST_UIO: uio_fopen path="/Users/runner/work/_temp/s4-command-evidence/bundle/run-0/payloads/native-window.acceptance/inputs/content/base/ships/chmmr/avatar-sml-001.png" mode=rb
RUST_UIO: uio_fopen returning stream=0x600002d058c0
RUST_UIO: uio_fread requested=8 read=8
RUST_UIO: uio_fread requested=8 read=8
RUST_UIO: uio_fread requested=13 read=13
RUST_UIO: uio_fread requested=4 read=4
RUST_UIO: uio_fread requested=8 read=8
RUST_UIO: uio_fread requested=3 read=3
RUST_UIO: uio_fread requested=4 read=4
RUST_UIO: uio_fread requested=8 read=8
RUST_UIO: uio_fread requested=768 read=768
RUST_UIO: uio_fread requested=4 read=4
RUST_UIO: uio_fread requested=8 read=8
RUST_UIO: uio_fread requested=1 read=1
RUST_UIO: uio_fread requested=4 read=4
RUST_UIO: uio_fread requested=8 read=8
RUST_UIO: uio_fread requested=71 read=71
RUST_UIO: uio_fread requested=4 read=4
RUST_UIO: uio_fclose called
RUST_UIO: uio_fopen entry
RUST_UIO: uio_fopen called
RUST_UIO: uio_fopen path="/Users/runner/work/_temp/s4-command-evidence/bundle/run-0/payloads/native-window.acceptance/inputs/content/base/ships/chmmr/avatar-sml-002.png" mode=rb
RUST_UIO: uio_fopen returning stream=0x600002d05840
RUST_UIO: uio_fread requested=8 read=8
RUST_UIO: uio_fread requested=8 read=8
RUST_UIO: uio_fread requested=13 read=13
RUST_UIO: uio_fread requested=4 read=4
RUST_UIO: uio_fread requested=8 read=8
RUST_UIO: uio_fread requested=3 read=3
RUST_UIO: uio_fread requested=4 read=4
RUST_UIO: uio_fread requested=8 read=8
RUST_UIO: uio_fread requested=768 read=768
RUST_UIO: uio_fread requested=4 read=4
RUST_UIO: uio_fread requested=8 read=8
RUST_UIO: uio_fread requested=1 read=1
RUST_UIO: uio_fread requested=4 read=4
RUST_UIO: uio_fread requested=8 read=8
RUST_UIO: uio_fread requested=61 read=61
RUST_UIO: uio_fread requested=4 read=4
RUST_UIO: uio_fclose called
RUST_UIO: uio_fopen entry
RUST_UIO: uio_fopen called
RUST_UIO: uio_fopen path="/Users/runner/work/_temp/s4-command-evidence/bundle/run-0/payloads/native-window.acceptance/inputs/content/base/ships/chmmr/avatar-sml-003.png" mode=rb
RUST_UIO: uio_fopen returning stream=0x600002d058c0
RUST_UIO: uio_fread requested=8 read=8
RUST_UIO: uio_fread requested=8 read=8
RUST_UIO: uio_fread requested=13 read=13
RUST_UIO: uio_fread requested=4 read=4
RUST_UIO: uio_fread requested=8 read=8
RUST_UIO: uio_fread requested=3 read=3
RUST_UIO: uio_fread requested=4 read=4
RUST_UIO: uio_fread requested=8 read=8
RUST_UIO: uio_fread requested=768 read=768
RUST_UIO: uio_fread requested=4 read=4
RUST_UIO: uio_fread requested=8 read=8
RUST_UIO: uio_fread requested=1 read=1
RUST_UIO: uio_fread requested=4 read=4
RUST_UIO: uio_fread requested=8 read=8
RUST_UIO: uio_fread requested=68 read=68
RUST_UIO: uio_fread requested=4 read=4
RUST_UIO: uio_fclose called
RUST_UIO: uio_fopen entry
RUST_UIO: uio_fopen called
RUST_UIO: uio_fopen path="/Users/runner/work/_temp/s4-command-evidence/bundle/run-0/payloads/native-window.acceptance/inputs/content/base/ships/chmmr/avatar-sml-004.png" mode=rb
RUST_UIO: uio_fopen returning stream=0x600002d05840
RUST_UIO: uio_fread requested=8 read=8
RUST_UIO: uio_fread requested=8 read=8
RUST_UIO: uio_fread requested=13 read=13
RUST_UIO: uio_fread requested=4 read=4
RUST_UIO: uio_fread requested=8 read=8
RUST_UIO: uio_fread requested=3 read=3
RUST_UIO: uio_fread requested=4 read=4
RUST_UIO: uio_fread requested=8 read=8
RUST_UIO: uio_fread requested=768 read=768
RUST_UIO: uio_fread requested=4 read=4
RUST_UIO: uio_fread requested=8 read=8
RUST_UIO: uio_fread requested=1 read=1
RUST_UIO: uio_fread requested=4 read=4
RUST_UIO: uio_fread requested=8 read=8
RUST_UIO: uio_fread requested=54 read=54
RUST_UIO: uio_fread requested=4 read=4
RUST_UIO: uio_fclose called
RUST_UIO: uio_fopen entry
RUST_UIO: uio_fopen called
RUST_UIO: uio_fopen path="/Users/runner/work/_temp/s4-command-evidence/bundle/run-0/payloads/native-window.acceptance/inputs/content/base/ships/chmmr/avatar-sml-005.png" mode=rb
RUST_UIO: uio_fopen returning stream=0x600002d058c0
RUST_UIO: uio_fread requested=8 read=8
RUST_UIO: uio_fread requested=8 read=8
RUST_UIO: uio_fread requested=13 read=13
RUST_UIO: uio_fread requested=4 read=4
RUST_UIO: uio_fread requested=8 read=8
RUST_UIO: uio_fread requested=3 read=3
RUST_UIO: uio_fread requested=4 read=4
RUST_UIO: uio_fread requested=8 read=8
RUST_UIO: uio_fread requested=768 read=768
RUST_UIO: uio_fread requested=4 read=4
RUST_UIO: uio_fread requested=8 read=8
RUST_UIO: uio_fread requested=1 read=1
RUST_UIO: uio_fread requested=4 read=4
RUST_UIO: uio_fread requested=8 read=8
RUST_UIO: uio_fread requested=68 read=68
RUST_UIO: uio_fread requested=4 read=4
RUST_UIO: uio_fclose called
RUST_UIO: uio_fopen entry
RUST_UIO: uio_fopen called
RUST_UIO: uio_fopen path="/Users/runner/work/_temp/s4-command-evidence/bundle/run-0/payloads/native-window.acceptance/inputs/content/base/ships/chmmr/avatar-sml-006.png" mode=rb
RUST_UIO: uio_fopen returning stream=0x600002d05840
RUST_UIO: uio_fread requested=8 read=8
RUST_UIO: uio_fread requested=8 read=8
RUST_UIO: uio_fread requested=13 read=13
RUST_UIO: uio_fread requested=4 read=4
RUST_UIO: uio_fread requested=8 read=8
RUST_UIO: uio_fread requested=3 read=3
RUST_UIO: uio_fread requested=4 read=4
RUST_UIO: uio_fread requested=8 read=8
RUST_UIO: uio_fread requested=768 read=768
RUST_UIO: uio_fread requested=4 read=4
RUST_UIO: uio_fread requested=8 read=8
RUST_UIO: uio_fread requested=1 read=1
RUST_UIO: uio_fread requested=4 read=4
RUST_UIO: uio_fread requested=8 read=8
RUST_UIO: uio_fread requested=61 read=61
RUST_UIO: uio_fread requested=4 read=4
RUST_UIO: uio_fclose called
RUST_UIO: uio_fopen entry
RUST_UIO: uio_fopen called
RUST_UIO: uio_fopen path="/Users/runner/work/_temp/s4-command-evidence/bundle/run-0/payloads/native-window.acceptance/inputs/content/base/ships/chmmr/avatar-sml-007.png" mode=rb
RUST_UIO: uio_fopen returning stream=0x600002d058c0
RUST_UIO: uio_fread requested=8 read=8
RUST_UIO: uio_fread requested=8 read=8
RUST_UIO: uio_fread requested=13 read=13
RUST_UIO: uio_fread requested=4 read=4
RUST_UIO: uio_fread requested=8 read=8
RUST_UIO: uio_fread requested=3 read=3
RUST_UIO: uio_fread requested=4 read=4
RUST_UIO: uio_fread requested=8 read=8
RUST_UIO: uio_fread requested=768 read=768
RUST_UIO: uio_fread requested=4 read=4
RUST_UIO: uio_fread requested=8 read=8
RUST_UIO: uio_fread requested=1 read=1
RUST_UIO: uio_fread requested=4 read=4
RUST_UIO: uio_fread requested=8 read=8
RUST_UIO: uio_fread requested=69 read=69
RUST_UIO: uio_fread requested=4 read=4
RUST_UIO: uio_fclose called
RUST_UIO: uio_fopen entry
RUST_UIO: uio_fopen called
RUST_UIO: uio_fopen path="/Users/runner/work/_temp/s4-command-evidence/bundle/run-0/payloads/native-window.acceptance/inputs/content/base/ships/chmmr/avatar-sml-008.png" mode=rb
RUST_UIO: uio_fopen returning stream=0x600002d05840
RUST_UIO: uio_fread requested=8 read=8
RUST_UIO: uio_fread requested=8 read=8
RUST_UIO: uio_fread requested=13 read=13
RUST_UIO: uio_fread requested=4 read=4
RUST_UIO: uio_fread requested=8 read=8
RUST_UIO: uio_fread requested=3 read=3
RUST_UIO: uio_fread requested=4 read=4
RUST_UIO: uio_fread requested=8 read=8
RUST_UIO: uio_fread requested=768 read=768
RUST_UIO: uio_fread requested=4 read=4
RUST_UIO: uio_fread requested=8 read=8
RUST_UIO: uio_fread requested=1 read=1
RUST_UIO: uio_fread requested=4 read=4
RUST_UIO: uio_fread requested=8 read=8
RUST_UIO: uio_fread requested=70 read=70
RUST_UIO: uio_fread requested=4 read=4
RUST_UIO: uio_fclose called
RUST_UIO: uio_fopen entry
RUST_UIO: uio_fopen called
RUST_UIO: uio_fopen path="/Users/runner/work/_temp/s4-command-evidence/bundle/run-0/payloads/native-window.acceptance/inputs/content/base/ships/chmmr/avatar-sml-009.png" mode=rb
RUST_UIO: uio_fopen returning stream=0x600002d058c0
RUST_UIO: uio_fread requested=8 read=8
RUST_UIO: uio_fread requested=8 read=8
RUST_UIO: uio_fread requested=13 read=13
RUST_UIO: uio_fread requested=4 read=4
RUST_UIO: uio_fread requested=8 read=8
RUST_UIO: uio_fread requested=3 read=3
RUST_UIO: uio_fread requested=4 read=4
RUST_UIO: uio_fread requested=8 read=8
RUST_UIO: uio_fread requested=768 read=768
RUST_UIO: uio_fread requested=4 read=4
RUST_UIO: uio_fread requested=8 read=8
RUST_UIO: uio_fread requested=1 read=1
RUST_UIO: uio_fread requested=4 read=4
RUST_UIO: uio_fread requested=8 read=8
RUST_UIO: uio_fread requested=69 read=69
RUST_UIO: uio_fread requested=4 read=4
RUST_UIO: uio_fclose called
RUST_UIO: uio_fopen entry
RUST_UIO: uio_fopen called
RUST_UIO: uio_fopen path="/Users/runner/work/_temp/s4-command-evidence/bundle/run-0/payloads/native-window.acceptance/inputs/content/base/ships/chmmr/avatar-sml-010.png" mode=rb
RUST_UIO: uio_fopen returning stream=0x600002d05840
RUST_UIO: uio_fread requested=8 read=8
RUST_UIO: uio_fread requested=8 read=8
RUST_UIO: uio_fread requested=13 read=13
RUST_UIO: uio_fread requested=4 read=4
RUST_UIO: uio_fread requested=8 read=8
RUST_UIO: uio_fread requested=3 read=3
RUST_UIO: uio_fread requested=4 read=4
RUST_UIO: uio_fread requested=8 read=8
RUST_UIO: uio_fread requested=768 read=768
RUST_UIO: uio_fread requested=4 read=4
RUST_UIO: uio_fread requested=8 read=8
RUST_UIO: uio_fread requested=1 read=1
RUST_UIO: uio_fread requested=4 read=4
RUST_UIO: uio_fread requested=8 read=8
RUST_UIO: uio_fread requested=60 read=60
RUST_UIO: uio_fread requested=4 read=4
RUST_UIO: uio_fclose called
RUST_UIO: uio_fopen entry
RUST_UIO: uio_fopen called
RUST_UIO: uio_fopen path="/Users/runner/work/_temp/s4-command-evidence/bundle/run-0/payloads/native-window.acceptance/inputs/content/base/ships/chmmr/avatar-sml-011.png" mode=rb
RUST_UIO: uio_fopen returning stream=0x600002d058c0
RUST_UIO: uio_fread requested=8 read=8
RUST_UIO: uio_fread requested=8 read=8
RUST_UIO: uio_fread requested=13 read=13
RUST_UIO: uio_fread requested=4 read=4
RUST_UIO: uio_fread requested=8 read=8
RUST_UIO: uio_fread requested=3 read=3
RUST_UIO: uio_fread requested=4 read=4
RUST_UIO: uio_fread requested=8 read=8
RUST_UIO: uio_fread requested=768 read=768
RUST_UIO: uio_fread requested=4 read=4
RUST_UIO: uio_fread requested=8 read=8
RUST_UIO: uio_fread requested=1 read=1
RUST_UIO: uio_fread requested=4 read=4
RUST_UIO: uio_fread requested=8 read=8
RUST_UIO: uio_fread requested=69 read=69
RUST_UIO: uio_fread requested=4 read=4
RUST_UIO: uio_fclose called
RUST_UIO: uio_fopen entry
RUST_UIO: uio_fopen called
RUST_UIO: uio_fopen path="/Users/runner/work/_temp/s4-command-evidence/bundle/run-0/payloads/native-window.acceptance/inputs/content/base/ships/chmmr/avatar-sml-012.png" mode=rb
RUST_UIO: uio_fopen returning stream=0x600002d05840
RUST_UIO: uio_fread requested=8 read=8
RUST_UIO: uio_fread requested=8 read=8
RUST_UIO: uio_fread requested=13 read=13
RUST_UIO: uio_fread requested=4 read=4
RUST_UIO: uio_fread requested=8 read=8
RUST_UIO: uio_fread requested=3 read=3
RUST_UIO: uio_fread requested=4 read=4
RUST_UIO: uio_fread requested=8 read=8
RUST_UIO: uio_fread requested=768 read=768
RUST_UIO: uio_fread requested=4 read=4
RUST_UIO: uio_fread requested=8 read=8
RUST_UIO: uio_fread requested=1 read=1
RUST_UIO: uio_fread requested=4 read=4
RUST_UIO: uio_fread requested=8 read=8
RUST_UIO: uio_fread requested=57 read=57
RUST_UIO: uio_fread requested=4 read=4
RUST_UIO: uio_fclose called
RUST_UIO: uio_fopen entry
RUST_UIO: uio_fopen called
RUST_UIO: uio_fopen path="/Users/runner/work/_temp/s4-command-evidence/bundle/run-0/payloads/native-window.acceptance/inputs/content/base/ships/chmmr/avatar-sml-013.png" mode=rb
RUST_UIO: uio_fopen returning stream=0x600002d058c0
RUST_UIO: uio_fread requested=8 read=8
RUST_UIO: uio_fread requested=8 read=8
RUST_UIO: uio_fread requested=13 read=13
RUST_UIO: uio_fread requested=4 read=4
RUST_UIO: uio_fread requested=8 read=8
RUST_UIO: uio_fread requested=3 read=3
RUST_UIO: uio_fread requested=4 read=4
RUST_UIO: uio_fread requested=8 read=8
RUST_UIO: uio_fread requested=768 read=768
RUST_UIO: uio_fread requested=4 read=4
RUST_UIO: uio_fread requested=8 read=8
RUST_UIO: uio_fread requested=1 read=1
RUST_UIO: uio_fread requested=4 read=4
RUST_UIO: uio_fread requested=8 read=8
RUST_UIO: uio_fread requested=69 read=69
RUST_UIO: uio_fread requested=4 read=4
RUST_UIO: uio_fclose called
RUST_UIO: uio_fopen entry
RUST_UIO: uio_fopen called
RUST_UIO: uio_fopen path="/Users/runner/work/_temp/s4-command-evidence/bundle/run-0/payloads/native-window.acceptance/inputs/content/base/ships/chmmr/avatar-sml-014.png" mode=rb
RUST_UIO: uio_fopen returning stream=0x600002d05840
RUST_UIO: uio_fread requested=8 read=8
RUST_UIO: uio_fread requested=8 read=8
RUST_UIO: uio_fread requested=13 read=13
RUST_UIO: uio_fread requested=4 read=4
RUST_UIO: uio_fread requested=8 read=8
RUST_UIO: uio_fread requested=3 read=3
RUST_UIO: uio_fread requested=4 read=4
RUST_UIO: uio_fread requested=8 read=8
RUST_UIO: uio_fread requested=768 read=768
RUST_UIO: uio_fread requested=4 read=4
RUST_UIO: uio_fread requested=8 read=8
RUST_UIO: uio_fread requested=1 read=1
RUST_UIO: uio_fread requested=4 read=4
RUST_UIO: uio_fread requested=8 read=8
RUST_UIO: uio_fread requested=61 read=61
RUST_UIO: uio_fread requested=4 read=4
RUST_UIO: uio_fclose called
RUST_UIO: uio_fopen entry
RUST_UIO: uio_fopen called
RUST_UIO: uio_fopen path="/Users/runner/work/_temp/s4-command-evidence/bundle/run-0/payloads/native-window.acceptance/inputs/content/base/ships/chmmr/avatar-sml-015.png" mode=rb
RUST_UIO: uio_fopen returning stream=0x600002d058c0
RUST_UIO: uio_fread requested=8 read=8
RUST_UIO: uio_fread requested=8 read=8
RUST_UIO: uio_fread requested=13 read=13
RUST_UIO: uio_fread requested=4 read=4
RUST_UIO: uio_fread requested=8 read=8
RUST_UIO: uio_fread requested=3 read=3
RUST_UIO: uio_fread requested=4 read=4
RUST_UIO: uio_fread requested=8 read=8
RUST_UIO: uio_fread requested=768 read=768
RUST_UIO: uio_fread requested=4 read=4
RUST_UIO: uio_fread requested=8 read=8
RUST_UIO: uio_fread requested=1 read=1
RUST_UIO: uio_fread requested=4 read=4
RUST_UIO: uio_fread requested=8 read=8
RUST_UIO: uio_fread requested=69 read=69
RUST_UIO: uio_fread requested=4 read=4
RUST_UIO: uio_fclose called
RUST_UIO: uio_fclose called
RUST_UIO: uio_stat called
RUST_UIO: uio_fopen entry
RUST_UIO: uio_fopen called
RUST_UIO: uio_fopen path="/Users/runner/work/_temp/s4-command-evidence/bundle/run-0/payloads/native-window.acceptance/inputs/content/base/ships/chmmr/muzzle-big.ani" mode=rb
RUST_UIO: uio_fopen returning stream=0x600002d05b00
RUST_UIO: uio_fread requested=4 read=4
RUST_UIO: uio_fopen entry
RUST_UIO: uio_fopen called
RUST_UIO: uio_fopen path="/Users/runner/work/_temp/s4-command-evidence/bundle/run-0/payloads/native-window.acceptance/inputs/content/base/ships/chmmr/muzzle-big-000.png" mode=rb
RUST_UIO: uio_fopen returning stream=0x600002d05840
RUST_UIO: uio_fread requested=8 read=8
RUST_UIO: uio_fread requested=8 read=8
RUST_UIO: uio_fread requested=13 read=13
RUST_UIO: uio_fread requested=4 read=4
RUST_UIO: uio_fread requested=8 read=8
RUST_UIO: uio_fread requested=3 read=3
RUST_UIO: uio_fread requested=4 read=4
RUST_UIO: uio_fread requested=8 read=8
RUST_UIO: uio_fread requested=768 read=768
RUST_UIO: uio_fread requested=4 read=4
RUST_UIO: uio_fread requested=8 read=8
RUST_UIO: uio_fread requested=1 read=1
RUST_UIO: uio_fread requested=4 read=4
RUST_UIO: uio_fread requested=8 read=8
RUST_UIO: uio_fread requested=10 read=10
RUST_UIO: uio_fread requested=4 read=4
RUST_UIO: uio_fclose called
RUST_UIO: uio_fopen entry
RUST_UIO: uio_fopen called
RUST_UIO: uio_fopen path="/Users/runner/work/_temp/s4-command-evidence/bundle/run-0/payloads/native-window.acceptance/inputs/content/base/ships/chmmr/muzzle-big-001.png" mode=rb
RUST_UIO: uio_fopen returning stream=0x600002d058c0
RUST_UIO: uio_fread requested=8 read=8
RUST_UIO: uio_fread requested=8 read=8
RUST_UIO: uio_fread requested=13 read=13
RUST_UIO: uio_fread requested=4 read=4
RUST_UIO: uio_fread requested=8 read=8
RUST_UIO: uio_fread requested=3 read=3
RUST_UIO: uio_fread requested=4 read=4
RUST_UIO: uio_fread requested=8 read=8
RUST_UIO: uio_fread requested=768 read=768
RUST_UIO: uio_fread requested=4 read=4
RUST_UIO: uio_fread requested=8 read=8
RUST_UIO: uio_fread requested=1 read=1
RUST_UIO: uio_fread requested=4 read=4
RUST_UIO: uio_fread requested=8 read=8
RUST_UIO: uio_fread requested=10 read=10
RUST_UIO: uio_fread requested=4 read=4
RUST_UIO: uio_fclose called
RUST_UIO: uio_fopen entry
RUST_UIO: uio_fopen called
RUST_UIO: uio_fopen path="/Users/runner/work/_temp/s4-command-evidence/bundle/run-0/payloads/native-window.acceptance/inputs/content/base/ships/chmmr/muzzle-big-002.png" mode=rb
RUST_UIO: uio_fopen returning stream=0x600002d05840
RUST_UIO: uio_fread requested=8 read=8
RUST_UIO: uio_fread requested=8 read=8
RUST_UIO: uio_fread requested=13 read=13
RUST_UIO: uio_fread requested=4 read=4
RUST_UIO: uio_fread requested=8 read=8
RUST_UIO: uio_fread requested=3 read=3
RUST_UIO: uio_fread requested=4 read=4
RUST_UIO: uio_fread requested=8 read=8
RUST_UIO: uio_fread requested=768 read=768
RUST_UIO: uio_fread requested=4 read=4
RUST_UIO: uio_fread requested=8 read=8
RUST_UIO: uio_fread requested=1 read=1
RUST_UIO: uio_fread requested=4 read=4
RUST_UIO: uio_fread requested=8 read=8
RUST_UIO: uio_fread requested=10 read=10
RUST_UIO: uio_fread requested=4 read=4
RUST_UIO: uio_fclose called
RUST_UIO: uio_fopen entry
RUST_UIO: uio_fopen called
RUST_UIO: uio_fopen path="/Users/runner/work/_temp/s4-command-evidence/bundle/run-0/payloads/native-window.acceptance/inputs/content/base/ships/chmmr/muzzle-big-003.png" mode=rb
RUST_UIO: uio_fopen returning stream=0x600002d058c0
RUST_UIO: uio_fread requested=8 read=8
RUST_UIO: uio_fread requested=8 read=8
RUST_UIO: uio_fread requested=13 read=13
RUST_UIO: uio_fread requested=4 read=4
RUST_UIO: uio_fread requested=8 read=8
RUST_UIO: uio_fread requested=3 read=3
RUST_UIO: uio_fread requested=4 read=4
RUST_UIO: uio_fread requested=8 read=8
RUST_UIO: uio_fread requested=768 read=768
RUST_UIO: uio_fread requested=4 read=4
RUST_UIO: uio_fread requested=8 read=8
RUST_UIO: uio_fread requested=1 read=1
RUST_UIO: uio_fread requested=4 read=4
RUST_UIO: uio_fread requested=8 read=8
RUST_UIO: uio_fread requested=10 read=10
RUST_UIO: uio_fread requested=4 read=4
RUST_UIO: uio_fclose called
RUST_UIO: uio_fopen entry
RUST_UIO: uio_fopen called
RUST_UIO: uio_fopen path="/Users/runner/work/_temp/s4-command-evidence/bundle/run-0/payloads/native-window.acceptance/inputs/content/base/ships/chmmr/muzzle-big-004.png" mode=rb
RUST_UIO: uio_fopen returning stream=0x600002d05840
RUST_UIO: uio_fread requested=8 read=8
RUST_UIO: uio_fread requested=8 read=8
RUST_UIO: uio_fread requested=13 read=13
RUST_UIO: uio_fread requested=4 read=4
RUST_UIO: uio_fread requested=8 read=8
RUST_UIO: uio_fread requested=3 read=3
RUST_UIO: uio_fread requested=4 read=4
RUST_UIO: uio_fread requested=8 read=8
RUST_UIO: uio_fread requested=768 read=768
RUST_UIO: uio_fread requested=4 read=4
RUST_UIO: uio_fread requested=8 read=8
RUST_UIO: uio_fread requested=1 read=1
RUST_UIO: uio_fread requested=4 read=4
RUST_UIO: uio_fread requested=8 read=8
RUST_UIO: uio_fread requested=10 read=10
RUST_UIO: uio_fread requested=4 read=4
RUST_UIO: uio_fclose called
RUST_UIO: uio_fopen entry
RUST_UIO: uio_fopen called
RUST_UIO: uio_fopen path="/Users/runner/work/_temp/s4-command-evidence/bundle/run-0/payloads/native-window.acceptance/inputs/content/base/ships/chmmr/muzzle-big-005.png" mode=rb
RUST_UIO: uio_fopen returning stream=0x600002d058c0
RUST_UIO: uio_fread requested=8 read=8
RUST_UIO: uio_fread requested=8 read=8
RUST_UIO: uio_fread requested=13 read=13
RUST_UIO: uio_fread requested=4 read=4
RUST_UIO: uio_fread requested=8 read=8
RUST_UIO: uio_fread requested=3 read=3
RUST_UIO: uio_fread requested=4 read=4
RUST_UIO: uio_fread requested=8 read=8
RUST_UIO: uio_fread requested=768 read=768
RUST_UIO: uio_fread requested=4 read=4
RUST_UIO: uio_fread requested=8 read=8
RUST_UIO: uio_fread requested=1 read=1
RUST_UIO: uio_fread requested=4 read=4
RUST_UIO: uio_fread requested=8 read=8
RUST_UIO: uio_fread requested=10 read=10
RUST_UIO: uio_fread requested=4 read=4
RUST_UIO: uio_fclose called
RUST_UIO: uio_fopen entry
RUST_UIO: uio_fopen called
RUST_UIO: uio_fopen path="/Users/runner/work/_temp/s4-command-evidence/bundle/run-0/payloads/native-window.acceptance/inputs/content/base/ships/chmmr/muzzle-big-006.png" mode=rb
RUST_UIO: uio_fopen returning stream=0x600002d05840
RUST_UIO: uio_fread requested=8 read=8
RUST_UIO: uio_fread requested=8 read=8
RUST_UIO: uio_fread requested=13 read=13
RUST_UIO: uio_fread requested=4 read=4
RUST_UIO: uio_fread requested=8 read=8
RUST_UIO: uio_fread requested=3 read=3
RUST_UIO: uio_fread requested=4 read=4
RUST_UIO: uio_fread requested=8 read=8
RUST_UIO: uio_fread requested=768 read=768
RUST_UIO: uio_fread requested=4 read=4
RUST_UIO: uio_fread requested=8 read=8
RUST_UIO: uio_fread requested=1 read=1
RUST_UIO: uio_fread requested=4 read=4
RUST_UIO: uio_fread requested=8 read=8
RUST_UIO: uio_fread requested=10 read=10
RUST_UIO: uio_fread requested=4 read=4
RUST_UIO: uio_fclose called
RUST_UIO: uio_fopen entry
RUST_UIO: uio_fopen called
RUST_UIO: uio_fopen path="/Users/runner/work/_temp/s4-command-evidence/bundle/run-0/payloads/native-window.acceptance/inputs/content/base/ships/chmmr/muzzle-big-007.png" mode=rb
RUST_UIO: uio_fopen returning stream=0x600002d058c0
RUST_UIO: uio_fread requested=8 read=8
RUST_UIO: uio_fread requested=8 read=8
RUST_UIO: uio_fread requested=13 read=13
RUST_UIO: uio_fread requested=4 read=4
RUST_UIO: uio_fread requested=8 read=8
RUST_UIO: uio_fread requested=3 read=3
RUST_UIO: uio_fread requested=4 read=4
RUST_UIO: uio_fread requested=8 read=8
RUST_UIO: uio_fread requested=768 read=768
RUST_UIO: uio_fread requested=4 read=4
RUST_UIO: uio_fread requested=8 read=8
RUST_UIO: uio_fread requested=1 read=1
RUST_UIO: uio_fread requested=4 read=4
RUST_UIO: uio_fread requested=8 read=8
RUST_UIO: uio_fread requested=10 read=10
RUST_UIO: uio_fread requested=4 read=4
RUST_UIO: uio_fclose called
RUST_UIO: uio_fopen entry
RUST_UIO: uio_fopen called
RUST_UIO: uio_fopen path="/Users/runner/work/_temp/s4-command-evidence/bundle/run-0/payloads/native-window.acceptance/inputs/content/base/ships/chmmr/muzzle-big-008.png" mode=rb
RUST_UIO: uio_fopen returning stream=0x600002d05840
RUST_UIO: uio_fread requested=8 read=8
RUST_UIO: uio_fread requested=8 read=8
RUST_UIO: uio_fread requested=13 read=13
RUST_UIO: uio_fread requested=4 read=4
RUST_UIO: uio_fread requested=8 read=8
RUST_UIO: uio_fread requested=3 read=3
RUST_UIO: uio_fread requested=4 read=4
RUST_UIO: uio_fread requested=8 read=8
RUST_UIO: uio_fread requested=768 read=768
RUST_UIO: uio_fread requested=4 read=4
RUST_UIO: uio_fread requested=8 read=8
RUST_UIO: uio_fread requested=1 read=1
RUST_UIO: uio_fread requested=4 read=4
RUST_UIO: uio_fread requested=8 read=8
RUST_UIO: uio_fread requested=10 read=10
RUST_UIO: uio_fread requested=4 read=4
RUST_UIO: uio_fclose called
RUST_UIO: uio_fopen entry
RUST_UIO: uio_fopen called
RUST_UIO: uio_fopen path="/Users/runner/work/_temp/s4-command-evidence/bundle/run-0/payloads/native-window.acceptance/inputs/content/base/ships/chmmr/muzzle-big-009.png" mode=rb
RUST_UIO: uio_fopen returning stream=0x600002d058c0
RUST_UIO: uio_fread requested=8 read=8
RUST_UIO: uio_fread requested=8 read=8
RUST_UIO: uio_fread requested=13 read=13
RUST_UIO: uio_fread requested=4 read=4
RUST_UIO: uio_fread requested=8 read=8
RUST_UIO: uio_fread requested=3 read=3
RUST_UIO: uio_fread requested=4 read=4
RUST_UIO: uio_fread requested=8 read=8
RUST_UIO: uio_fread requested=768 read=768
RUST_UIO: uio_fread requested=4 read=4
RUST_UIO: uio_fread requested=8 read=8
RUST_UIO: uio_fread requested=1 read=1
RUST_UIO: uio_fread requested=4 read=4
RUST_UIO: uio_fread requested=8 read=8
RUST_UIO: uio_fread requested=10 read=10
RUST_UIO: uio_fread requested=4 read=4
RUST_UIO: uio_fclose called
RUST_UIO: uio_fopen entry
RUST_UIO: uio_fopen called
RUST_UIO: uio_fopen path="/Users/runner/work/_temp/s4-command-evidence/bundle/run-0/payloads/native-window.acceptance/inputs/content/base/ships/chmmr/muzzle-big-010.png" mode=rb
RUST_UIO: uio_fopen returning stream=0x600002d05840
RUST_UIO: uio_fread requested=8 read=8
RUST_UIO: uio_fread requested=8 read=8
RUST_UIO: uio_fread requested=13 read=13
RUST_UIO: uio_fread requested=4 read=4
RUST_UIO: uio_fread requested=8 read=8
RUST_UIO: uio_fread requested=3 read=3
RUST_UIO: uio_fread requested=4 read=4
RUST_UIO: uio_fread requested=8 read=8
RUST_UIO: uio_fread requested=768 read=768
RUST_UIO: uio_fread requested=4 read=4
RUST_UIO: uio_fread requested=8 read=8
RUST_UIO: uio_fread requested=1 read=1
RUST_UIO: uio_fread requested=4 read=4
RUST_UIO: uio_fread requested=8 read=8
RUST_UIO: uio_fread requested=10 read=10
RUST_UIO: uio_fread requested=4 read=4
RUST_UIO: uio_fclose called
RUST_UIO: uio_fopen entry
RUST_UIO: uio_fopen called
RUST_UIO: uio_fopen path="/Users/runner/work/_temp/s4-command-evidence/bundle/run-0/payloads/native-window.acceptance/inputs/content/base/ships/chmmr/muzzle-big-011.png" mode=rb
RUST_UIO: uio_fopen returning stream=0x600002d058c0
RUST_UIO: uio_fread requested=8 read=8
RUST_UIO: uio_fread requested=8 read=8
RUST_UIO: uio_fread requested=13 read=13
RUST_UIO: uio_fread requested=4 read=4
RUST_UIO: uio_fread requested=8 read=8
RUST_UIO: uio_fread requested=3 read=3
RUST_UIO: uio_fread requested=4 read=4
RUST_UIO: uio_fread requested=8 read=8
RUST_UIO: uio_fread requested=768 read=768
RUST_UIO: uio_fread requested=4 read=4
RUST_UIO: uio_fread requested=8 read=8
RUST_UIO: uio_fread requested=1 read=1
RUST_UIO: uio_fread requested=4 read=4
RUST_UIO: uio_fread requested=8 read=8
RUST_UIO: uio_fread requested=10 read=10
RUST_UIO: uio_fread requested=4 read=4
RUST_UIO: uio_fclose called
RUST_UIO: uio_fopen entry
RUST_UIO: uio_fopen called
RUST_UIO: uio_fopen path="/Users/runner/work/_temp/s4-command-evidence/bundle/run-0/payloads/native-window.acceptance/inputs/content/base/ships/chmmr/muzzle-big-012.png" mode=rb
RUST_UIO: uio_fopen returning stream=0x600002d05840
RUST_UIO: uio_fread requested=8 read=8
RUST_UIO: uio_fread requested=8 read=8
RUST_UIO: uio_fread requested=13 read=13
RUST_UIO: uio_fread requested=4 read=4
RUST_UIO: uio_fread requested=8 read=8
RUST_UIO: uio_fread requested=3 read=3
RUST_UIO: uio_fread requested=4 read=4
RUST_UIO: uio_fread requested=8 read=8
RUST_UIO: uio_fread requested=768 read=768
RUST_UIO: uio_fread requested=4 read=4
RUST_UIO: uio_fread requested=8 read=8
RUST_UIO: uio_fread requested=1 read=1
RUST_UIO: uio_fread requested=4 read=4
RUST_UIO: uio_fread requested=8 read=8
RUST_UIO: uio_fread requested=10 read=10
RUST_UIO: uio_fread requested=4 read=4
RUST_UIO: uio_fclose called
RUST_UIO: uio_fopen entry
RUST_UIO: uio_fopen called
RUST_UIO: uio_fopen path="/Users/runner/work/_temp/s4-command-evidence/bundle/run-0/payloads/native-window.acceptance/inputs/content/base/ships/chmmr/muzzle-big-013.png" mode=rb
RUST_UIO: uio_fopen returning stream=0x600002d058c0
RUST_UIO: uio_fread requested=8 read=8
RUST_UIO: uio_fread requested=8 read=8
RUST_UIO: uio_fread requested=13 read=13
RUST_UIO: uio_fread requested=4 read=4
RUST_UIO: uio_fread requested=8 read=8
RUST_UIO: uio_fread requested=3 read=3
RUST_UIO: uio_fread requested=4 read=4
RUST_UIO: uio_fread requested=8 read=8
RUST_UIO: uio_fread requested=768 read=768
RUST_UIO: uio_fread requested=4 read=4
RUST_UIO: uio_fread requested=8 read=8
RUST_UIO: uio_fread requested=1 read=1
RUST_UIO: uio_fread requested=4 read=4
RUST_UIO: uio_fread requested=8 read=8
RUST_UIO: uio_fread requested=10 read=10
RUST_UIO: uio_fread requested=4 read=4
RUST_UIO: uio_fclose called
RUST_UIO: uio_fopen entry
RUST_UIO: uio_fopen called
RUST_UIO: uio_fopen path="/Users/runner/work/_temp/s4-command-evidence/bundle/run-0/payloads/native-window.acceptance/inputs/content/base/ships/chmmr/muzzle-big-014.png" mode=rb
RUST_UIO: uio_fopen returning stream=0x600002d05840
RUST_UIO: uio_fread requested=8 read=8
RUST_UIO: uio_fread requested=8 read=8
RUST_UIO: uio_fread requested=13 read=13
RUST_UIO: uio_fread requested=4 read=4
RUST_UIO: uio_fread requested=8 read=8
RUST_UIO: uio_fread requested=3 read=3
RUST_UIO: uio_fread requested=4 read=4
RUST_UIO: uio_fread requested=8 read=8
RUST_UIO: uio_fread requested=768 read=768
RUST_UIO: uio_fread requested=4 read=4
RUST_UIO: uio_fread requested=8 read=8
RUST_UIO: uio_fread requested=1 read=1
RUST_UIO: uio_fread requested=4 read=4
RUST_UIO: uio_fread requested=8 read=8
RUST_UIO: uio_fread requested=10 read=10
RUST_UIO: uio_fread requested=4 read=4
RUST_UIO: uio_fclose called
RUST_UIO: uio_fopen entry
RUST_UIO: uio_fopen called
RUST_UIO: uio_fopen path="/Users/runner/work/_temp/s4-command-evidence/bundle/run-0/payloads/native-window.acceptance/inputs/content/base/ships/chmmr/muzzle-big-015.png" mode=rb
RUST_UIO: uio_fopen returning stream=0x600002d03f80
RUST_UIO: uio_fread requested=8 read=8
RUST_UIO: uio_fread requested=8 read=8
RUST_UIO: uio_fread requested=13 read=13
RUST_UIO: uio_fread requested=4 read=4
RUST_UIO: uio_fread requested=8 read=8
RUST_UIO: uio_fread requested=3 read=3
RUST_UIO: uio_fread requested=4 read=4
RUST_UIO: uio_fread requested=8 read=8
RUST_UIO: uio_fread requested=768 read=768
RUST_UIO: uio_fread requested=4 read=4
RUST_UIO: uio_fread requested=8 read=8
RUST_UIO: uio_fread requested=1 read=1
RUST_UIO: uio_fread requested=4 read=4
RUST_UIO: uio_fread requested=8 read=8
RUST_UIO: uio_fread requested=10 read=10
RUST_UIO: uio_fread requested=4 read=4
RUST_UIO: uio_fclose called
RUST_UIO: uio_fopen entry
RUST_UIO: uio_fopen called
RUST_UIO: uio_fopen path="/Users/runner/work/_temp/s4-command-evidence/bundle/run-0/payloads/native-window.acceptance/inputs/content/base/ships/chmmr/muzzle-big-016.png" mode=rb
RUST_UIO: uio_fopen returning stream=0x600002d03cc0
RUST_UIO: uio_fread requested=8 read=8
RUST_UIO: uio_fread requested=8 read=8
RUST_UIO: uio_fread requested=13 read=13
RUST_UIO: uio_fread requested=4 read=4
RUST_UIO: uio_fread requested=8 read=8
RUST_UIO: uio_fread requested=3 read=3
RUST_UIO: uio_fread requested=4 read=4
RUST_UIO: uio_fread requested=8 read=8
RUST_UIO: uio_fread requested=768 read=768
RUST_UIO: uio_fread requested=4 read=4
RUST_UIO: uio_fread requested=8 read=8
RUST_UIO: uio_fread requested=1 read=1
RUST_UIO: uio_fread requested=4 read=4
RUST_UIO: uio_fread requested=8 read=8
RUST_UIO: uio_fread requested=28 read=28
RUST_UIO: uio_fread requested=4 read=4
RUST_UIO: uio_fclose called
RUST_UIO: uio_fopen entry
RUST_UIO: uio_fopen called
RUST_UIO: uio_fopen path="/Users/runner/work/_temp/s4-command-evidence/bundle/run-0/payloads/native-window.acceptance/inputs/content/base/ships/chmmr/muzzle-big-017.png" mode=rb
RUST_UIO: uio_fopen returning stream=0x600002d03f80
RUST_UIO: uio_fread requested=8 read=8
RUST_UIO: uio_fread requested=8 read=8
RUST_UIO: uio_fread requested=13 read=13
RUST_UIO: uio_fread requested=4 read=4
RUST_UIO: uio_fread requested=8 read=8
RUST_UIO: uio_fread requested=3 read=3
RUST_UIO: uio_fread requested=4 read=4
RUST_UIO: uio_fread requested=8 read=8
RUST_UIO: uio_fread requested=768 read=768
RUST_UIO: uio_fread requested=4 read=4
RUST_UIO: uio_fread requested=8 read=8
RUST_UIO: uio_fread requested=1 read=1
RUST_UIO: uio_fread requested=4 read=4
RUST_UIO: uio_fread requested=8 read=8
RUST_UIO: uio_fread requested=36 read=36
RUST_UIO: uio_fread requested=4 read=4
RUST_UIO: uio_fclose called
RUST_UIO: uio_fopen entry
RUST_UIO: uio_fopen called
RUST_UIO: uio_fopen path="/Users/runner/work/_temp/s4-command-evidence/bundle/run-0/payloads/native-window.acceptance/inputs/content/base/ships/chmmr/muzzle-big-018.png" mode=rb
RUST_UIO: uio_fopen returning stream=0x600002d058c0
RUST_UIO: uio_fread requested=8 read=8
RUST_UIO: uio_fread requested=8 read=8
RUST_UIO: uio_fread requested=13 read=13
RUST_UIO: uio_fread requested=4 read=4
RUST_UIO: uio_fread requested=8 read=8
RUST_UIO: uio_fread requested=3 read=3
RUST_UIO: uio_fread requested=4 read=4
RUST_UIO: uio_fread requested=8 read=8
RUST_UIO: uio_fread requested=768 read=768
RUST_UIO: uio_fread requested=4 read=4
RUST_UIO: uio_fread requested=8 read=8
RUST_UIO: uio_fread requested=1 read=1
RUST_UIO: uio_fread requested=4 read=4
RUST_UIO: uio_fread requested=8 read=8
RUST_UIO: uio_fread requested=34 read=34
RUST_UIO: uio_fread requested=4 read=4
RUST_UIO: uio_fclose called
RUST_UIO: uio_fopen entry
RUST_UIO: uio_fopen called
RUST_UIO: uio_fopen path="/Users/runner/work/_temp/s4-command-evidence/bundle/run-0/payloads/native-window.acceptance/inputs/content/base/ships/chmmr/muzzle-big-019.png" mode=rb
RUST_UIO: uio_fopen returning stream=0x600002d058c0
RUST_UIO: uio_fread requested=8 read=8
RUST_UIO: uio_fread requested=8 read=8
RUST_UIO: uio_fread requested=13 read=13
RUST_UIO: uio_fread requested=4 read=4
RUST_UIO: uio_fread requested=8 read=8
RUST_UIO: uio_fread requested=3 read=3
RUST_UIO: uio_fread requested=4 read=4
RUST_UIO: uio_fread requested=8 read=8
RUST_UIO: uio_fread requested=768 read=768
RUST_UIO: uio_fread requested=4 read=4
RUST_UIO: uio_fread requested=8 read=8
RUST_UIO: uio_fread requested=1 read=1
RUST_UIO: uio_fread requested=4 read=4
RUST_UIO: uio_fread requested=8 read=8
RUST_UIO: uio_fread requested=36 read=36
RUST_UIO: uio_fread requested=4 read=4
RUST_UIO: uio_fclose called
RUST_UIO: uio_fopen entry
RUST_UIO: uio_fopen called
RUST_UIO: uio_fopen path="/Users/runner/work/_temp/s4-command-evidence/bundle/run-0/payloads/native-window.acceptance/inputs/content/base/ships/chmmr/muzzle-big-020.png" mode=rb
RUST_UIO: uio_fopen returning stream=0x600002d058c0
RUST_UIO: uio_fread requested=8 read=8
RUST_UIO: uio_fread requested=8 read=8
RUST_UIO: uio_fread requested=13 read=13
RUST_UIO: uio_fread requested=4 read=4
RUST_UIO: uio_fread requested=8 read=8
RUST_UIO: uio_fread requested=3 read=3
RUST_UIO: uio_fread requested=4 read=4
RUST_UIO: uio_fread requested=8 read=8
RUST_UIO: uio_fread requested=768 read=768
RUST_UIO: uio_fread requested=4 read=4
RUST_UIO: uio_fread requested=8 read=8
RUST_UIO: uio_fread requested=1 read=1
RUST_UIO: uio_fread requested=4 read=4
RUST_UIO: uio_fread requested=8 read=8
RUST_UIO: uio_fread requested=24 read=24
RUST_UIO: uio_fread requested=4 read=4
RUST_UIO: uio_fclose called
RUST_UIO: uio_fopen entry
RUST_UIO: uio_fopen called
RUST_UIO: uio_fopen path="/Users/runner/work/_temp/s4-command-evidence/bundle/run-0/payloads/native-window.acceptance/inputs/content/base/ships/chmmr/muzzle-big-021.png" mode=rb
RUST_UIO: uio_fopen returning stream=0x600002d340c0
RUST_UIO: uio_fread requested=8 read=8
RUST_UIO: uio_fread requested=8 read=8
RUST_UIO: uio_fread requested=13 read=13
RUST_UIO: uio_fread requested=4 read=4
RUST_UIO: uio_fread requested=8 read=8
RUST_UIO: uio_fread requested=3 read=3
RUST_UIO: uio_fread requested=4 read=4
RUST_UIO: uio_fread requested=8 read=8
RUST_UIO: uio_fread requested=768 read=768
RUST_UIO: uio_fread requested=4 read=4
RUST_UIO: uio_fread requested=8 read=8
RUST_UIO: uio_fread requested=1 read=1
RUST_UIO: uio_fread requested=4 read=4
RUST_UIO: uio_fread requested=8 read=8
RUST_UIO: uio_fread requested=33 read=33
RUST_UIO: uio_fread requested=4 read=4
RUST_UIO: uio_fclose called
RUST_UIO: uio_fopen entry
RUST_UIO: uio_fopen called
RUST_UIO: uio_fopen path="/Users/runner/work/_temp/s4-command-evidence/bundle/run-0/payloads/native-window.acceptance/inputs/content/base/ships/chmmr/muzzle-big-022.png" mode=rb
RUST_UIO: uio_fopen returning stream=0x600002d34080
RUST_UIO: uio_fread requested=8 read=8
RUST_UIO: uio_fread requested=8 read=8
RUST_UIO: uio_fread requested=13 read=13
RUST_UIO: uio_fread requested=4 read=4
RUST_UIO: uio_fread requested=8 read=8
RUST_UIO: uio_fread requested=3 read=3
RUST_UIO: uio_fread requested=4 read=4
RUST_UIO: uio_fread requested=8 read=8
RUST_UIO: uio_fread requested=768 read=768
RUST_UIO: uio_fread requested=4 read=4
RUST_UIO: uio_fread requested=8 read=8
RUST_UIO: uio_fread requested=1 read=1
RUST_UIO: uio_fread requested=4 read=4
RUST_UIO: uio_fread requested=8 read=8
RUST_UIO: uio_fread requested=32 read=32
RUST_UIO: uio_fread requested=4 read=4
RUST_UIO: uio_fclose called
RUST_UIO: uio_fopen entry
RUST_UIO: uio_fopen called
RUST_UIO: uio_fopen path="/Users/runner/work/_temp/s4-command-evidence/bundle/run-0/payloads/native-window.acceptance/inputs/content/base/ships/chmmr/muzzle-big-023.png" mode=rb
RUST_UIO: uio_fopen returning stream=0x600002d340c0
RUST_UIO: uio_fread requested=8 read=8
RUST_UIO: uio_fread requested=8 read=8
RUST_UIO: uio_fread requested=13 read=13
RUST_UIO: uio_fread requested=4 read=4
RUST_UIO: uio_fread requested=8 read=8
RUST_UIO: uio_fread requested=3 read=3
RUST_UIO: uio_fread requested=4 read=4
RUST_UIO: uio_fread requested=8 read=8
RUST_UIO: uio_fread requested=768 read=768
RUST_UIO: uio_fread requested=4 read=4
RUST_UIO: uio_fread requested=8 read=8
RUST_UIO: uio_fread requested=1 read=1
RUST_UIO: uio_fread requested=4 read=4
RUST_UIO: uio_fread requested=8 read=8
RUST_UIO: uio_fread requested=38 read=38
RUST_UIO: uio_fread requested=4 read=4
RUST_UIO: uio_fclose called
RUST_UIO: uio_fopen entry
RUST_UIO: uio_fopen called
RUST_UIO: uio_fopen path="/Users/runner/work/_temp/s4-command-evidence/bundle/run-0/payloads/native-window.acceptance/inputs/content/base/ships/chmmr/muzzle-big-024.png" mode=rb
RUST_UIO: uio_fopen returning stream=0x600002d34080
RUST_UIO: uio_fread requested=8 read=8
RUST_UIO: uio_fread requested=8 read=8
RUST_UIO: uio_fread requested=13 read=13
RUST_UIO: uio_fread requested=4 read=4
RUST_UIO: uio_fread requested=8 read=8
RUST_UIO: uio_fread requested=3 read=3
RUST_UIO: uio_fread requested=4 read=4
RUST_UIO: uio_fread requested=8 read=8
RUST_UIO: uio_fread requested=768 read=768
RUST_UIO: uio_fread requested=4 read=4
RUST_UIO: uio_fread requested=8 read=8
RUST_UIO: uio_fread requested=1 read=1
RUST_UIO: uio_fread requested=4 read=4
RUST_UIO: uio_fread requested=8 read=8
RUST_UIO: uio_fread requested=32 read=32
RUST_UIO: uio_fread requested=4 read=4
RUST_UIO: uio_fclose called
RUST_UIO: uio_fopen entry
RUST_UIO: uio_fopen called
RUST_UIO: uio_fopen path="/Users/runner/work/_temp/s4-command-evidence/bundle/run-0/payloads/native-window.acceptance/inputs/content/base/ships/chmmr/muzzle-big-025.png" mode=rb
RUST_UIO: uio_fopen returning stream=0x600002d340c0
RUST_UIO: uio_fread requested=8 read=8
RUST_UIO: uio_fread requested=8 read=8
RUST_UIO: uio_fread requested=13 read=13
RUST_UIO: uio_fread requested=4 read=4
RUST_UIO: uio_fread requested=8 read=8
RUST_UIO: uio_fread requested=3 read=3
RUST_UIO: uio_fread requested=4 read=4
RUST_UIO: uio_fread requested=8 read=8
RUST_UIO: uio_fread requested=768 read=768
RUST_UIO: uio_fread requested=4 read=4
RUST_UIO: uio_fread requested=8 read=8
RUST_UIO: uio_fread requested=1 read=1
RUST_UIO: uio_fread requested=4 read=4
RUST_UIO: uio_fread requested=8 read=8
RUST_UIO: uio_fread requested=36 read=36
RUST_UIO: uio_fread requested=4 read=4
RUST_UIO: uio_fclose called
RUST_UIO: uio_fopen entry
RUST_UIO: uio_fopen called
RUST_UIO: uio_fopen path="/Users/runner/work/_temp/s4-command-evidence/bundle/run-0/payloads/native-window.acceptance/inputs/content/base/ships/chmmr/muzzle-big-026.png" mode=rb
RUST_UIO: uio_fopen returning stream=0x600002d34080
RUST_UIO: uio_fread requested=8 read=8
RUST_UIO: uio_fread requested=8 read=8
RUST_UIO: uio_fread requested=13 read=13
RUST_UIO: uio_fread requested=4 read=4
RUST_UIO: uio_fread requested=8 read=8
RUST_UIO: uio_fread requested=3 read=3
RUST_UIO: uio_fread requested=4 read=4
RUST_UIO: uio_fread requested=8 read=8
RUST_UIO: uio_fread requested=768 read=768
RUST_UIO: uio_fread requested=4 read=4
RUST_UIO: uio_fread requested=8 read=8
RUST_UIO: uio_fread requested=1 read=1
RUST_UIO: uio_fread requested=4 read=4
RUST_UIO: uio_fread requested=8 read=8
RUST_UIO: uio_fread requested=33 read=33
RUST_UIO: uio_fread requested=4 read=4
RUST_UIO: uio_fclose called
RUST_UIO: uio_fopen entry
RUST_UIO: uio_fopen called
RUST_UIO: uio_fopen path="/Users/runner/work/_temp/s4-command-evidence/bundle/run-0/payloads/native-window.acceptance/inputs/content/base/ships/chmmr/muzzle-big-027.png" mode=rb
RUST_UIO: uio_fopen returning stream=0x600002d340c0
RUST_UIO: uio_fread requested=8 read=8
RUST_UIO: uio_fread requested=8 read=8
RUST_UIO: uio_fread requested=13 read=13
RUST_UIO: uio_fread requested=4 read=4
RUST_UIO: uio_fread requested=8 read=8
RUST_UIO: uio_fread requested=3 read=3
RUST_UIO: uio_fread requested=4 read=4
RUST_UIO: uio_fread requested=8 read=8
RUST_UIO: uio_fread requested=768 read=768
RUST_UIO: uio_fread requested=4 read=4
RUST_UIO: uio_fread requested=8 read=8
RUST_UIO: uio_fread requested=1 read=1
RUST_UIO: uio_fread requested=4 read=4
RUST_UIO: uio_fread requested=8 read=8
RUST_UIO: uio_fread requested=35 read=35
RUST_UIO: uio_fread requested=4 read=4
RUST_UIO: uio_fclose called
RUST_UIO: uio_fopen entry
RUST_UIO: uio_fopen called
RUST_UIO: uio_fopen path="/Users/runner/work/_temp/s4-command-evidence/bundle/run-0/payloads/native-window.acceptance/inputs/content/base/ships/chmmr/muzzle-big-028.png" mode=rb
RUST_UIO: uio_fopen returning stream=0x600002d34080
RUST_UIO: uio_fread requested=8 read=8
RUST_UIO: uio_fread requested=8 read=8
RUST_UIO: uio_fread requested=13 read=13
RUST_UIO: uio_fread requested=4 read=4
RUST_UIO: uio_fread requested=8 read=8
RUST_UIO: uio_fread requested=3 read=3
RUST_UIO: uio_fread requested=4 read=4
RUST_UIO: uio_fread requested=8 read=8
RUST_UIO: uio_fread requested=768 read=768
RUST_UIO: uio_fread requested=4 read=4
RUST_UIO: uio_fread requested=8 read=8
RUST_UIO: uio_fread requested=1 read=1
RUST_UIO: uio_fread requested=4 read=4
RUST_UIO: uio_fread requested=8 read=8
RUST_UIO: uio_fread requested=25 read=25
RUST_UIO: uio_fread requested=4 read=4
RUST_UIO: uio_fclose called
RUST_UIO: uio_fopen entry
RUST_UIO: uio_fopen called
RUST_UIO: uio_fopen path="/Users/runner/work/_temp/s4-command-evidence/bundle/run-0/payloads/native-window.acceptance/inputs/content/base/ships/chmmr/muzzle-big-029.png" mode=rb
RUST_UIO: uio_fopen returning stream=0x600002d340c0
RUST_UIO: uio_fread requested=8 read=8
RUST_UIO: uio_fread requested=8 read=8
RUST_UIO: uio_fread requested=13 read=13
RUST_UIO: uio_fread requested=4 read=4
RUST_UIO: uio_fread requested=8 read=8
RUST_UIO: uio_fread requested=3 read=3
RUST_UIO: uio_fread requested=4 read=4
RUST_UIO: uio_fread requested=8 read=8
RUST_UIO: uio_fread requested=768 read=768
RUST_UIO: uio_fread requested=4 read=4
RUST_UIO: uio_fread requested=8 read=8
RUST_UIO: uio_fread requested=1 read=1
RUST_UIO: uio_fread requested=4 read=4
RUST_UIO: uio_fread requested=8 read=8
RUST_UIO: uio_fread requested=34 read=34
RUST_UIO: uio_fread requested=4 read=4
RUST_UIO: uio_fclose called
RUST_UIO: uio_fopen entry
RUST_UIO: uio_fopen called
RUST_UIO: uio_fopen path="/Users/runner/work/_temp/s4-command-evidence/bundle/run-0/payloads/native-window.acceptance/inputs/content/base/ships/chmmr/muzzle-big-030.png" mode=rb
RUST_UIO: uio_fopen returning stream=0x600002d34080
RUST_UIO: uio_fread requested=8 read=8
RUST_UIO: uio_fread requested=8 read=8
RUST_UIO: uio_fread requested=13 read=13
RUST_UIO: uio_fread requested=4 read=4
RUST_UIO: uio_fread requested=8 read=8
RUST_UIO: uio_fread requested=3 read=3
RUST_UIO: uio_fread requested=4 read=4
RUST_UIO: uio_fread requested=8 read=8
RUST_UIO: uio_fread requested=768 read=768
RUST_UIO: uio_fread requested=4 read=4
RUST_UIO: uio_fread requested=8 read=8
RUST_UIO: uio_fread requested=1 read=1
RUST_UIO: uio_fread requested=4 read=4
RUST_UIO: uio_fread requested=8 read=8
RUST_UIO: uio_fread requested=29 read=29
RUST_UIO: uio_fread requested=4 read=4
RUST_UIO: uio_fclose called
RUST_UIO: uio_fopen entry
RUST_UIO: uio_fopen called
RUST_UIO: uio_fopen path="/Users/runner/work/_temp/s4-command-evidence/bundle/run-0/payloads/native-window.acceptance/inputs/content/base/ships/chmmr/muzzle-big-031.png" mode=rb
RUST_UIO: uio_fopen returning stream=0x600002d340c0
RUST_UIO: uio_fread requested=8 read=8
RUST_UIO: uio_fread requested=8 read=8
RUST_UIO: uio_fread requested=13 read=13
RUST_UIO: uio_fread requested=4 read=4
RUST_UIO: uio_fread requested=8 read=8
RUST_UIO: uio_fread requested=3 read=3
RUST_UIO: uio_fread requested=4 read=4
RUST_UIO: uio_fread requested=8 read=8
RUST_UIO: uio_fread requested=768 read=768
RUST_UIO: uio_fread requested=4 read=4
RUST_UIO: uio_fread requested=8 read=8
RUST_UIO: uio_fread requested=1 read=1
RUST_UIO: uio_fread requested=4 read=4
RUST_UIO: uio_fread requested=8 read=8
RUST_UIO: uio_fread requested=34 read=34
RUST_UIO: uio_fread requested=4 read=4
RUST_UIO: uio_fclose called
RUST_UIO: uio_fopen entry
RUST_UIO: uio_fopen called
RUST_UIO: uio_fopen path="/Users/runner/work/_temp/s4-command-evidence/bundle/run-0/payloads/native-window.acceptance/inputs/content/base/ships/chmmr/muzzle-big-032.png" mode=rb
RUST_UIO: uio_fopen returning stream=0x600002d34080
RUST_UIO: uio_fread requested=8 read=8
RUST_UIO: uio_fread requested=8 read=8
RUST_UIO: uio_fread requested=13 read=13
RUST_UIO: uio_fread requested=4 read=4
RUST_UIO: uio_fread requested=8 read=8
RUST_UIO: uio_fread requested=3 read=3
RUST_UIO: uio_fread requested=4 read=4
RUST_UIO: uio_fread requested=8 read=8
RUST_UIO: uio_fread requested=768 read=768
RUST_UIO: uio_fread requested=4 read=4
RUST_UIO: uio_fread requested=8 read=8
RUST_UIO: uio_fread requested=1 read=1
RUST_UIO: uio_fread requested=4 read=4
RUST_UIO: uio_fread requested=8 read=8
RUST_UIO: uio_fread requested=17 read=17
RUST_UIO: uio_fread requested=4 read=4
RUST_UIO: uio_fclose called
RUST_UIO: uio_fopen entry
RUST_UIO: uio_fopen called
RUST_UIO: uio_fopen path="/Users/runner/work/_temp/s4-command-evidence/bundle/run-0/payloads/native-window.acceptance/inputs/content/base/ships/chmmr/muzzle-big-033.png" mode=rb
RUST_UIO: uio_fopen returning stream=0x600002d340c0
RUST_UIO: uio_fread requested=8 read=8
RUST_UIO: uio_fread requested=8 read=8
RUST_UIO: uio_fread requested=13 read=13
RUST_UIO: uio_fread requested=4 read=4
RUST_UIO: uio_fread requested=8 read=8
RUST_UIO: uio_fread requested=3 read=3
RUST_UIO: uio_fread requested=4 read=4
RUST_UIO: uio_fread requested=8 read=8
RUST_UIO: uio_fread requested=768 read=768
RUST_UIO: uio_fread requested=4 read=4
RUST_UIO: uio_fread requested=8 read=8
RUST_UIO: uio_fread requested=1 read=1
RUST_UIO: uio_fread requested=4 read=4
RUST_UIO: uio_fread requested=8 read=8
RUST_UIO: uio_fread requested=22 read=22
RUST_UIO: uio_fread requested=4 read=4
RUST_UIO: uio_fclose called
RUST_UIO: uio_fopen entry
RUST_UIO: uio_fopen called
RUST_UIO: uio_fopen path="/Users/runner/work/_temp/s4-command-evidence/bundle/run-0/payloads/native-window.acceptance/inputs/content/base/ships/chmmr/muzzle-big-034.png" mode=rb
RUST_UIO: uio_fopen returning stream=0x600002d34080
RUST_UIO: uio_fread requested=8 read=8
RUST_UIO: uio_fread requested=8 read=8
RUST_UIO: uio_fread requested=13 read=13
RUST_UIO: uio_fread requested=4 read=4
RUST_UIO: uio_fread requested=8 read=8
RUST_UIO: uio_fread requested=3 read=3
RUST_UIO: uio_fread requested=4 read=4
RUST_UIO: uio_fread requested=8 read=8
RUST_UIO: uio_fread requested=768 read=768
RUST_UIO: uio_fread requested=4 read=4
RUST_UIO: uio_fread requested=8 read=8
RUST_UIO: uio_fread requested=1 read=1
RUST_UIO: uio_fread requested=4 read=4
RUST_UIO: uio_fread requested=8 read=8
RUST_UIO: uio_fread requested=34 read=34
RUST_UIO: uio_fread requested=4 read=4
RUST_UIO: uio_fclose called
RUST_UIO: uio_fopen entry
RUST_UIO: uio_fopen called
RUST_UIO: uio_fopen path="/Users/runner/work/_temp/s4-command-evidence/bundle/run-0/payloads/native-window.acceptance/inputs/content/base/ships/chmmr/muzzle-big-035.png" mode=rb
RUST_UIO: uio_fopen returning stream=0x600002d340c0
RUST_UIO: uio_fread requested=8 read=8
RUST_UIO: uio_fread requested=8 read=8
RUST_UIO: uio_fread requested=13 read=13
RUST_UIO: uio_fread requested=4 read=4
RUST_UIO: uio_fread requested=8 read=8
RUST_UIO: uio_fread requested=3 read=3
RUST_UIO: uio_fread requested=4 read=4
RUST_UIO: uio_fread requested=8 read=8
RUST_UIO: uio_fread requested=768 read=768
RUST_UIO: uio_fread requested=4 read=4
RUST_UIO: uio_fread requested=8 read=8
RUST_UIO: uio_fread requested=1 read=1
RUST_UIO: uio_fread requested=4 read=4
RUST_UIO: uio_fread requested=8 read=8
RUST_UIO: uio_fread requested=46 read=46
RUST_UIO: uio_fread requested=4 read=4
RUST_UIO: uio_fclose called
RUST_UIO: uio_fopen entry
RUST_UIO: uio_fopen called
RUST_UIO: uio_fopen path="/Users/runner/work/_temp/s4-command-evidence/bundle/run-0/payloads/native-window.acceptance/inputs/content/base/ships/chmmr/muzzle-big-036.png" mode=rb
RUST_UIO: uio_fopen returning stream=0x600002d34080
RUST_UIO: uio_fread requested=8 read=8
RUST_UIO: uio_fread requested=8 read=8
RUST_UIO: uio_fread requested=13 read=13
RUST_UIO: uio_fread requested=4 read=4
RUST_UIO: uio_fread requested=8 read=8
RUST_UIO: uio_fread requested=3 read=3
RUST_UIO: uio_fread requested=4 read=4
RUST_UIO: uio_fread requested=8 read=8
RUST_UIO: uio_fread requested=768 read=768
RUST_UIO: uio_fread requested=4 read=4
RUST_UIO: uio_fread requested=8 read=8
RUST_UIO: uio_fread requested=1 read=1
RUST_UIO: uio_fread requested=4 read=4
RUST_UIO: uio_fread requested=8 read=8
RUST_UIO: uio_fread requested=51 read=51
RUST_UIO: uio_fread requested=4 read=4
RUST_UIO: uio_fclose called
RUST_UIO: uio_fopen entry
RUST_UIO: uio_fopen called
RUST_UIO: uio_fopen path="/Users/runner/work/_temp/s4-command-evidence/bundle/run-0/payloads/native-window.acceptance/inputs/content/base/ships/chmmr/muzzle-big-037.png" mode=rb
RUST_UIO: uio_fopen returning stream=0x600002d340c0
RUST_UIO: uio_fread requested=8 read=8
RUST_UIO: uio_fread requested=8 read=8
RUST_UIO: uio_fread requested=13 read=13
RUST_UIO: uio_fread requested=4 read=4
RUST_UIO: uio_fread requested=8 read=8
RUST_UIO: uio_fread requested=3 read=3
RUST_UIO: uio_fread requested=4 read=4
RUST_UIO: uio_fread requested=8 read=8
RUST_UIO: uio_fread requested=768 read=768
RUST_UIO: uio_fread requested=4 read=4
RUST_UIO: uio_fread requested=8 read=8
RUST_UIO: uio_fread requested=1 read=1
RUST_UIO: uio_fread requested=4 read=4
RUST_UIO: uio_fread requested=8 read=8
RUST_UIO: uio_fread requested=48 read=48
RUST_UIO: uio_fread requested=4 read=4
RUST_UIO: uio_fclose called
RUST_UIO: uio_fopen entry
RUST_UIO: uio_fopen called
RUST_UIO: uio_fopen path="/Users/runner/work/_temp/s4-command-evidence/bundle/run-0/payloads/native-window.acceptance/inputs/content/base/ships/chmmr/muzzle-big-038.png" mode=rb
RUST_UIO: uio_fopen returning stream=0x600002d34080
RUST_UIO: uio_fread requested=8 read=8
RUST_UIO: uio_fread requested=8 read=8
RUST_UIO: uio_fread requested=13 read=13
RUST_UIO: uio_fread requested=4 read=4
RUST_UIO: uio_fread requested=8 read=8
RUST_UIO: uio_fread requested=3 read=3
RUST_UIO: uio_fread requested=4 read=4
RUST_UIO: uio_fread requested=8 read=8
RUST_UIO: uio_fread requested=768 read=768
RUST_UIO: uio_fread requested=4 read=4
RUST_UIO: uio_fread requested=8 read=8
RUST_UIO: uio_fread requested=1 read=1
RUST_UIO: uio_fread requested=4 read=4
RUST_UIO: uio_fread requested=8 read=8
RUST_UIO: uio_fread requested=33 read=33
RUST_UIO: uio_fread requested=4 read=4
RUST_UIO: uio_fclose called
RUST_UIO: uio_fopen entry
RUST_UIO: uio_fopen called
RUST_UIO: uio_fopen path="/Users/runner/work/_temp/s4-command-evidence/bundle/run-0/payloads/native-window.acceptance/inputs/content/base/ships/chmmr/muzzle-big-039.png" mode=rb
RUST_UIO: uio_fopen returning stream=0x600002d340c0
RUST_UIO: uio_fread requested=8 read=8
RUST_UIO: uio_fread requested=8 read=8
RUST_UIO: uio_fread requested=13 read=13
RUST_UIO: uio_fread requested=4 read=4
RUST_UIO: uio_fread requested=8 read=8
RUST_UIO: uio_fread requested=3 read=3
RUST_UIO: uio_fread requested=4 read=4
RUST_UIO: uio_fread requested=8 read=8
RUST_UIO: uio_fread requested=768 read=768
RUST_UIO: uio_fread requested=4 read=4
RUST_UIO: uio_fread requested=8 read=8
RUST_UIO: uio_fread requested=1 read=1
RUST_UIO: uio_fread requested=4 read=4
RUST_UIO: uio_fread requested=8 read=8
RUST_UIO: uio_fread requested=21 read=21
RUST_UIO: uio_fread requested=4 read=4
RUST_UIO: uio_fclose called
RUST_UIO: uio_fopen entry
RUST_UIO: uio_fopen called
RUST_UIO: uio_fopen path="/Users/runner/work/_temp/s4-command-evidence/bundle/run-0/payloads/native-window.acceptance/inputs/content/base/ships/chmmr/muzzle-big-040.png" mode=rb
RUST_UIO: uio_fopen returning stream=0x600002d34080
RUST_UIO: uio_fread requested=8 read=8
RUST_UIO: uio_fread requested=8 read=8
RUST_UIO: uio_fread requested=13 read=13
RUST_UIO: uio_fread requested=4 read=4
RUST_UIO: uio_fread requested=8 read=8
RUST_UIO: uio_fread requested=3 read=3
RUST_UIO: uio_fread requested=4 read=4
RUST_UIO: uio_fread requested=8 read=8
RUST_UIO: uio_fread requested=768 read=768
RUST_UIO: uio_fread requested=4 read=4
RUST_UIO: uio_fread requested=8 read=8
RUST_UIO: uio_fread requested=1 read=1
RUST_UIO: uio_fread requested=4 read=4
RUST_UIO: uio_fread requested=8 read=8
RUST_UIO: uio_fread requested=15 read=15
RUST_UIO: uio_fread requested=4 read=4
RUST_UIO: uio_fclose called
RUST_UIO: uio_fclose called
RUST_UIO: uio_stat called
RUST_UIO: uio_fopen entry
RUST_UIO: uio_fopen called
RUST_UIO: uio_fopen path="/Users/runner/work/_temp/s4-command-evidence/bundle/run-0/payloads/native-window.acceptance/inputs/content/base/ships/chmmr/muzzle-med.ani" mode=rb
RUST_UIO: uio_fopen returning stream=0x600002d34080
RUST_UIO: uio_fread requested=4 read=4
RUST_UIO: uio_fopen entry
RUST_UIO: uio_fopen called
RUST_UIO: uio_fopen path="/Users/runner/work/_temp/s4-command-evidence/bundle/run-0/payloads/native-window.acceptance/inputs/content/base/ships/chmmr/muzzle-med-000.png" mode=rb
RUST_UIO: uio_fopen returning stream=0x600002d34f40
RUST_UIO: uio_fread requested=8 read=8
RUST_UIO: uio_fread requested=8 read=8
RUST_UIO: uio_fread requested=13 read=13
RUST_UIO: uio_fread requested=4 read=4
RUST_UIO: uio_fread requested=8 read=8
RUST_UIO: uio_fread requested=3 read=3
RUST_UIO: uio_fread requested=4 read=4
RUST_UIO: uio_fread requested=8 read=8
RUST_UIO: uio_fread requested=768 read=768
RUST_UIO: uio_fread requested=4 read=4
RUST_UIO: uio_fread requested=8 read=8
RUST_UIO: uio_fread requested=1 read=1
RUST_UIO: uio_fread requested=4 read=4
RUST_UIO: uio_fread requested=8 read=8
RUST_UIO: uio_fread requested=10 read=10
RUST_UIO: uio_fread requested=4 read=4
RUST_UIO: uio_fclose called
RUST_UIO: uio_fopen entry
RUST_UIO: uio_fopen called
RUST_UIO: uio_fopen path="/Users/runner/work/_temp/s4-command-evidence/bundle/run-0/payloads/native-window.acceptance/inputs/content/base/ships/chmmr/muzzle-med-001.png" mode=rb
RUST_UIO: uio_fopen returning stream=0x600002d34f80
RUST_UIO: uio_fread requested=8 read=8
RUST_UIO: uio_fread requested=8 read=8
RUST_UIO: uio_fread requested=13 read=13
RUST_UIO: uio_fread requested=4 read=4
RUST_UIO: uio_fread requested=8 read=8
RUST_UIO: uio_fread requested=3 read=3
RUST_UIO: uio_fread requested=4 read=4
RUST_UIO: uio_fread requested=8 read=8
RUST_UIO: uio_fread requested=768 read=768
RUST_UIO: uio_fread requested=4 read=4
RUST_UIO: uio_fread requested=8 read=8
RUST_UIO: uio_fread requested=1 read=1
RUST_UIO: uio_fread requested=4 read=4
RUST_UIO: uio_fread requested=8 read=8
RUST_UIO: uio_fread requested=10 read=10
RUST_UIO: uio_fread requested=4 read=4
RUST_UIO: uio_fclose called
RUST_UIO: uio_fopen entry
RUST_UIO: uio_fopen called
RUST_UIO: uio_fopen path="/Users/runner/work/_temp/s4-command-evidence/bundle/run-0/payloads/native-window.acceptance/inputs/content/base/ships/chmmr/muzzle-med-002.png" mode=rb
RUST_UIO: uio_fopen returning stream=0x600002d34f40
RUST_UIO: uio_fread requested=8 read=8
RUST_UIO: uio_fread requested=8 read=8
RUST_UIO: uio_fread requested=13 read=13
RUST_UIO: uio_fread requested=4 read=4
RUST_UIO: uio_fread requested=8 read=8
RUST_UIO: uio_fread requested=3 read=3
RUST_UIO: uio_fread requested=4 read=4
RUST_UIO: uio_fread requested=8 read=8
RUST_UIO: uio_fread requested=768 read=768
RUST_UIO: uio_fread requested=4 read=4
RUST_UIO: uio_fread requested=8 read=8
RUST_UIO: uio_fread requested=1 read=1
RUST_UIO: uio_fread requested=4 read=4
RUST_UIO: uio_fread requested=8 read=8
RUST_UIO: uio_fread requested=10 read=10
RUST_UIO: uio_fread requested=4 read=4
RUST_UIO: uio_fclose called
RUST_UIO: uio_fopen entry
RUST_UIO: uio_fopen called
RUST_UIO: uio_fopen path="/Users/runner/work/_temp/s4-command-evidence/bundle/run-0/payloads/native-window.acceptance/inputs/content/base/ships/chmmr/muzzle-med-003.png" mode=rb
RUST_UIO: uio_fopen returning stream=0x600002d34f80
RUST_UIO: uio_fread requested=8 read=8
RUST_UIO: uio_fread requested=8 read=8
RUST_UIO: uio_fread requested=13 read=13
RUST_UIO: uio_fread requested=4 read=4
RUST_UIO: uio_fread requested=8 read=8
RUST_UIO: uio_fread requested=3 read=3
RUST_UIO: uio_fread requested=4 read=4
RUST_UIO: uio_fread requested=8 read=8
RUST_UIO: uio_fread requested=768 read=768
RUST_UIO: uio_fread requested=4 read=4
RUST_UIO: uio_fread requested=8 read=8
RUST_UIO: uio_fread requested=1 read=1
RUST_UIO: uio_fread requested=4 read=4
RUST_UIO: uio_fread requested=8 read=8
RUST_UIO: uio_fread requested=10 read=10
RUST_UIO: uio_fread requested=4 read=4
RUST_UIO: uio_fclose called
RUST_UIO: uio_fopen entry
RUST_UIO: uio_fopen called
RUST_UIO: uio_fopen path="/Users/runner/work/_temp/s4-command-evidence/bundle/run-0/payloads/native-window.acceptance/inputs/content/base/ships/chmmr/muzzle-med-004.png" mode=rb
RUST_UIO: uio_fopen returning stream=0x600002d34f40
RUST_UIO: uio_fread requested=8 read=8
RUST_UIO: uio_fread requested=8 read=8
RUST_UIO: uio_fread requested=13 read=13
RUST_UIO: uio_fread requested=4 read=4
RUST_UIO: uio_fread requested=8 read=8
RUST_UIO: uio_fread requested=3 read=3
RUST_UIO: uio_fread requested=4 read=4
RUST_UIO: uio_fread requested=8 read=8
RUST_UIO: uio_fread requested=768 read=768
RUST_UIO: uio_fread requested=4 read=4
RUST_UIO: uio_fread requested=8 read=8
RUST_UIO: uio_fread requested=1 read=1
RUST_UIO: uio_fread requested=4 read=4
RUST_UIO: uio_fread requested=8 read=8
RUST_UIO: uio_fread requested=10 read=10
RUST_UIO: uio_fread requested=4 read=4
RUST_UIO: uio_fclose called
RUST_UIO: uio_fopen entry
RUST_UIO: uio_fopen called
RUST_UIO: uio_fopen path="/Users/runner/work/_temp/s4-command-evidence/bundle/run-0/payloads/native-window.acceptance/inputs/content/base/ships/chmmr/muzzle-med-005.png" mode=rb
RUST_UIO: uio_fopen returning stream=0x600002d34f80
RUST_UIO: uio_fread requested=8 read=8
RUST_UIO: uio_fread requested=8 read=8
RUST_UIO: uio_fread requested=13 read=13
RUST_UIO: uio_fread requested=4 read=4
RUST_UIO: uio_fread requested=8 read=8
RUST_UIO: uio_fread requested=3 read=3
RUST_UIO: uio_fread requested=4 read=4
RUST_UIO: uio_fread requested=8 read=8
RUST_UIO: uio_fread requested=768 read=768
RUST_UIO: uio_fread requested=4 read=4
RUST_UIO: uio_fread requested=8 read=8
RUST_UIO: uio_fread requested=1 read=1
RUST_UIO: uio_fread requested=4 read=4
RUST_UIO: uio_fread requested=8 read=8
RUST_UIO: uio_fread requested=10 read=10
RUST_UIO: uio_fread requested=4 read=4
RUST_UIO: uio_fclose called
RUST_UIO: uio_fopen entry
RUST_UIO: uio_fopen called
RUST_UIO: uio_fopen path="/Users/runner/work/_temp/s4-command-evidence/bundle/run-0/payloads/native-window.acceptance/inputs/content/base/ships/chmmr/muzzle-med-006.png" mode=rb
RUST_UIO: uio_fopen returning stream=0x600002d34f40
RUST_UIO: uio_fread requested=8 read=8
RUST_UIO: uio_fread requested=8 read=8
RUST_UIO: uio_fread requested=13 read=13
RUST_UIO: uio_fread requested=4 read=4
RUST_UIO: uio_fread requested=8 read=8
RUST_UIO: uio_fread requested=3 read=3
RUST_UIO: uio_fread requested=4 read=4
RUST_UIO: uio_fread requested=8 read=8
RUST_UIO: uio_fread requested=768 read=768
RUST_UIO: uio_fread requested=4 read=4
RUST_UIO: uio_fread requested=8 read=8
RUST_UIO: uio_fread requested=1 read=1
RUST_UIO: uio_fread requested=4 read=4
RUST_UIO: uio_fread requested=8 read=8
RUST_UIO: uio_fread requested=10 read=10
RUST_UIO: uio_fread requested=4 read=4
RUST_UIO: uio_fclose called
RUST_UIO: uio_fopen entry
RUST_UIO: uio_fopen called
RUST_UIO: uio_fopen path="/Users/runner/work/_temp/s4-command-evidence/bundle/run-0/payloads/native-window.acceptance/inputs/content/base/ships/chmmr/muzzle-med-007.png" mode=rb
RUST_UIO: uio_fopen returning stream=0x600002d34f80
RUST_UIO: uio_fread requested=8 read=8
RUST_UIO: uio_fread requested=8 read=8
RUST_UIO: uio_fread requested=13 read=13
RUST_UIO: uio_fread requested=4 read=4
RUST_UIO: uio_fread requested=8 read=8
RUST_UIO: uio_fread requested=3 read=3
RUST_UIO: uio_fread requested=4 read=4
RUST_UIO: uio_fread requested=8 read=8
RUST_UIO: uio_fread requested=768 read=768
RUST_UIO: uio_fread requested=4 read=4
RUST_UIO: uio_fread requested=8 read=8
RUST_UIO: uio_fread requested=1 read=1
RUST_UIO: uio_fread requested=4 read=4
RUST_UIO: uio_fread requested=8 read=8
RUST_UIO: uio_fread requested=10 read=10
RUST_UIO: uio_fread requested=4 read=4
RUST_UIO: uio_fclose called
RUST_UIO: uio_fopen entry
RUST_UIO: uio_fopen called
RUST_UIO: uio_fopen path="/Users/runner/work/_temp/s4-command-evidence/bundle/run-0/payloads/native-window.acceptance/inputs/content/base/ships/chmmr/muzzle-med-008.png" mode=rb
RUST_UIO: uio_fopen returning stream=0x600002d34f40
RUST_UIO: uio_fread requested=8 read=8
RUST_UIO: uio_fread requested=8 read=8
RUST_UIO: uio_fread requested=13 read=13
RUST_UIO: uio_fread requested=4 read=4
RUST_UIO: uio_fread requested=8 read=8
RUST_UIO: uio_fread requested=3 read=3
RUST_UIO: uio_fread requested=4 read=4
RUST_UIO: uio_fread requested=8 read=8
RUST_UIO: uio_fread requested=768 read=768
RUST_UIO: uio_fread requested=4 read=4
RUST_UIO: uio_fread requested=8 read=8
RUST_UIO: uio_fread requested=1 read=1
RUST_UIO: uio_fread requested=4 read=4
RUST_UIO: uio_fread requested=8 read=8
RUST_UIO: uio_fread requested=10 read=10
RUST_UIO: uio_fread requested=4 read=4
RUST_UIO: uio_fclose called
RUST_UIO: uio_fopen entry
RUST_UIO: uio_fopen called
RUST_UIO: uio_fopen path="/Users/runner/work/_temp/s4-command-evidence/bundle/run-0/payloads/native-window.acceptance/inputs/content/base/ships/chmmr/muzzle-med-009.png" mode=rb
RUST_UIO: uio_fopen returning stream=0x600002d34f80
RUST_UIO: uio_fread requested=8 read=8
RUST_UIO: uio_fread requested=8 read=8
RUST_UIO: uio_fread requested=13 read=13
RUST_UIO: uio_fread requested=4 read=4
RUST_UIO: uio_fread requested=8 read=8
RUST_UIO: uio_fread requested=3 read=3
RUST_UIO: uio_fread requested=4 read=4
RUST_UIO: uio_fread requested=8 read=8
RUST_UIO: uio_fread requested=768 read=768
RUST_UIO: uio_fread requested=4 read=4
RUST_UIO: uio_fread requested=8 read=8
RUST_UIO: uio_fread requested=1 read=1
RUST_UIO: uio_fread requested=4 read=4
RUST_UIO: uio_fread requested=8 read=8
RUST_UIO: uio_fread requested=10 read=10
RUST_UIO: uio_fread requested=4 read=4
RUST_UIO: uio_fclose called
RUST_UIO: uio_fopen entry
RUST_UIO: uio_fopen called
RUST_UIO: uio_fopen path="/Users/runner/work/_temp/s4-command-evidence/bundle/run-0/payloads/native-window.acceptance/inputs/content/base/ships/chmmr/muzzle-med-010.png" mode=rb
RUST_UIO: uio_fopen returning stream=0x600002d34f40
RUST_UIO: uio_fread requested=8 read=8
RUST_UIO: uio_fread requested=8 read=8
RUST_UIO: uio_fread requested=13 read=13
RUST_UIO: uio_fread requested=4 read=4
RUST_UIO: uio_fread requested=8 read=8
RUST_UIO: uio_fread requested=3 read=3
RUST_UIO: uio_fread requested=4 read=4
RUST_UIO: uio_fread requested=8 read=8
RUST_UIO: uio_fread requested=768 read=768
RUST_UIO: uio_fread requested=4 read=4
RUST_UIO: uio_fread requested=8 read=8
RUST_UIO: uio_fread requested=1 read=1
RUST_UIO: uio_fread requested=4 read=4
RUST_UIO: uio_fread requested=8 read=8
RUST_UIO: uio_fread requested=10 read=10
RUST_UIO: uio_fread requested=4 read=4
RUST_UIO: uio_fclose called
RUST_UIO: uio_fopen entry
RUST_UIO: uio_fopen called
RUST_UIO: uio_fopen path="/Users/runner/work/_temp/s4-command-evidence/bundle/run-0/payloads/native-window.acceptance/inputs/content/base/ships/chmmr/muzzle-med-011.png" mode=rb
RUST_UIO: uio_fopen returning stream=0x600002d34f80
RUST_UIO: uio_fread requested=8 read=8
RUST_UIO: uio_fread requested=8 read=8
RUST_UIO: uio_fread requested=13 read=13
RUST_UIO: uio_fread requested=4 read=4
RUST_UIO: uio_fread requested=8 read=8
RUST_UIO: uio_fread requested=3 read=3
RUST_UIO: uio_fread requested=4 read=4
RUST_UIO: uio_fread requested=8 read=8
RUST_UIO: uio_fread requested=768 read=768
RUST_UIO: uio_fread requested=4 read=4
RUST_UIO: uio_fread requested=8 read=8
RUST_UIO: uio_fread requested=1 read=1
RUST_UIO: uio_fread requested=4 read=4
RUST_UIO: uio_fread requested=8 read=8
RUST_UIO: uio_fread requested=10 read=10
RUST_UIO: uio_fread requested=4 read=4
RUST_UIO: uio_fclose called
RUST_UIO: uio_fopen entry
RUST_UIO: uio_fopen called
RUST_UIO: uio_fopen path="/Users/runner/work/_temp/s4-command-evidence/bundle/run-0/payloads/native-window.acceptance/inputs/content/base/ships/chmmr/muzzle-med-012.png" mode=rb
RUST_UIO: uio_fopen returning stream=0x600002d34f40
RUST_UIO: uio_fread requested=8 read=8
RUST_UIO: uio_fread requested=8 read=8
RUST_UIO: uio_fread requested=13 read=13
RUST_UIO: uio_fread requested=4 read=4
RUST_UIO: uio_fread requested=8 read=8
RUST_UIO: uio_fread requested=3 read=3
RUST_UIO: uio_fread requested=4 read=4
RUST_UIO: uio_fread requested=8 read=8
RUST_UIO: uio_fread requested=768 read=768
RUST_UIO: uio_fread requested=4 read=4
RUST_UIO: uio_fread requested=8 read=8
RUST_UIO: uio_fread requested=1 read=1
RUST_UIO: uio_fread requested=4 read=4
RUST_UIO: uio_fread requested=8 read=8
RUST_UIO: uio_fread requested=10 read=10
RUST_UIO: uio_fread requested=4 read=4
RUST_UIO: uio_fclose called
RUST_UIO: uio_fopen entry
RUST_UIO: uio_fopen called
RUST_UIO: uio_fopen path="/Users/runner/work/_temp/s4-command-evidence/bundle/run-0/payloads/native-window.acceptance/inputs/content/base/ships/chmmr/muzzle-med-013.png" mode=rb
RUST_UIO: uio_fopen returning stream=0x600002d34f80
RUST_UIO: uio_fread requested=8 read=8
RUST_UIO: uio_fread requested=8 read=8
RUST_UIO: uio_fread requested=13 read=13
RUST_UIO: uio_fread requested=4 read=4
RUST_UIO: uio_fread requested=8 read=8
RUST_UIO: uio_fread requested=3 read=3
RUST_UIO: uio_fread requested=4 read=4
RUST_UIO: uio_fread requested=8 read=8
RUST_UIO: uio_fread requested=768 read=768
RUST_UIO: uio_fread requested=4 read=4
RUST_UIO: uio_fread requested=8 read=8
RUST_UIO: uio_fread requested=1 read=1
RUST_UIO: uio_fread requested=4 read=4
RUST_UIO: uio_fread requested=8 read=8
RUST_UIO: uio_fread requested=10 read=10
RUST_UIO: uio_fread requested=4 read=4
RUST_UIO: uio_fclose called
RUST_UIO: uio_fopen entry
RUST_UIO: uio_fopen called
RUST_UIO: uio_fopen path="/Users/runner/work/_temp/s4-command-evidence/bundle/run-0/payloads/native-window.acceptance/inputs/content/base/ships/chmmr/muzzle-med-014.png" mode=rb
RUST_UIO: uio_fopen returning stream=0x600002d34f40
RUST_UIO: uio_fread requested=8 read=8
RUST_UIO: uio_fread requested=8 read=8
RUST_UIO: uio_fread requested=13 read=13
RUST_UIO: uio_fread requested=4 read=4
RUST_UIO: uio_fread requested=8 read=8
RUST_UIO: uio_fread requested=3 read=3
RUST_UIO: uio_fread requested=4 read=4
RUST_UIO: uio_fread requested=8 read=8
RUST_UIO: uio_fread requested=768 read=768
RUST_UIO: uio_fread requested=4 read=4
RUST_UIO: uio_fread requested=8 read=8
RUST_UIO: uio_fread requested=1 read=1
RUST_UIO: uio_fread requested=4 read=4
RUST_UIO: uio_fread requested=8 read=8
RUST_UIO: uio_fread requested=10 read=10
RUST_UIO: uio_fread requested=4 read=4
RUST_UIO: uio_fclose called
RUST_UIO: uio_fopen entry
RUST_UIO: uio_fopen called
RUST_UIO: uio_fopen path="/Users/runner/work/_temp/s4-command-evidence/bundle/run-0/payloads/native-window.acceptance/inputs/content/base/ships/chmmr/muzzle-med-015.png" mode=rb
RUST_UIO: uio_fopen returning stream=0x600002d34f80
RUST_UIO: uio_fread requested=8 read=8
RUST_UIO: uio_fread requested=8 read=8
RUST_UIO: uio_fread requested=13 read=13
RUST_UIO: uio_fread requested=4 read=4
RUST_UIO: uio_fread requested=8 read=8
RUST_UIO: uio_fread requested=3 read=3
RUST_UIO: uio_fread requested=4 read=4
RUST_UIO: uio_fread requested=8 read=8
RUST_UIO: uio_fread requested=768 read=768
RUST_UIO: uio_fread requested=4 read=4
RUST_UIO: uio_fread requested=8 read=8
RUST_UIO: uio_fread requested=1 read=1
RUST_UIO: uio_fread requested=4 read=4
RUST_UIO: uio_fread requested=8 read=8
RUST_UIO: uio_fread requested=10 read=10
RUST_UIO: uio_fread requested=4 read=4
RUST_UIO: uio_fclose called
RUST_UIO: uio_fopen entry
RUST_UIO: uio_fopen called
RUST_UIO: uio_fopen path="/Users/runner/work/_temp/s4-command-evidence/bundle/run-0/payloads/native-window.acceptance/inputs/content/base/ships/chmmr/muzzle-med-016.png" mode=rb
RUST_UIO: uio_fopen returning stream=0x600002d34f40
RUST_UIO: uio_fread requested=8 read=8
RUST_UIO: uio_fread requested=8 read=8
RUST_UIO: uio_fread requested=13 read=13
RUST_UIO: uio_fread requested=4 read=4
RUST_UIO: uio_fread requested=8 read=8
RUST_UIO: uio_fread requested=3 read=3
RUST_UIO: uio_fread requested=4 read=4
RUST_UIO: uio_fread requested=8 read=8
RUST_UIO: uio_fread requested=768 read=768
RUST_UIO: uio_fread requested=4 read=4
RUST_UIO: uio_fread requested=8 read=8
RUST_UIO: uio_fread requested=1 read=1
RUST_UIO: uio_fread requested=4 read=4
RUST_UIO: uio_fread requested=8 read=8
RUST_UIO: uio_fread requested=20 read=20
RUST_UIO: uio_fread requested=4 read=4
RUST_UIO: uio_fclose called
RUST_UIO: uio_fopen entry
RUST_UIO: uio_fopen called
RUST_UIO: uio_fopen path="/Users/runner/work/_temp/s4-command-evidence/bundle/run-0/payloads/native-window.acceptance/inputs/content/base/ships/chmmr/muzzle-med-017.png" mode=rb
RUST_UIO: uio_fopen returning stream=0x600002d34f80
RUST_UIO: uio_fread requested=8 read=8
RUST_UIO: uio_fread requested=8 read=8
RUST_UIO: uio_fread requested=13 read=13
RUST_UIO: uio_fread requested=4 read=4
RUST_UIO: uio_fread requested=8 read=8
RUST_UIO: uio_fread requested=3 read=3
RUST_UIO: uio_fread requested=4 read=4
RUST_UIO: uio_fread requested=8 read=8
RUST_UIO: uio_fread requested=768 read=768
RUST_UIO: uio_fread requested=4 read=4
RUST_UIO: uio_fread requested=8 read=8
RUST_UIO: uio_fread requested=17 read=17
RUST_UIO: uio_fread requested=4 read=4
RUST_UIO: uio_fclose called
RUST_UIO: uio_fopen entry
RUST_UIO: uio_fopen called
RUST_UIO: uio_fopen path="/Users/runner/work/_temp/s4-command-evidence/bundle/run-0/payloads/native-window.acceptance/inputs/content/base/ships/chmmr/muzzle-med-018.png" mode=rb
RUST_UIO: uio_fopen returning stream=0x600002d34f40
RUST_UIO: uio_fread requested=8 read=8
RUST_UIO: uio_fread requested=8 read=8
RUST_UIO: uio_fread requested=13 read=13
RUST_UIO: uio_fread requested=4 read=4
RUST_UIO: uio_fread requested=8 read=8
RUST_UIO: uio_fread requested=3 read=3
RUST_UIO: uio_fread requested=4 read=4
RUST_UIO: uio_fread requested=8 read=8
RUST_UIO: uio_fread requested=768 read=768
RUST_UIO: uio_fread requested=4 read=4
RUST_UIO: uio_fread requested=8 read=8
RUST_UIO: uio_fread requested=1 read=1
RUST_UIO: uio_fread requested=4 read=4
RUST_UIO: uio_fread requested=8 read=8
RUST_UIO: uio_fread requested=23 read=23
RUST_UIO: uio_fread requested=4 read=4
RUST_UIO: uio_fclose called
RUST_UIO: uio_fopen entry
RUST_UIO: uio_fopen called
RUST_UIO: uio_fopen path="/Users/runner/work/_temp/s4-command-evidence/bundle/run-0/payloads/native-window.acceptance/inputs/content/base/ships/chmmr/muzzle-med-019.png" mode=rb
RUST_UIO: uio_fopen returning stream=0x600002d34f80
RUST_UIO: uio_fread requested=8 read=8
RUST_UIO: uio_fread requested=8 read=8
RUST_UIO: uio_fread requested=13 read=13
RUST_UIO: uio_fread requested=4 read=4
RUST_UIO: uio_fread requested=8 read=8
RUST_UIO: uio_fread requested=3 read=3
RUST_UIO: uio_fread requested=4 read=4
RUST_UIO: uio_fread requested=8 read=8
RUST_UIO: uio_fread requested=768 read=768
RUST_UIO: uio_fread requested=4 read=4
RUST_UIO: uio_fread requested=8 read=8
RUST_UIO: uio_fread requested=1 read=1
RUST_UIO: uio_fread requested=4 read=4
RUST_UIO: uio_fread requested=8 read=8
RUST_UIO: uio_fread requested=16 read=16
RUST_UIO: uio_fread requested=4 read=4
RUST_UIO: uio_fclose called
RUST_UIO: uio_fopen entry
RUST_UIO: uio_fopen called
RUST_UIO: uio_fopen path="/Users/runner/work/_temp/s4-command-evidence/bundle/run-0/payloads/native-window.acceptance/inputs/content/base/ships/chmmr/muzzle-med-020.png" mode=rb
RUST_UIO: uio_fopen returning stream=0x600002d34f40
RUST_UIO: uio_fread requested=8 read=8
RUST_UIO: uio_fread requested=8 read=8
RUST_UIO: uio_fread requested=13 read=13
RUST_UIO: uio_fread requested=4 read=4
RUST_UIO: uio_fread requested=8 read=8
RUST_UIO: uio_fread requested=3 read=3
RUST_UIO: uio_fread requested=4 read=4
RUST_UIO: uio_fread requested=8 read=8
RUST_UIO: uio_fread requested=768 read=768
RUST_UIO: uio_fread requested=4 read=4
RUST_UIO: uio_fread requested=8 read=8
RUST_UIO: uio_fread requested=1 read=1
RUST_UIO: uio_fread requested=4 read=4
RUST_UIO: uio_fread requested=8 read=8
RUST_UIO: uio_fread requested=18 read=18
RUST_UIO: uio_fread requested=4 read=4
RUST_UIO: uio_fclose called
RUST_UIO: uio_fopen entry
RUST_UIO: uio_fopen called
RUST_UIO: uio_fopen path="/Users/runner/work/_temp/s4-command-evidence/bundle/run-0/payloads/native-window.acceptance/inputs/content/base/ships/chmmr/muzzle-med-021.png" mode=rb
RUST_UIO: uio_fopen returning stream=0x600002d34f80
RUST_UIO: uio_fread requested=8 read=8
RUST_UIO: uio_fread requested=8 read=8
RUST_UIO: uio_fread requested=13 read=13
RUST_UIO: uio_fread requested=4 read=4
RUST_UIO: uio_fread requested=8 read=8
RUST_UIO: uio_fread requested=3 read=3
RUST_UIO: uio_fread requested=4 read=4
RUST_UIO: uio_fread requested=8 read=8
RUST_UIO: uio_fread requested=768 read=768
RUST_UIO: uio_fread requested=4 read=4
RUST_UIO: uio_fread requested=8 read=8
RUST_UIO: uio_fread requested=16 read=16
RUST_UIO: uio_fread requested=4 read=4
RUST_UIO: uio_fclose called
RUST_UIO: uio_fopen entry
RUST_UIO: uio_fopen called
RUST_UIO: uio_fopen path="/Users/runner/work/_temp/s4-command-evidence/bundle/run-0/payloads/native-window.acceptance/inputs/content/base/ships/chmmr/muzzle-med-022.png" mode=rb
RUST_UIO: uio_fopen returning stream=0x600002d34f40
RUST_UIO: uio_fread requested=8 read=8
RUST_UIO: uio_fread requested=8 read=8
RUST_UIO: uio_fread requested=13 read=13
RUST_UIO: uio_fread requested=4 read=4
RUST_UIO: uio_fread requested=8 read=8
RUST_UIO: uio_fread requested=3 read=3
RUST_UIO: uio_fread requested=4 read=4
RUST_UIO: uio_fread requested=8 read=8
RUST_UIO: uio_fread requested=768 read=768
RUST_UIO: uio_fread requested=4 read=4
RUST_UIO: uio_fread requested=8 read=8
RUST_UIO: uio_fread requested=1 read=1
RUST_UIO: uio_fread requested=4 read=4
RUST_UIO: uio_fread requested=8 read=8
RUST_UIO: uio_fread requested=21 read=21
RUST_UIO: uio_fread requested=4 read=4
RUST_UIO: uio_fclose called
RUST_UIO: uio_fopen entry
RUST_UIO: uio_fopen called
RUST_UIO: uio_fopen path="/Users/runner/work/_temp/s4-command-evidence/bundle/run-0/payloads/native-window.acceptance/inputs/content/base/ships/chmmr/muzzle-med-023.png" mode=rb
RUST_UIO: uio_fopen returning stream=0x600002d34f80
RUST_UIO: uio_fread requested=8 read=8
RUST_UIO: uio_fread requested=8 read=8
RUST_UIO: uio_fread requested=13 read=13
RUST_UIO: uio_fread requested=4 read=4
RUST_UIO: uio_fread requested=8 read=8
RUST_UIO: uio_fread requested=3 read=3
RUST_UIO: uio_fread requested=4 read=4
RUST_UIO: uio_fread requested=8 read=8
RUST_UIO: uio_fread requested=768 read=768
RUST_UIO: uio_fread requested=4 read=4
RUST_UIO: uio_fread requested=8 read=8
RUST_UIO: uio_fread requested=1 read=1
RUST_UIO: uio_fread requested=4 read=4
RUST_UIO: uio_fread requested=8 read=8
RUST_UIO: uio_fread requested=17 read=17
RUST_UIO: uio_fread requested=4 read=4
RUST_UIO: uio_fclose called
RUST_UIO: uio_fopen entry
RUST_UIO: uio_fopen called
RUST_UIO: uio_fopen path="/Users/runner/work/_temp/s4-command-evidence/bundle/run-0/payloads/native-window.acceptance/inputs/content/base/ships/chmmr/muzzle-med-024.png" mode=rb
RUST_UIO: uio_fopen returning stream=0x600002d34f40
RUST_UIO: uio_fread requested=8 read=8
RUST_UIO: uio_fread requested=8 read=8
RUST_UIO: uio_fread requested=13 read=13
RUST_UIO: uio_fread requested=4 read=4
RUST_UIO: uio_fread requested=8 read=8
RUST_UIO: uio_fread requested=3 read=3
RUST_UIO: uio_fread requested=4 read=4
RUST_UIO: uio_fread requested=8 read=8
RUST_UIO: uio_fread requested=768 read=768
RUST_UIO: uio_fread requested=4 read=4
RUST_UIO: uio_fread requested=8 read=8
RUST_UIO: uio_fread requested=1 read=1
RUST_UIO: uio_fread requested=4 read=4
RUST_UIO: uio_fread requested=8 read=8
RUST_UIO: uio_fread requested=20 read=20
RUST_UIO: uio_fread requested=4 read=4
RUST_UIO: uio_fclose called
RUST_UIO: uio_fopen entry
RUST_UIO: uio_fopen called
RUST_UIO: uio_fopen path="/Users/runner/work/_temp/s4-command-evidence/bundle/run-0/payloads/native-window.acceptance/inputs/content/base/ships/chmmr/muzzle-med-025.png" mode=rb
RUST_UIO: uio_fopen returning stream=0x600002d34f80
RUST_UIO: uio_fread requested=8 read=8
RUST_UIO: uio_fread requested=8 read=8
RUST_UIO: uio_fread requested=13 read=13
RUST_UIO: uio_fread requested=4 read=4
RUST_UIO: uio_fread requested=8 read=8
RUST_UIO: uio_fread requested=3 read=3
RUST_UIO: uio_fread requested=4 read=4
RUST_UIO: uio_fread requested=8 read=8
RUST_UIO: uio_fread requested=768 read=768
RUST_UIO: uio_fread requested=4 read=4
RUST_UIO: uio_fread requested=8 read=8
RUST_UIO: uio_fread requested=17 read=17
RUST_UIO: uio_fread requested=4 read=4
RUST_UIO: uio_fclose called
RUST_UIO: uio_fopen entry
RUST_UIO: uio_fopen called
RUST_UIO: uio_fopen path="/Users/runner/work/_temp/s4-command-evidence/bundle/run-0/payloads/native-window.acceptance/inputs/content/base/ships/chmmr/muzzle-med-026.png" mode=rb
RUST_UIO: uio_fopen returning stream=0x600002d34f40
RUST_UIO: uio_fread requested=8 read=8
RUST_UIO: uio_fread requested=8 read=8
RUST_UIO: uio_fread requested=13 read=13
RUST_UIO: uio_fread requested=4 read=4
RUST_UIO: uio_fread requested=8 read=8
RUST_UIO: uio_fread requested=3 read=3
RUST_UIO: uio_fread requested=4 read=4
RUST_UIO: uio_fread requested=8 read=8
RUST_UIO: uio_fread requested=768 read=768
RUST_UIO: uio_fread requested=4 read=4
RUST_UIO: uio_fread requested=8 read=8
RUST_UIO: uio_fread requested=1 read=1
RUST_UIO: uio_fread requested=4 read=4
RUST_UIO: uio_fread requested=8 read=8
RUST_UIO: uio_fread requested=23 read=23
RUST_UIO: uio_fread requested=4 read=4
RUST_UIO: uio_fclose called
RUST_UIO: uio_fopen entry
RUST_UIO: uio_fopen called
RUST_UIO: uio_fopen path="/Users/runner/work/_temp/s4-command-evidence/bundle/run-0/payloads/native-window.acceptance/inputs/content/base/ships/chmmr/muzzle-med-027.png" mode=rb
RUST_UIO: uio_fopen returning stream=0x600002d34f80
RUST_UIO: uio_fread requested=8 read=8
RUST_UIO: uio_fread requested=8 read=8
RUST_UIO: uio_fread requested=13 read=13
RUST_UIO: uio_fread requested=4 read=4
RUST_UIO: uio_fread requested=8 read=8
RUST_UIO: uio_fread requested=3 read=3
RUST_UIO: uio_fread requested=4 read=4
RUST_UIO: uio_fread requested=8 read=8
RUST_UIO: uio_fread requested=768 read=768
RUST_UIO: uio_fread requested=4 read=4
RUST_UIO: uio_fread requested=8 read=8
RUST_UIO: uio_fread requested=1 read=1
RUST_UIO: uio_fread requested=4 read=4
RUST_UIO: uio_fread requested=8 read=8
RUST_UIO: uio_fread requested=16 read=16
RUST_UIO: uio_fread requested=4 read=4
RUST_UIO: uio_fclose called
RUST_UIO: uio_fopen entry
RUST_UIO: uio_fopen called
RUST_UIO: uio_fopen path="/Users/runner/work/_temp/s4-command-evidence/bundle/run-0/payloads/native-window.acceptance/inputs/content/base/ships/chmmr/muzzle-med-028.png" mode=rb
RUST_UIO: uio_fopen returning stream=0x600002d34f40
RUST_UIO: uio_fread requested=8 read=8
RUST_UIO: uio_fread requested=8 read=8
RUST_UIO: uio_fread requested=13 read=13
RUST_UIO: uio_fread requested=4 read=4
RUST_UIO: uio_fread requested=8 read=8
RUST_UIO: uio_fread requested=3 read=3
RUST_UIO: uio_fread requested=4 read=4
RUST_UIO: uio_fread requested=8 read=8
RUST_UIO: uio_fread requested=768 read=768
RUST_UIO: uio_fread requested=4 read=4
RUST_UIO: uio_fread requested=8 read=8
RUST_UIO: uio_fread requested=1 read=1
RUST_UIO: uio_fread requested=4 read=4
RUST_UIO: uio_fread requested=8 read=8
RUST_UIO: uio_fread requested=18 read=18
RUST_UIO: uio_fread requested=4 read=4
RUST_UIO: uio_fclose called
RUST_UIO: uio_fopen entry
RUST_UIO: uio_fopen called
RUST_UIO: uio_fopen path="/Users/runner/work/_temp/s4-command-evidence/bundle/run-0/payloads/native-window.acceptance/inputs/content/base/ships/chmmr/muzzle-med-029.png" mode=rb
RUST_UIO: uio_fopen returning stream=0x600002d34f80
RUST_UIO: uio_fread requested=8 read=8
RUST_UIO: uio_fread requested=8 read=8
RUST_UIO: uio_fread requested=13 read=13
RUST_UIO: uio_fread requested=4 read=4
RUST_UIO: uio_fread requested=8 read=8
RUST_UIO: uio_fread requested=3 read=3
RUST_UIO: uio_fread requested=4 read=4
RUST_UIO: uio_fread requested=8 read=8
RUST_UIO: uio_fread requested=768 read=768
RUST_UIO: uio_fread requested=4 read=4
RUST_UIO: uio_fread requested=8 read=8
RUST_UIO: uio_fread requested=16 read=16
RUST_UIO: uio_fread requested=4 read=4
RUST_UIO: uio_fclose called
RUST_UIO: uio_fopen entry
RUST_UIO: uio_fopen called
RUST_UIO: uio_fopen path="/Users/runner/work/_temp/s4-command-evidence/bundle/run-0/payloads/native-window.acceptance/inputs/content/base/ships/chmmr/muzzle-med-030.png" mode=rb
RUST_UIO: uio_fopen returning stream=0x600002d34f40
RUST_UIO: uio_fread requested=8 read=8
RUST_UIO: uio_fread requested=8 read=8
RUST_UIO: uio_fread requested=13 read=13
RUST_UIO: uio_fread requested=4 read=4
RUST_UIO: uio_fread requested=8 read=8
RUST_UIO: uio_fread requested=3 read=3
RUST_UIO: uio_fread requested=4 read=4
RUST_UIO: uio_fread requested=8 read=8
RUST_UIO: uio_fread requested=768 read=768
RUST_UIO: uio_fread requested=4 read=4
RUST_UIO: uio_fread requested=8 read=8
RUST_UIO: uio_fread requested=1 read=1
RUST_UIO: uio_fread requested=4 read=4
RUST_UIO: uio_fread requested=8 read=8
RUST_UIO: uio_fread requested=21 read=21
RUST_UIO: uio_fread requested=4 read=4
RUST_UIO: uio_fclose called
RUST_UIO: uio_fopen entry
RUST_UIO: uio_fopen called
RUST_UIO: uio_fopen path="/Users/runner/work/_temp/s4-command-evidence/bundle/run-0/payloads/native-window.acceptance/inputs/content/base/ships/chmmr/muzzle-med-031.png" mode=rb
RUST_UIO: uio_fopen returning stream=0x600002d34f80
RUST_UIO: uio_fread requested=8 read=8
RUST_UIO: uio_fread requested=8 read=8
RUST_UIO: uio_fread requested=13 read=13
RUST_UIO: uio_fread requested=4 read=4
RUST_UIO: uio_fread requested=8 read=8
RUST_UIO: uio_fread requested=3 read=3
RUST_UIO: uio_fread requested=4 read=4
RUST_UIO: uio_fread requested=8 read=8
RUST_UIO: uio_fread requested=768 read=768
RUST_UIO: uio_fread requested=4 read=4
RUST_UIO: uio_fread requested=8 read=8
RUST_UIO: uio_fread requested=1 read=1
RUST_UIO: uio_fread requested=4 read=4
RUST_UIO: uio_fread requested=8 read=8
RUST_UIO: uio_fread requested=17 read=17
RUST_UIO: uio_fread requested=4 read=4
RUST_UIO: uio_fclose called
RUST_UIO: uio_fopen entry
RUST_UIO: uio_fopen called
RUST_UIO: uio_fopen path="/Users/runner/work/_temp/s4-command-evidence/bundle/run-0/payloads/native-window.acceptance/inputs/content/base/ships/chmmr/muzzle-med-032.png" mode=rb
RUST_UIO: uio_fopen returning stream=0x600002d34f40
RUST_UIO: uio_fread requested=8 read=8
RUST_UIO: uio_fread requested=8 read=8
RUST_UIO: uio_fread requested=13 read=13
RUST_UIO: uio_fread requested=4 read=4
RUST_UIO: uio_fread requested=8 read=8
RUST_UIO: uio_fread requested=3 read=3
RUST_UIO: uio_fread requested=4 read=4
RUST_UIO: uio_fread requested=8 read=8
RUST_UIO: uio_fread requested=768 read=768
RUST_UIO: uio_fread requested=4 read=4
RUST_UIO: uio_fread requested=8 read=8
RUST_UIO: uio_fread requested=1 read=1
RUST_UIO: uio_fread requested=4 read=4
RUST_UIO: uio_fread requested=8 read=8
RUST_UIO: uio_fread requested=17 read=17
RUST_UIO: uio_fread requested=4 read=4
RUST_UIO: uio_fclose called
RUST_UIO: uio_fopen entry
RUST_UIO: uio_fopen called
RUST_UIO: uio_fopen path="/Users/runner/work/_temp/s4-command-evidence/bundle/run-0/payloads/native-window.acceptance/inputs/content/base/ships/chmmr/muzzle-med-033.png" mode=rb
RUST_UIO: uio_fopen returning stream=0x600002d34f80
RUST_UIO: uio_fread requested=8 read=8
RUST_UIO: uio_fread requested=8 read=8
RUST_UIO: uio_fread requested=13 read=13
RUST_UIO: uio_fread requested=4 read=4
RUST_UIO: uio_fread requested=8 read=8
RUST_UIO: uio_fread requested=3 read=3
RUST_UIO: uio_fread requested=4 read=4
RUST_UIO: uio_fread requested=8 read=8
RUST_UIO: uio_fread requested=768 read=768
RUST_UIO: uio_fread requested=4 read=4
RUST_UIO: uio_fread requested=8 read=8
RUST_UIO: uio_fread requested=1 read=1
RUST_UIO: uio_fread requested=4 read=4
RUST_UIO: uio_fread requested=8 read=8
RUST_UIO: uio_fread requested=22 read=22
RUST_UIO: uio_fread requested=4 read=4
RUST_UIO: uio_fclose called
RUST_UIO: uio_fopen entry
RUST_UIO: uio_fopen called
RUST_UIO: uio_fopen path="/Users/runner/work/_temp/s4-command-evidence/bundle/run-0/payloads/native-window.acceptance/inputs/content/base/ships/chmmr/muzzle-med-034.png" mode=rb
RUST_UIO: uio_fopen returning stream=0x600002d34f40
RUST_UIO: uio_fread requested=8 read=8
RUST_UIO: uio_fread requested=8 read=8
RUST_UIO: uio_fread requested=13 read=13
RUST_UIO: uio_fread requested=4 read=4
RUST_UIO: uio_fread requested=8 read=8
RUST_UIO: uio_fread requested=3 read=3
RUST_UIO: uio_fread requested=4 read=4
RUST_UIO: uio_fread requested=8 read=8
RUST_UIO: uio_fread requested=768 read=768
RUST_UIO: uio_fread requested=4 read=4
RUST_UIO: uio_fread requested=8 read=8
RUST_UIO: uio_fread requested=1 read=1
RUST_UIO: uio_fread requested=4 read=4
RUST_UIO: uio_fread requested=8 read=8
RUST_UIO: uio_fread requested=34 read=34
RUST_UIO: uio_fread requested=4 read=4
RUST_UIO: uio_fclose called
RUST_UIO: uio_fopen entry
RUST_UIO: uio_fopen called
RUST_UIO: uio_fopen path="/Users/runner/work/_temp/s4-command-evidence/bundle/run-0/payloads/native-window.acceptance/inputs/content/base/ships/chmmr/muzzle-med-035.png" mode=rb
RUST_UIO: uio_fopen returning stream=0x600002d34f80
RUST_UIO: uio_fread requested=8 read=8
RUST_UIO: uio_fread requested=8 read=8
RUST_UIO: uio_fread requested=13 read=13
RUST_UIO: uio_fread requested=4 read=4
RUST_UIO: uio_fread requested=8 read=8
RUST_UIO: uio_fread requested=3 read=3
RUST_UIO: uio_fread requested=4 read=4
RUST_UIO: uio_fread requested=8 read=8
RUST_UIO: uio_fread requested=768 read=768
RUST_UIO: uio_fread requested=4 read=4
RUST_UIO: uio_fread requested=8 read=8
RUST_UIO: uio_fread requested=1 read=1
RUST_UIO: uio_fread requested=4 read=4
RUST_UIO: uio_fread requested=8 read=8
RUST_UIO: uio_fread requested=46 read=46
RUST_UIO: uio_fread requested=4 read=4
RUST_UIO: uio_fclose called
RUST_UIO: uio_fopen entry
RUST_UIO: uio_fopen called
RUST_UIO: uio_fopen path="/Users/runner/work/_temp/s4-command-evidence/bundle/run-0/payloads/native-window.acceptance/inputs/content/base/ships/chmmr/muzzle-med-036.png" mode=rb
RUST_UIO: uio_fopen returning stream=0x600002d34f40
RUST_UIO: uio_fread requested=8 read=8
RUST_UIO: uio_fread requested=8 read=8
RUST_UIO: uio_fread requested=13 read=13
RUST_UIO: uio_fread requested=4 read=4
RUST_UIO: uio_fread requested=8 read=8
RUST_UIO: uio_fread requested=3 read=3
RUST_UIO: uio_fread requested=4 read=4
RUST_UIO: uio_fread requested=8 read=8
RUST_UIO: uio_fread requested=768 read=768
RUST_UIO: uio_fread requested=4 read=4
RUST_UIO: uio_fread requested=8 read=8
RUST_UIO: uio_fread requested=1 read=1
RUST_UIO: uio_fread requested=4 read=4
RUST_UIO: uio_fread requested=8 read=8
RUST_UIO: uio_fread requested=51 read=51
RUST_UIO: uio_fread requested=4 read=4
RUST_UIO: uio_fclose called
RUST_UIO: uio_fopen entry
RUST_UIO: uio_fopen called
RUST_UIO: uio_fopen path="/Users/runner/work/_temp/s4-command-evidence/bundle/run-0/payloads/native-window.acceptance/inputs/content/base/ships/chmmr/muzzle-med-037.png" mode=rb
RUST_UIO: uio_fopen returning stream=0x600002d34f80
RUST_UIO: uio_fread requested=8 read=8
RUST_UIO: uio_fread requested=8 read=8
RUST_UIO: uio_fread requested=13 read=13
RUST_UIO: uio_fread requested=4 read=4
RUST_UIO: uio_fread requested=8 read=8
RUST_UIO: uio_fread requested=3 read=3
RUST_UIO: uio_fread requested=4 read=4
RUST_UIO: uio_fread requested=8 read=8
RUST_UIO: uio_fread requested=768 read=768
RUST_UIO: uio_fread requested=4 read=4
RUST_UIO: uio_fread requested=8 read=8
RUST_UIO: uio_fread requested=1 read=1
RUST_UIO: uio_fread requested=4 read=4
RUST_UIO: uio_fread requested=8 read=8
RUST_UIO: uio_fread requested=48 read=48
RUST_UIO: uio_fread requested=4 read=4
RUST_UIO: uio_fclose called
RUST_UIO: uio_fopen entry
RUST_UIO: uio_fopen called
RUST_UIO: uio_fopen path="/Users/runner/work/_temp/s4-command-evidence/bundle/run-0/payloads/native-window.acceptance/inputs/content/base/ships/chmmr/muzzle-med-038.png" mode=rb
RUST_UIO: uio_fopen returning stream=0x600002d34f40
RUST_UIO: uio_fread requested=8 read=8
RUST_UIO: uio_fread requested=8 read=8
RUST_UIO: uio_fread requested=13 read=13
RUST_UIO: uio_fread requested=4 read=4
RUST_UIO: uio_fread requested=8 read=8
RUST_UIO: uio_fread requested=3 read=3
RUST_UIO: uio_fread requested=4 read=4
RUST_UIO: uio_fread requested=8 read=8
RUST_UIO: uio_fread requested=768 read=768
RUST_UIO: uio_fread requested=4 read=4
RUST_UIO: uio_fread requested=8 read=8
RUST_UIO: uio_fread requested=1 read=1
RUST_UIO: uio_fread requested=4 read=4
RUST_UIO: uio_fread requested=8 read=8
RUST_UIO: uio_fread requested=33 read=33
RUST_UIO: uio_fread requested=4 read=4
RUST_UIO: uio_fclose called
RUST_UIO: uio_fopen entry
RUST_UIO: uio_fopen called
RUST_UIO: uio_fopen path="/Users/runner/work/_temp/s4-command-evidence/bundle/run-0/payloads/native-window.acceptance/inputs/content/base/ships/chmmr/muzzle-med-039.png" mode=rb
RUST_UIO: uio_fopen returning stream=0x600002d34f80
RUST_UIO: uio_fread requested=8 read=8
RUST_UIO: uio_fread requested=8 read=8
RUST_UIO: uio_fread requested=13 read=13
RUST_UIO: uio_fread requested=4 read=4
RUST_UIO: uio_fread requested=8 read=8
RUST_UIO: uio_fread requested=3 read=3
RUST_UIO: uio_fread requested=4 read=4
RUST_UIO: uio_fread requested=8 read=8
RUST_UIO: uio_fread requested=768 read=768
RUST_UIO: uio_fread requested=4 read=4
RUST_UIO: uio_fread requested=8 read=8
RUST_UIO: uio_fread requested=1 read=1
RUST_UIO: uio_fread requested=4 read=4
RUST_UIO: uio_fread requested=8 read=8
RUST_UIO: uio_fread requested=21 read=21
RUST_UIO: uio_fread requested=4 read=4
RUST_UIO: uio_fclose called
RUST_UIO: uio_fopen entry
RUST_UIO: uio_fopen called
RUST_UIO: uio_fopen path="/Users/runner/work/_temp/s4-command-evidence/bundle/run-0/payloads/native-window.acceptance/inputs/content/base/ships/chmmr/muzzle-med-040.png" mode=rb
RUST_UIO: uio_fopen returning stream=0x600002d34f40
RUST_UIO: uio_fread requested=8 read=8
RUST_UIO: uio_fread requested=8 read=8
RUST_UIO: uio_fread requested=13 read=13
RUST_UIO: uio_fread requested=4 read=4
RUST_UIO: uio_fread requested=8 read=8
RUST_UIO: uio_fread requested=3 read=3
RUST_UIO: uio_fread requested=4 read=4
RUST_UIO: uio_fread requested=8 read=8
RUST_UIO: uio_fread requested=768 read=768
RUST_UIO: uio_fread requested=4 read=4
RUST_UIO: uio_fread requested=8 read=8
RUST_UIO: uio_fread requested=1 read=1
RUST_UIO: uio_fread requested=4 read=4
RUST_UIO: uio_fread requested=8 read=8
RUST_UIO: uio_fread requested=15 read=15
RUST_UIO: uio_fread requested=4 read=4
RUST_UIO: uio_fclose called
RUST_UIO: uio_fclose called
RUST_UIO: uio_stat called
RUST_UIO: uio_fopen entry
RUST_UIO: uio_fopen called
RUST_UIO: uio_fopen path="/Users/runner/work/_temp/s4-command-evidence/bundle/run-0/payloads/native-window.acceptance/inputs/content/base/ships/chmmr/muzzle-sml.ani" mode=rb
RUST_UIO: uio_fopen returning stream=0x600002d34080
RUST_UIO: uio_fread requested=4 read=4
RUST_UIO: uio_fopen entry
RUST_UIO: uio_fopen called
RUST_UIO: uio_fopen path="/Users/runner/work/_temp/s4-command-evidence/bundle/run-0/payloads/native-window.acceptance/inputs/content/base/ships/chmmr/muzzle-sml-000.png" mode=rb
RUST_UIO: uio_fopen returning stream=0x600002d34f80
RUST_UIO: uio_fread requested=8 read=8
RUST_UIO: uio_fread requested=8 read=8
RUST_UIO: uio_fread requested=13 read=13
RUST_UIO: uio_fread requested=4 read=4
RUST_UIO: uio_fread requested=8 read=8
RUST_UIO: uio_fread requested=3 read=3
RUST_UIO: uio_fread requested=4 read=4
RUST_UIO: uio_fread requested=8 read=8
RUST_UIO: uio_fread requested=768 read=768
RUST_UIO: uio_fread requested=4 read=4
RUST_UIO: uio_fread requested=8 read=8
RUST_UIO: uio_fread requested=1 read=1
RUST_UIO: uio_fread requested=4 read=4
RUST_UIO: uio_fread requested=8 read=8
RUST_UIO: uio_fread requested=10 read=10
RUST_UIO: uio_fread requested=4 read=4
RUST_UIO: uio_fclose called
RUST_UIO: uio_fopen entry
RUST_UIO: uio_fopen called
RUST_UIO: uio_fopen path="/Users/runner/work/_temp/s4-command-evidence/bundle/run-0/payloads/native-window.acceptance/inputs/content/base/ships/chmmr/muzzle-sml-001.png" mode=rb
RUST_UIO: uio_fopen returning stream=0x600002d34f40
RUST_UIO: uio_fread requested=8 read=8
RUST_UIO: uio_fread requested=8 read=8
RUST_UIO: uio_fread requested=13 read=13
RUST_UIO: uio_fread requested=4 read=4
RUST_UIO: uio_fread requested=8 read=8
RUST_UIO: uio_fread requested=3 read=3
RUST_UIO: uio_fread requested=4 read=4
RUST_UIO: uio_fread requested=8 read=8
RUST_UIO: uio_fread requested=768 read=768
RUST_UIO: uio_fread requested=4 read=4
RUST_UIO: uio_fread requested=8 read=8
RUST_UIO: uio_fread requested=1 read=1
RUST_UIO: uio_fread requested=4 read=4
RUST_UIO: uio_fread requested=8 read=8
RUST_UIO: uio_fread requested=10 read=10
RUST_UIO: uio_fread requested=4 read=4
RUST_UIO: uio_fclose called
RUST_UIO: uio_fopen entry
RUST_UIO: uio_fopen called
RUST_UIO: uio_fopen path="/Users/runner/work/_temp/s4-command-evidence/bundle/run-0/payloads/native-window.acceptance/inputs/content/base/ships/chmmr/muzzle-sml-002.png" mode=rb
RUST_UIO: uio_fopen returning stream=0x600002d34f80
RUST_UIO: uio_fread requested=8 read=8
RUST_UIO: uio_fread requested=8 read=8
RUST_UIO: uio_fread requested=13 read=13
RUST_UIO: uio_fread requested=4 read=4
RUST_UIO: uio_fread requested=8 read=8
RUST_UIO: uio_fread requested=3 read=3
RUST_UIO: uio_fread requested=4 read=4
RUST_UIO: uio_fread requested=8 read=8
RUST_UIO: uio_fread requested=768 read=768
RUST_UIO: uio_fread requested=4 read=4
RUST_UIO: uio_fread requested=8 read=8
RUST_UIO: uio_fread requested=1 read=1
RUST_UIO: uio_fread requested=4 read=4
RUST_UIO: uio_fread requested=8 read=8
RUST_UIO: uio_fread requested=10 read=10
RUST_UIO: uio_fread requested=4 read=4
RUST_UIO: uio_fclose called
RUST_UIO: uio_fopen entry
RUST_UIO: uio_fopen called
RUST_UIO: uio_fopen path="/Users/runner/work/_temp/s4-command-evidence/bundle/run-0/payloads/native-window.acceptance/inputs/content/base/ships/chmmr/muzzle-sml-003.png" mode=rb
RUST_UIO: uio_fopen returning stream=0x600002d34f40
RUST_UIO: uio_fread requested=8 read=8
RUST_UIO: uio_fread requested=8 read=8
RUST_UIO: uio_fread requested=13 read=13
RUST_UIO: uio_fread requested=4 read=4
RUST_UIO: uio_fread requested=8 read=8
RUST_UIO: uio_fread requested=3 read=3
RUST_UIO: uio_fread requested=4 read=4
RUST_UIO: uio_fread requested=8 read=8
RUST_UIO: uio_fread requested=768 read=768
RUST_UIO: uio_fread requested=4 read=4
RUST_UIO: uio_fread requested=8 read=8
RUST_UIO: uio_fread requested=1 read=1
RUST_UIO: uio_fread requested=4 read=4
RUST_UIO: uio_fread requested=8 read=8
RUST_UIO: uio_fread requested=10 read=10
RUST_UIO: uio_fread requested=4 read=4
RUST_UIO: uio_fclose called
RUST_UIO: uio_fopen entry
RUST_UIO: uio_fopen called
RUST_UIO: uio_fopen path="/Users/runner/work/_temp/s4-command-evidence/bundle/run-0/payloads/native-window.acceptance/inputs/content/base/ships/chmmr/muzzle-sml-004.png" mode=rb
RUST_UIO: uio_fopen returning stream=0x600002d34f80
RUST_UIO: uio_fread requested=8 read=8
RUST_UIO: uio_fread requested=8 read=8
RUST_UIO: uio_fread requested=13 read=13
RUST_UIO: uio_fread requested=4 read=4
RUST_UIO: uio_fread requested=8 read=8
RUST_UIO: uio_fread requested=3 read=3
RUST_UIO: uio_fread requested=4 read=4
RUST_UIO: uio_fread requested=8 read=8
RUST_UIO: uio_fread requested=768 read=768
RUST_UIO: uio_fread requested=4 read=4
RUST_UIO: uio_fread requested=8 read=8
RUST_UIO: uio_fread requested=1 read=1
RUST_UIO: uio_fread requested=4 read=4
RUST_UIO: uio_fread requested=8 read=8
RUST_UIO: uio_fread requested=10 read=10
RUST_UIO: uio_fread requested=4 read=4
RUST_UIO: uio_fclose called
RUST_UIO: uio_fopen entry
RUST_UIO: uio_fopen called
RUST_UIO: uio_fopen path="/Users/runner/work/_temp/s4-command-evidence/bundle/run-0/payloads/native-window.acceptance/inputs/content/base/ships/chmmr/muzzle-sml-005.png" mode=rb
RUST_UIO: uio_fopen returning stream=0x600002d34f40
RUST_UIO: uio_fread requested=8 read=8
RUST_UIO: uio_fread requested=8 read=8
RUST_UIO: uio_fread requested=13 read=13
RUST_UIO: uio_fread requested=4 read=4
RUST_UIO: uio_fread requested=8 read=8
RUST_UIO: uio_fread requested=3 read=3
RUST_UIO: uio_fread requested=4 read=4
RUST_UIO: uio_fread requested=8 read=8
RUST_UIO: uio_fread requested=768 read=768
RUST_UIO: uio_fread requested=4 read=4
RUST_UIO: uio_fread requested=8 read=8
RUST_UIO: uio_fread requested=1 read=1
RUST_UIO: uio_fread requested=4 read=4
RUST_UIO: uio_fread requested=8 read=8
RUST_UIO: uio_fread requested=10 read=10
RUST_UIO: uio_fread requested=4 read=4
RUST_UIO: uio_fclose called
RUST_UIO: uio_fopen entry
RUST_UIO: uio_fopen called
RUST_UIO: uio_fopen path="/Users/runner/work/_temp/s4-command-evidence/bundle/run-0/payloads/native-window.acceptance/inputs/content/base/ships/chmmr/muzzle-sml-006.png" mode=rb
RUST_UIO: uio_fopen returning stream=0x600002d34f80
RUST_UIO: uio_fread requested=8 read=8
RUST_UIO: uio_fread requested=8 read=8
RUST_UIO: uio_fread requested=13 read=13
RUST_UIO: uio_fread requested=4 read=4
RUST_UIO: uio_fread requested=8 read=8
RUST_UIO: uio_fread requested=3 read=3
RUST_UIO: uio_fread requested=4 read=4
RUST_UIO: uio_fread requested=8 read=8
RUST_UIO: uio_fread requested=768 read=768
RUST_UIO: uio_fread requested=4 read=4
RUST_UIO: uio_fread requested=8 read=8
RUST_UIO: uio_fread requested=1 read=1
RUST_UIO: uio_fread requested=4 read=4
RUST_UIO: uio_fread requested=8 read=8
RUST_UIO: uio_fread requested=10 read=10
RUST_UIO: uio_fread requested=4 read=4
RUST_UIO: uio_fclose called
RUST_UIO: uio_fopen entry
RUST_UIO: uio_fopen called
RUST_UIO: uio_fopen path="/Users/runner/work/_temp/s4-command-evidence/bundle/run-0/payloads/native-window.acceptance/inputs/content/base/ships/chmmr/muzzle-sml-007.png" mode=rb
RUST_UIO: uio_fopen returning stream=0x600002d34f40
RUST_UIO: uio_fread requested=8 read=8
RUST_UIO: uio_fread requested=8 read=8
RUST_UIO: uio_fread requested=13 read=13
RUST_UIO: uio_fread requested=4 read=4
RUST_UIO: uio_fread requested=8 read=8
RUST_UIO: uio_fread requested=3 read=3
RUST_UIO: uio_fread requested=4 read=4
RUST_UIO: uio_fread requested=8 read=8
RUST_UIO: uio_fread requested=768 read=768
RUST_UIO: uio_fread requested=4 read=4
RUST_UIO: uio_fread requested=8 read=8
RUST_UIO: uio_fread requested=1 read=1
RUST_UIO: uio_fread requested=4 read=4
RUST_UIO: uio_fread requested=8 read=8
RUST_UIO: uio_fread requested=10 read=10
RUST_UIO: uio_fread requested=4 read=4
RUST_UIO: uio_fclose called
RUST_UIO: uio_fopen entry
RUST_UIO: uio_fopen called
RUST_UIO: uio_fopen path="/Users/runner/work/_temp/s4-command-evidence/bundle/run-0/payloads/native-window.acceptance/inputs/content/base/ships/chmmr/muzzle-sml-008.png" mode=rb
RUST_UIO: uio_fopen returning stream=0x600002d34f80
RUST_UIO: uio_fread requested=8 read=8
RUST_UIO: uio_fread requested=8 read=8
RUST_UIO: uio_fread requested=13 read=13
RUST_UIO: uio_fread requested=4 read=4
RUST_UIO: uio_fread requested=8 read=8
RUST_UIO: uio_fread requested=3 read=3
RUST_UIO: uio_fread requested=4 read=4
RUST_UIO: uio_fread requested=8 read=8
RUST_UIO: uio_fread requested=768 read=768
RUST_UIO: uio_fread requested=4 read=4
RUST_UIO: uio_fread requested=8 read=8
RUST_UIO: uio_fread requested=1 read=1
RUST_UIO: uio_fread requested=4 read=4
RUST_UIO: uio_fread requested=8 read=8
RUST_UIO: uio_fread requested=10 read=10
RUST_UIO: uio_fread requested=4 read=4
RUST_UIO: uio_fclose called
RUST_UIO: uio_fopen entry
RUST_UIO: uio_fopen called
RUST_UIO: uio_fopen path="/Users/runner/work/_temp/s4-command-evidence/bundle/run-0/payloads/native-window.acceptance/inputs/content/base/ships/chmmr/muzzle-sml-009.png" mode=rb
RUST_UIO: uio_fopen returning stream=0x600002d34f40
RUST_UIO: uio_fread requested=8 read=8
RUST_UIO: uio_fread requested=8 read=8
RUST_UIO: uio_fread requested=13 read=13
RUST_UIO: uio_fread requested=4 read=4
RUST_UIO: uio_fread requested=8 read=8
RUST_UIO: uio_fread requested=3 read=3
RUST_UIO: uio_fread requested=4 read=4
RUST_UIO: uio_fread requested=8 read=8
RUST_UIO: uio_fread requested=768 read=768
RUST_UIO: uio_fread requested=4 read=4
RUST_UIO: uio_fread requested=8 read=8
RUST_UIO: uio_fread requested=1 read=1
RUST_UIO: uio_fread requested=4 read=4
RUST_UIO: uio_fread requested=8 read=8
RUST_UIO: uio_fread requested=10 read=10
RUST_UIO: uio_fread requested=4 read=4
RUST_UIO: uio_fclose called
RUST_UIO: uio_fopen entry
RUST_UIO: uio_fopen called
RUST_UIO: uio_fopen path="/Users/runner/work/_temp/s4-command-evidence/bundle/run-0/payloads/native-window.acceptance/inputs/content/base/ships/chmmr/muzzle-sml-010.png" mode=rb
RUST_UIO: uio_fopen returning stream=0x600002d34f80
RUST_UIO: uio_fread requested=8 read=8
RUST_UIO: uio_fread requested=8 read=8
RUST_UIO: uio_fread requested=13 read=13
RUST_UIO: uio_fread requested=4 read=4
RUST_UIO: uio_fread requested=8 read=8
RUST_UIO: uio_fread requested=3 read=3
RUST_UIO: uio_fread requested=4 read=4
RUST_UIO: uio_fread requested=8 read=8
RUST_UIO: uio_fread requested=768 read=768
RUST_UIO: uio_fread requested=4 read=4
RUST_UIO: uio_fread requested=8 read=8
RUST_UIO: uio_fread requested=1 read=1
RUST_UIO: uio_fread requested=4 read=4
RUST_UIO: uio_fread requested=8 read=8
RUST_UIO: uio_fread requested=10 read=10
RUST_UIO: uio_fread requested=4 read=4
RUST_UIO: uio_fclose called
RUST_UIO: uio_fopen entry
RUST_UIO: uio_fopen called
RUST_UIO: uio_fopen path="/Users/runner/work/_temp/s4-command-evidence/bundle/run-0/payloads/native-window.acceptance/inputs/content/base/ships/chmmr/muzzle-sml-011.png" mode=rb
RUST_UIO: uio_fopen returning stream=0x600002d34f40
RUST_UIO: uio_fread requested=8 read=8
RUST_UIO: uio_fread requested=8 read=8
RUST_UIO: uio_fread requested=13 read=13
RUST_UIO: uio_fread requested=4 read=4
RUST_UIO: uio_fread requested=8 read=8
RUST_UIO: uio_fread requested=3 read=3
RUST_UIO: uio_fread requested=4 read=4
RUST_UIO: uio_fread requested=8 read=8
RUST_UIO: uio_fread requested=768 read=768
RUST_UIO: uio_fread requested=4 read=4
RUST_UIO: uio_fread requested=8 read=8
RUST_UIO: uio_fread requested=1 read=1
RUST_UIO: uio_fread requested=4 read=4
RUST_UIO: uio_fread requested=8 read=8
RUST_UIO: uio_fread requested=10 read=10
RUST_UIO: uio_fread requested=4 read=4
RUST_UIO: uio_fclose called
RUST_UIO: uio_fopen entry
RUST_UIO: uio_fopen called
RUST_UIO: uio_fopen path="/Users/runner/work/_temp/s4-command-evidence/bundle/run-0/payloads/native-window.acceptance/inputs/content/base/ships/chmmr/muzzle-sml-012.png" mode=rb
RUST_UIO: uio_fopen returning stream=0x600002d34f80
RUST_UIO: uio_fread requested=8 read=8
RUST_UIO: uio_fread requested=8 read=8
RUST_UIO: uio_fread requested=13 read=13
RUST_UIO: uio_fread requested=4 read=4
RUST_UIO: uio_fread requested=8 read=8
RUST_UIO: uio_fread requested=3 read=3
RUST_UIO: uio_fread requested=4 read=4
RUST_UIO: uio_fread requested=8 read=8
RUST_UIO: uio_fread requested=768 read=768
RUST_UIO: uio_fread requested=4 read=4
RUST_UIO: uio_fread requested=8 read=8
RUST_UIO: uio_fread requested=1 read=1
RUST_UIO: uio_fread requested=4 read=4
RUST_UIO: uio_fread requested=8 read=8
RUST_UIO: uio_fread requested=10 read=10
RUST_UIO: uio_fread requested=4 read=4
RUST_UIO: uio_fclose called
RUST_UIO: uio_fopen entry
RUST_UIO: uio_fopen called
RUST_UIO: uio_fopen path="/Users/runner/work/_temp/s4-command-evidence/bundle/run-0/payloads/native-window.acceptance/inputs/content/base/ships/chmmr/muzzle-sml-013.png" mode=rb
RUST_UIO: uio_fopen returning stream=0x600002d34f40
RUST_UIO: uio_fread requested=8 read=8
RUST_UIO: uio_fread requested=8 read=8
RUST_UIO: uio_fread requested=13 read=13
RUST_UIO: uio_fread requested=4 read=4
RUST_UIO: uio_fread requested=8 read=8
RUST_UIO: uio_fread requested=3 read=3
RUST_UIO: uio_fread requested=4 read=4
RUST_UIO: uio_fread requested=8 read=8
RUST_UIO: uio_fread requested=768 read=768
RUST_UIO: uio_fread requested=4 read=4
RUST_UIO: uio_fread requested=8 read=8
RUST_UIO: uio_fread requested=1 read=1
RUST_UIO: uio_fread requested=4 read=4
RUST_UIO: uio_fread requested=8 read=8
RUST_UIO: uio_fread requested=10 read=10
RUST_UIO: uio_fread requested=4 read=4
RUST_UIO: uio_fclose called
RUST_UIO: uio_fopen entry
RUST_UIO: uio_fopen called
RUST_UIO: uio_fopen path="/Users/runner/work/_temp/s4-command-evidence/bundle/run-0/payloads/native-window.acceptance/inputs/content/base/ships/chmmr/muzzle-sml-014.png" mode=rb
RUST_UIO: uio_fopen returning stream=0x600002d34f80
RUST_UIO: uio_fread requested=8 read=8
RUST_UIO: uio_fread requested=8 read=8
RUST_UIO: uio_fread requested=13 read=13
RUST_UIO: uio_fread requested=4 read=4
RUST_UIO: uio_fread requested=8 read=8
RUST_UIO: uio_fread requested=3 read=3
RUST_UIO: uio_fread requested=4 read=4
RUST_UIO: uio_fread requested=8 read=8
RUST_UIO: uio_fread requested=768 read=768
RUST_UIO: uio_fread requested=4 read=4
RUST_UIO: uio_fread requested=8 read=8
RUST_UIO: uio_fread requested=1 read=1
RUST_UIO: uio_fread requested=4 read=4
RUST_UIO: uio_fread requested=8 read=8
RUST_UIO: uio_fread requested=10 read=10
RUST_UIO: uio_fread requested=4 read=4
RUST_UIO: uio_fclose called
RUST_UIO: uio_fopen entry
RUST_UIO: uio_fopen called
RUST_UIO: uio_fopen path="/Users/runner/work/_temp/s4-command-evidence/bundle/run-0/payloads/native-window.acceptance/inputs/content/base/ships/chmmr/muzzle-sml-015.png" mode=rb
RUST_UIO: uio_fopen returning stream=0x600002d34f40
RUST_UIO: uio_fread requested=8 read=8
RUST_UIO: uio_fread requested=8 read=8
RUST_UIO: uio_fread requested=13 read=13
RUST_UIO: uio_fread requested=4 read=4
RUST_UIO: uio_fread requested=8 read=8
RUST_UIO: uio_fread requested=3 read=3
RUST_UIO: uio_fread requested=4 read=4
RUST_UIO: uio_fread requested=8 read=8
RUST_UIO: uio_fread requested=768 read=768
RUST_UIO: uio_fread requested=4 read=4
RUST_UIO: uio_fread requested=8 read=8
RUST_UIO: uio_fread requested=1 read=1
RUST_UIO: uio_fread requested=4 read=4
RUST_UIO: uio_fread requested=8 read=8
RUST_UIO: uio_fread requested=10 read=10
RUST_UIO: uio_fread requested=4 read=4
RUST_UIO: uio_fclose called
RUST_UIO: uio_fopen entry
RUST_UIO: uio_fopen called
RUST_UIO: uio_fopen path="/Users/runner/work/_temp/s4-command-evidence/bundle/run-0/payloads/native-window.acceptance/inputs/content/base/ships/chmmr/muzzle-sml-016.png" mode=rb
RUST_UIO: uio_fopen returning stream=0x600002d34f80
RUST_UIO: uio_fread requested=8 read=8
RUST_UIO: uio_fread requested=8 read=8
RUST_UIO: uio_fread requested=13 read=13
RUST_UIO: uio_fread requested=4 read=4
RUST_UIO: uio_fread requested=8 read=8
RUST_UIO: uio_fread requested=3 read=3
RUST_UIO: uio_fread requested=4 read=4
RUST_UIO: uio_fread requested=8 read=8
RUST_UIO: uio_fread requested=768 read=768
RUST_UIO: uio_fread requested=4 read=4
RUST_UIO: uio_fread requested=8 read=8
RUST_UIO: uio_fread requested=12 read=12
RUST_UIO: uio_fread requested=4 read=4
RUST_UIO: uio_fclose called
RUST_UIO: uio_fopen entry
RUST_UIO: uio_fopen called
RUST_UIO: uio_fopen path="/Users/runner/work/_temp/s4-command-evidence/bundle/run-0/payloads/native-window.acceptance/inputs/content/base/ships/chmmr/muzzle-sml-017.png" mode=rb
RUST_UIO: uio_fopen returning stream=0x600002d34f40
RUST_UIO: uio_fread requested=8 read=8
RUST_UIO: uio_fread requested=8 read=8
RUST_UIO: uio_fread requested=13 read=13
RUST_UIO: uio_fread requested=4 read=4
RUST_UIO: uio_fread requested=8 read=8
RUST_UIO: uio_fread requested=3 read=3
RUST_UIO: uio_fread requested=4 read=4
RUST_UIO: uio_fread requested=8 read=8
RUST_UIO: uio_fread requested=768 read=768
RUST_UIO: uio_fread requested=4 read=4
RUST_UIO: uio_fread requested=8 read=8
RUST_UIO: uio_fread requested=12 read=12
RUST_UIO: uio_fread requested=4 read=4
RUST_UIO: uio_fclose called
RUST_UIO: uio_fopen entry
RUST_UIO: uio_fopen called
RUST_UIO: uio_fopen path="/Users/runner/work/_temp/s4-command-evidence/bundle/run-0/payloads/native-window.acceptance/inputs/content/base/ships/chmmr/muzzle-sml-018.png" mode=rb
RUST_UIO: uio_fopen returning stream=0x600002d34f80
RUST_UIO: uio_fread requested=8 read=8
RUST_UIO: uio_fread requested=8 read=8
RUST_UIO: uio_fread requested=13 read=13
RUST_UIO: uio_fread requested=4 read=4
RUST_UIO: uio_fread requested=8 read=8
RUST_UIO: uio_fread requested=3 read=3
RUST_UIO: uio_fread requested=4 read=4
RUST_UIO: uio_fread requested=8 read=8
RUST_UIO: uio_fread requested=768 read=768
RUST_UIO: uio_fread requested=4 read=4
RUST_UIO: uio_fread requested=8 read=8
RUST_UIO: uio_fread requested=1 read=1
RUST_UIO: uio_fread requested=4 read=4
RUST_UIO: uio_fread requested=8 read=8
RUST_UIO: uio_fread requested=14 read=14
RUST_UIO: uio_fread requested=4 read=4
RUST_UIO: uio_fclose called
RUST_UIO: uio_fopen entry
RUST_UIO: uio_fopen called
RUST_UIO: uio_fopen path="/Users/runner/work/_temp/s4-command-evidence/bundle/run-0/payloads/native-window.acceptance/inputs/content/base/ships/chmmr/muzzle-sml-019.png" mode=rb
RUST_UIO: uio_fopen returning stream=0x600002d34f40
RUST_UIO: uio_fread requested=8 read=8
RUST_UIO: uio_fread requested=8 read=8
RUST_UIO: uio_fread requested=13 read=13
RUST_UIO: uio_fread requested=4 read=4
RUST_UIO: uio_fread requested=8 read=8
RUST_UIO: uio_fread requested=3 read=3
RUST_UIO: uio_fread requested=4 read=4
RUST_UIO: uio_fread requested=8 read=8
RUST_UIO: uio_fread requested=768 read=768
RUST_UIO: uio_fread requested=4 read=4
RUST_UIO: uio_fread requested=8 read=8
RUST_UIO: uio_fread requested=11 read=11
RUST_UIO: uio_fread requested=4 read=4
RUST_UIO: uio_fclose called
RUST_UIO: uio_fopen entry
RUST_UIO: uio_fopen called
RUST_UIO: uio_fopen path="/Users/runner/work/_temp/s4-command-evidence/bundle/run-0/payloads/native-window.acceptance/inputs/content/base/ships/chmmr/muzzle-sml-020.png" mode=rb
RUST_UIO: uio_fopen returning stream=0x600002d34f80
RUST_UIO: uio_fread requested=8 read=8
RUST_UIO: uio_fread requested=8 read=8
RUST_UIO: uio_fread requested=13 read=13
RUST_UIO: uio_fread requested=4 read=4
RUST_UIO: uio_fread requested=8 read=8
RUST_UIO: uio_fread requested=3 read=3
RUST_UIO: uio_fread requested=4 read=4
RUST_UIO: uio_fread requested=8 read=8
RUST_UIO: uio_fread requested=768 read=768
RUST_UIO: uio_fread requested=4 read=4
RUST_UIO: uio_fread requested=8 read=8
RUST_UIO: uio_fread requested=11 read=11
RUST_UIO: uio_fread requested=4 read=4
RUST_UIO: uio_fclose called
RUST_UIO: uio_fopen entry
RUST_UIO: uio_fopen called
RUST_UIO: uio_fopen path="/Users/runner/work/_temp/s4-command-evidence/bundle/run-0/payloads/native-window.acceptance/inputs/content/base/ships/chmmr/muzzle-sml-021.png" mode=rb
RUST_UIO: uio_fopen returning stream=0x600002d34f40
RUST_UIO: uio_fread requested=8 read=8
RUST_UIO: uio_fread requested=8 read=8
RUST_UIO: uio_fread requested=13 read=13
RUST_UIO: uio_fread requested=4 read=4
RUST_UIO: uio_fread requested=8 read=8
RUST_UIO: uio_fread requested=3 read=3
RUST_UIO: uio_fread requested=4 read=4
RUST_UIO: uio_fread requested=8 read=8
RUST_UIO: uio_fread requested=768 read=768
RUST_UIO: uio_fread requested=4 read=4
RUST_UIO: uio_fread requested=8 read=8
RUST_UIO: uio_fread requested=11 read=11
RUST_UIO: uio_fread requested=4 read=4
RUST_UIO: uio_fclose called
RUST_UIO: uio_fopen entry
RUST_UIO: uio_fopen called
RUST_UIO: uio_fopen path="/Users/runner/work/_temp/s4-command-evidence/bundle/run-0/payloads/native-window.acceptance/inputs/content/base/ships/chmmr/muzzle-sml-022.png" mode=rb
RUST_UIO: uio_fopen returning stream=0x600002d04b40
RUST_UIO: uio_fread requested=8 read=8
RUST_UIO: uio_fread requested=8 read=8
RUST_UIO: uio_fread requested=13 read=13
RUST_UIO: uio_fread requested=4 read=4
RUST_UIO: uio_fread requested=8 read=8
RUST_UIO: uio_fread requested=3 read=3
RUST_UIO: uio_fread requested=4 read=4
RUST_UIO: uio_fread requested=8 read=8
RUST_UIO: uio_fread requested=768 read=768
RUST_UIO: uio_fread requested=4 read=4
RUST_UIO: uio_fread requested=8 read=8
RUST_UIO: uio_fread requested=1 read=1
RUST_UIO: uio_fread requested=4 read=4
RUST_UIO: uio_fread requested=8 read=8
RUST_UIO: uio_fread requested=14 read=14
RUST_UIO: uio_fread requested=4 read=4
RUST_UIO: uio_fclose called
RUST_UIO: uio_fopen entry
RUST_UIO: uio_fopen called
RUST_UIO: uio_fopen path="/Users/runner/work/_temp/s4-command-evidence/bundle/run-0/payloads/native-window.acceptance/inputs/content/base/ships/chmmr/muzzle-sml-023.png" mode=rb
RUST_UIO: uio_fopen returning stream=0x600002d04b40
RUST_UIO: uio_fread requested=8 read=8
RUST_UIO: uio_fread requested=8 read=8
RUST_UIO: uio_fread requested=13 read=13
RUST_UIO: uio_fread requested=4 read=4
RUST_UIO: uio_fread requested=8 read=8
RUST_UIO: uio_fread requested=3 read=3
RUST_UIO: uio_fread requested=4 read=4
RUST_UIO: uio_fread requested=8 read=8
RUST_UIO: uio_fread requested=768 read=768
RUST_UIO: uio_fread requested=4 read=4
RUST_UIO: uio_fread requested=8 read=8
RUST_UIO: uio_fread requested=12 read=12
RUST_UIO: uio_fread requested=4 read=4
RUST_UIO: uio_fclose called
RUST_UIO: uio_fopen entry
RUST_UIO: uio_fopen called
RUST_UIO: uio_fopen path="/Users/runner/work/_temp/s4-command-evidence/bundle/run-0/payloads/native-window.acceptance/inputs/content/base/ships/chmmr/muzzle-sml-024.png" mode=rb
RUST_UIO: uio_fopen returning stream=0x600002d28100
RUST_UIO: uio_fread requested=8 read=8
RUST_UIO: uio_fread requested=8 read=8
RUST_UIO: uio_fread requested=13 read=13
RUST_UIO: uio_fread requested=4 read=4
RUST_UIO: uio_fread requested=8 read=8
RUST_UIO: uio_fread requested=3 read=3
RUST_UIO: uio_fread requested=4 read=4
RUST_UIO: uio_fread requested=8 read=8
RUST_UIO: uio_fread requested=768 read=768
RUST_UIO: uio_fread requested=4 read=4
RUST_UIO: uio_fread requested=8 read=8
RUST_UIO: uio_fread requested=12 read=12
RUST_UIO: uio_fread requested=4 read=4
RUST_UIO: uio_fclose called
RUST_UIO: uio_fopen entry
RUST_UIO: uio_fopen called
RUST_UIO: uio_fopen path="/Users/runner/work/_temp/s4-command-evidence/bundle/run-0/payloads/native-window.acceptance/inputs/content/base/ships/chmmr/muzzle-sml-025.png" mode=rb
RUST_UIO: uio_fopen returning stream=0x600002d280c0
RUST_UIO: uio_fread requested=8 read=8
RUST_UIO: uio_fread requested=8 read=8
RUST_UIO: uio_fread requested=13 read=13
RUST_UIO: uio_fread requested=4 read=4
RUST_UIO: uio_fread requested=8 read=8
RUST_UIO: uio_fread requested=3 read=3
RUST_UIO: uio_fread requested=4 read=4
RUST_UIO: uio_fread requested=8 read=8
RUST_UIO: uio_fread requested=768 read=768
RUST_UIO: uio_fread requested=4 read=4
RUST_UIO: uio_fread requested=8 read=8
RUST_UIO: uio_fread requested=12 read=12
RUST_UIO: uio_fread requested=4 read=4
RUST_UIO: uio_fclose called
RUST_UIO: uio_fopen entry
RUST_UIO: uio_fopen called
RUST_UIO: uio_fopen path="/Users/runner/work/_temp/s4-command-evidence/bundle/run-0/payloads/native-window.acceptance/inputs/content/base/ships/chmmr/muzzle-sml-026.png" mode=rb
RUST_UIO: uio_fopen returning stream=0x600002d28100
RUST_UIO: uio_fread requested=8 read=8
RUST_UIO: uio_fread requested=8 read=8
RUST_UIO: uio_fread requested=13 read=13
RUST_UIO: uio_fread requested=4 read=4
RUST_UIO: uio_fread requested=8 read=8
RUST_UIO: uio_fread requested=3 read=3
RUST_UIO: uio_fread requested=4 read=4
RUST_UIO: uio_fread requested=8 read=8
RUST_UIO: uio_fread requested=768 read=768
RUST_UIO: uio_fread requested=4 read=4
RUST_UIO: uio_fread requested=8 read=8
RUST_UIO: uio_fread requested=1 read=1
RUST_UIO: uio_fread requested=4 read=4
RUST_UIO: uio_fread requested=8 read=8
RUST_UIO: uio_fread requested=14 read=14
RUST_UIO: uio_fread requested=4 read=4
RUST_UIO: uio_fclose called
RUST_UIO: uio_fopen entry
RUST_UIO: uio_fopen called
RUST_UIO: uio_fopen path="/Users/runner/work/_temp/s4-command-evidence/bundle/run-0/payloads/native-window.acceptance/inputs/content/base/ships/chmmr/muzzle-sml-027.png" mode=rb
RUST_UIO: uio_fopen returning stream=0x600002d280c0
RUST_UIO: uio_fread requested=8 read=8
RUST_UIO: uio_fread requested=8 read=8
RUST_UIO: uio_fread requested=13 read=13
RUST_UIO: uio_fread requested=4 read=4
RUST_UIO: uio_fread requested=8 read=8
RUST_UIO: uio_fread requested=3 read=3
RUST_UIO: uio_fread requested=4 read=4
RUST_UIO: uio_fread requested=8 read=8
RUST_UIO: uio_fread requested=768 read=768
RUST_UIO: uio_fread requested=4 read=4
RUST_UIO: uio_fread requested=8 read=8
RUST_UIO: uio_fread requested=11 read=11
RUST_UIO: uio_fread requested=4 read=4
RUST_UIO: uio_fclose called
RUST_UIO: uio_fopen entry
RUST_UIO: uio_fopen called
RUST_UIO: uio_fopen path="/Users/runner/work/_temp/s4-command-evidence/bundle/run-0/payloads/native-window.acceptance/inputs/content/base/ships/chmmr/muzzle-sml-028.png" mode=rb
RUST_UIO: uio_fopen returning stream=0x600002d28100
RUST_UIO: uio_fread requested=8 read=8
RUST_UIO: uio_fread requested=8 read=8
RUST_UIO: uio_fread requested=13 read=13
RUST_UIO: uio_fread requested=4 read=4
RUST_UIO: uio_fread requested=8 read=8
RUST_UIO: uio_fread requested=3 read=3
RUST_UIO: uio_fread requested=4 read=4
RUST_UIO: uio_fread requested=8 read=8
RUST_UIO: uio_fread requested=768 read=768
RUST_UIO: uio_fread requested=4 read=4
RUST_UIO: uio_fread requested=8 read=8
RUST_UIO: uio_fread requested=11 read=11
RUST_UIO: uio_fread requested=4 read=4
RUST_UIO: uio_fclose called
RUST_UIO: uio_fopen entry
RUST_UIO: uio_fopen called
RUST_UIO: uio_fopen path="/Users/runner/work/_temp/s4-command-evidence/bundle/run-0/payloads/native-window.acceptance/inputs/content/base/ships/chmmr/muzzle-sml-029.png" mode=rb
RUST_UIO: uio_fopen returning stream=0x600002d280c0
RUST_UIO: uio_fread requested=8 read=8
RUST_UIO: uio_fread requested=8 read=8
RUST_UIO: uio_fread requested=13 read=13
RUST_UIO: uio_fread requested=4 read=4
RUST_UIO: uio_fread requested=8 read=8
RUST_UIO: uio_fread requested=3 read=3
RUST_UIO: uio_fread requested=4 read=4
RUST_UIO: uio_fread requested=8 read=8
RUST_UIO: uio_fread requested=768 read=768
RUST_UIO: uio_fread requested=4 read=4
RUST_UIO: uio_fread requested=8 read=8
RUST_UIO: uio_fread requested=11 read=11
RUST_UIO: uio_fread requested=4 read=4
RUST_UIO: uio_fclose called
RUST_UIO: uio_fopen entry
RUST_UIO: uio_fopen called
RUST_UIO: uio_fopen path="/Users/runner/work/_temp/s4-command-evidence/bundle/run-0/payloads/native-window.acceptance/inputs/content/base/ships/chmmr/muzzle-sml-030.png" mode=rb
RUST_UIO: uio_fopen returning stream=0x600002d28100
RUST_UIO: uio_fread requested=8 read=8
RUST_UIO: uio_fread requested=8 read=8
RUST_UIO: uio_fread requested=13 read=13
RUST_UIO: uio_fread requested=4 read=4
RUST_UIO: uio_fread requested=8 read=8
RUST_UIO: uio_fread requested=3 read=3
RUST_UIO: uio_fread requested=4 read=4
RUST_UIO: uio_fread requested=8 read=8
RUST_UIO: uio_fread requested=768 read=768
RUST_UIO: uio_fread requested=4 read=4
RUST_UIO: uio_fread requested=8 read=8
RUST_UIO: uio_fread requested=1 read=1
RUST_UIO: uio_fread requested=4 read=4
RUST_UIO: uio_fread requested=8 read=8
RUST_UIO: uio_fread requested=14 read=14
RUST_UIO: uio_fread requested=4 read=4
RUST_UIO: uio_fclose called
RUST_UIO: uio_fopen entry
RUST_UIO: uio_fopen called
RUST_UIO: uio_fopen path="/Users/runner/work/_temp/s4-command-evidence/bundle/run-0/payloads/native-window.acceptance/inputs/content/base/ships/chmmr/muzzle-sml-031.png" mode=rb
RUST_UIO: uio_fopen returning stream=0x600002d280c0
RUST_UIO: uio_fread requested=8 read=8
RUST_UIO: uio_fread requested=8 read=8
RUST_UIO: uio_fread requested=13 read=13
RUST_UIO: uio_fread requested=4 read=4
RUST_UIO: uio_fread requested=8 read=8
RUST_UIO: uio_fread requested=3 read=3
RUST_UIO: uio_fread requested=4 read=4
RUST_UIO: uio_fread requested=8 read=8
RUST_UIO: uio_fread requested=768 read=768
RUST_UIO: uio_fread requested=4 read=4
RUST_UIO: uio_fread requested=8 read=8
RUST_UIO: uio_fread requested=12 read=12
RUST_UIO: uio_fread requested=4 read=4
RUST_UIO: uio_fclose called
RUST_UIO: uio_fopen entry
RUST_UIO: uio_fopen called
RUST_UIO: uio_fopen path="/Users/runner/work/_temp/s4-command-evidence/bundle/run-0/payloads/native-window.acceptance/inputs/content/base/ships/chmmr/muzzle-sml-032.png" mode=rb
RUST_UIO: uio_fopen returning stream=0x600002d28100
RUST_UIO: uio_fread requested=8 read=8
RUST_UIO: uio_fread requested=8 read=8
RUST_UIO: uio_fread requested=13 read=13
RUST_UIO: uio_fread requested=4 read=4
RUST_UIO: uio_fread requested=8 read=8
RUST_UIO: uio_fread requested=3 read=3
RUST_UIO: uio_fread requested=4 read=4
RUST_UIO: uio_fread requested=8 read=8
RUST_UIO: uio_fread requested=768 read=768
RUST_UIO: uio_fread requested=4 read=4
RUST_UIO: uio_fread requested=8 read=8
RUST_UIO: uio_fread requested=1 read=1
RUST_UIO: uio_fread requested=4 read=4
RUST_UIO: uio_fread requested=8 read=8
RUST_UIO: uio_fread requested=17 read=17
RUST_UIO: uio_fread requested=4 read=4
RUST_UIO: uio_fclose called
RUST_UIO: uio_fopen entry
RUST_UIO: uio_fopen called
RUST_UIO: uio_fopen path="/Users/runner/work/_temp/s4-command-evidence/bundle/run-0/payloads/native-window.acceptance/inputs/content/base/ships/chmmr/muzzle-sml-033.png" mode=rb
RUST_UIO: uio_fopen returning stream=0x600002d280c0
RUST_UIO: uio_fread requested=8 read=8
RUST_UIO: uio_fread requested=8 read=8
RUST_UIO: uio_fread requested=13 read=13
RUST_UIO: uio_fread requested=4 read=4
RUST_UIO: uio_fread requested=8 read=8
RUST_UIO: uio_fread requested=3 read=3
RUST_UIO: uio_fread requested=4 read=4
RUST_UIO: uio_fread requested=8 read=8
RUST_UIO: uio_fread requested=768 read=768
RUST_UIO: uio_fread requested=4 read=4
RUST_UIO: uio_fread requested=8 read=8
RUST_UIO: uio_fread requested=1 read=1
RUST_UIO: uio_fread requested=4 read=4
RUST_UIO: uio_fread requested=8 read=8
RUST_UIO: uio_fread requested=22 read=22
RUST_UIO: uio_fread requested=4 read=4
RUST_UIO: uio_fclose called
RUST_UIO: uio_fopen entry
RUST_UIO: uio_fopen called
RUST_UIO: uio_fopen path="/Users/runner/work/_temp/s4-command-evidence/bundle/run-0/payloads/native-window.acceptance/inputs/content/base/ships/chmmr/muzzle-sml-034.png" mode=rb
RUST_UIO: uio_fopen returning stream=0x600002d28100
RUST_UIO: uio_fread requested=8 read=8
RUST_UIO: uio_fread requested=8 read=8
RUST_UIO: uio_fread requested=13 read=13
RUST_UIO: uio_fread requested=4 read=4
RUST_UIO: uio_fread requested=8 read=8
RUST_UIO: uio_fread requested=3 read=3
RUST_UIO: uio_fread requested=4 read=4
RUST_UIO: uio_fread requested=8 read=8
RUST_UIO: uio_fread requested=768 read=768
RUST_UIO: uio_fread requested=4 read=4
RUST_UIO: uio_fread requested=8 read=8
RUST_UIO: uio_fread requested=1 read=1
RUST_UIO: uio_fread requested=4 read=4
RUST_UIO: uio_fread requested=8 read=8
RUST_UIO: uio_fread requested=23 read=23
RUST_UIO: uio_fread requested=4 read=4
RUST_UIO: uio_fclose called
RUST_UIO: uio_fopen entry
RUST_UIO: uio_fopen called
RUST_UIO: uio_fopen path="/Users/runner/work/_temp/s4-command-evidence/bundle/run-0/payloads/native-window.acceptance/inputs/content/base/ships/chmmr/muzzle-sml-035.png" mode=rb
RUST_UIO: uio_fopen returning stream=0x600002d280c0
RUST_UIO: uio_fread requested=8 read=8
RUST_UIO: uio_fread requested=8 read=8
RUST_UIO: uio_fread requested=13 read=13
RUST_UIO: uio_fread requested=4 read=4
RUST_UIO: uio_fread requested=8 read=8
RUST_UIO: uio_fread requested=3 read=3
RUST_UIO: uio_fread requested=4 read=4
RUST_UIO: uio_fread requested=8 read=8
RUST_UIO: uio_fread requested=768 read=768
RUST_UIO: uio_fread requested=4 read=4
RUST_UIO: uio_fread requested=8 read=8
RUST_UIO: uio_fread requested=1 read=1
RUST_UIO: uio_fread requested=4 read=4
RUST_UIO: uio_fread requested=8 read=8
RUST_UIO: uio_fread requested=29 read=29
RUST_UIO: uio_fread requested=4 read=4
RUST_UIO: uio_fclose called
RUST_UIO: uio_fopen entry
RUST_UIO: uio_fopen called
RUST_UIO: uio_fopen path="/Users/runner/work/_temp/s4-command-evidence/bundle/run-0/payloads/native-window.acceptance/inputs/content/base/ships/chmmr/muzzle-sml-036.png" mode=rb
RUST_UIO: uio_fopen returning stream=0x600002d28100
RUST_UIO: uio_fread requested=8 read=8
RUST_UIO: uio_fread requested=8 read=8
RUST_UIO: uio_fread requested=13 read=13
RUST_UIO: uio_fread requested=4 read=4
RUST_UIO: uio_fread requested=8 read=8
RUST_UIO: uio_fread requested=3 read=3
RUST_UIO: uio_fread requested=4 read=4
RUST_UIO: uio_fread requested=8 read=8
RUST_UIO: uio_fread requested=768 read=768
RUST_UIO: uio_fread requested=4 read=4
RUST_UIO: uio_fread requested=8 read=8
RUST_UIO: uio_fread requested=1 read=1
RUST_UIO: uio_fread requested=4 read=4
RUST_UIO: uio_fread requested=8 read=8
RUST_UIO: uio_fread requested=33 read=33
RUST_UIO: uio_fread requested=4 read=4
RUST_UIO: uio_fclose called
RUST_UIO: uio_fopen entry
RUST_UIO: uio_fopen called
RUST_UIO: uio_fopen path="/Users/runner/work/_temp/s4-command-evidence/bundle/run-0/payloads/native-window.acceptance/inputs/content/base/ships/chmmr/muzzle-sml-037.png" mode=rb
RUST_UIO: uio_fopen returning stream=0x600002d280c0
RUST_UIO: uio_fread requested=8 read=8
RUST_UIO: uio_fread requested=8 read=8
RUST_UIO: uio_fread requested=13 read=13
RUST_UIO: uio_fread requested=4 read=4
RUST_UIO: uio_fread requested=8 read=8
RUST_UIO: uio_fread requested=3 read=3
RUST_UIO: uio_fread requested=4 read=4
RUST_UIO: uio_fread requested=8 read=8
RUST_UIO: uio_fread requested=768 read=768
RUST_UIO: uio_fread requested=4 read=4
RUST_UIO: uio_fread requested=8 read=8
RUST_UIO: uio_fread requested=1 read=1
RUST_UIO: uio_fread requested=4 read=4
RUST_UIO: uio_fread requested=8 read=8
RUST_UIO: uio_fread requested=29 read=29
RUST_UIO: uio_fread requested=4 read=4
RUST_UIO: uio_fclose called
RUST_UIO: uio_fopen entry
RUST_UIO: uio_fopen called
RUST_UIO: uio_fopen path="/Users/runner/work/_temp/s4-command-evidence/bundle/run-0/payloads/native-window.acceptance/inputs/content/base/ships/chmmr/muzzle-sml-038.png" mode=rb
RUST_UIO: uio_fopen returning stream=0x600002d28100
RUST_UIO: uio_fread requested=8 read=8
RUST_UIO: uio_fread requested=8 read=8
RUST_UIO: uio_fread requested=13 read=13
RUST_UIO: uio_fread requested=4 read=4
RUST_UIO: uio_fread requested=8 read=8
RUST_UIO: uio_fread requested=3 read=3
RUST_UIO: uio_fread requested=4 read=4
RUST_UIO: uio_fread requested=8 read=8
RUST_UIO: uio_fread requested=768 read=768
RUST_UIO: uio_fread requested=4 read=4
RUST_UIO: uio_fread requested=8 read=8
RUST_UIO: uio_fread requested=1 read=1
RUST_UIO: uio_fread requested=4 read=4
RUST_UIO: uio_fread requested=8 read=8
RUST_UIO: uio_fread requested=23 read=23
RUST_UIO: uio_fread requested=4 read=4
RUST_UIO: uio_fclose called
RUST_UIO: uio_fopen entry
RUST_UIO: uio_fopen called
RUST_UIO: uio_fopen path="/Users/runner/work/_temp/s4-command-evidence/bundle/run-0/payloads/native-window.acceptance/inputs/content/base/ships/chmmr/muzzle-sml-039.png" mode=rb
RUST_UIO: uio_fopen returning stream=0x600002d280c0
RUST_UIO: uio_fread requested=8 read=8
RUST_UIO: uio_fread requested=8 read=8
RUST_UIO: uio_fread requested=13 read=13
RUST_UIO: uio_fread requested=4 read=4
RUST_UIO: uio_fread requested=8 read=8
RUST_UIO: uio_fread requested=3 read=3
RUST_UIO: uio_fread requested=4 read=4
RUST_UIO: uio_fread requested=8 read=8
RUST_UIO: uio_fread requested=768 read=768
RUST_UIO: uio_fread requested=4 read=4
RUST_UIO: uio_fread requested=8 read=8
RUST_UIO: uio_fread requested=1 read=1
RUST_UIO: uio_fread requested=4 read=4
RUST_UIO: uio_fread requested=8 read=8
RUST_UIO: uio_fread requested=19 read=19
RUST_UIO: uio_fread requested=4 read=4
RUST_UIO: uio_fclose called
RUST_UIO: uio_fopen entry
RUST_UIO: uio_fopen called
RUST_UIO: uio_fopen path="/Users/runner/work/_temp/s4-command-evidence/bundle/run-0/payloads/native-window.acceptance/inputs/content/base/ships/chmmr/muzzle-sml-040.png" mode=rb
RUST_UIO: uio_fopen returning stream=0x600002d28100
RUST_UIO: uio_fread requested=8 read=8
RUST_UIO: uio_fread requested=8 read=8
RUST_UIO: uio_fread requested=13 read=13
RUST_UIO: uio_fread requested=4 read=4
RUST_UIO: uio_fread requested=8 read=8
RUST_UIO: uio_fread requested=3 read=3
RUST_UIO: uio_fread requested=4 read=4
RUST_UIO: uio_fread requested=8 read=8
RUST_UIO: uio_fread requested=768 read=768
RUST_UIO: uio_fread requested=4 read=4
RUST_UIO: uio_fread requested=8 read=8
RUST_UIO: uio_fread requested=1 read=1
RUST_UIO: uio_fread requested=4 read=4
RUST_UIO: uio_fread requested=8 read=8
RUST_UIO: uio_fread requested=13 read=13
RUST_UIO: uio_fread requested=4 read=4
RUST_UIO: uio_fclose called
RUST_UIO: uio_fclose called
RUST_UIO: uio_stat called
RUST_UIO: uio_fopen entry
RUST_UIO: uio_fopen called
RUST_UIO: uio_fopen path="/Users/runner/work/_temp/s4-command-evidence/bundle/run-0/payloads/native-window.acceptance/inputs/content/base/ships/chmmr/satellite-big.ani" mode=rb
RUST_UIO: uio_fopen returning stream=0x600002d280c0
RUST_UIO: uio_fread requested=4 read=4
RUST_UIO: uio_fopen entry
RUST_UIO: uio_fopen called
RUST_UIO: uio_fopen path="/Users/runner/work/_temp/s4-command-evidence/bundle/run-0/payloads/native-window.acceptance/inputs/content/base/ships/chmmr/satellite-big-000.png" mode=rb
RUST_UIO: uio_fopen returning stream=0x600002d28f00
RUST_UIO: uio_fread requested=8 read=8
RUST_UIO: uio_fread requested=8 read=8
RUST_UIO: uio_fread requested=13 read=13
RUST_UIO: uio_fread requested=4 read=4
RUST_UIO: uio_fread requested=8 read=8
RUST_UIO: uio_fread requested=3 read=3
RUST_UIO: uio_fread requested=4 read=4
RUST_UIO: uio_fread requested=8 read=8
RUST_UIO: uio_fread requested=768 read=768
RUST_UIO: uio_fread requested=4 read=4
RUST_UIO: uio_fread requested=8 read=8
RUST_UIO: uio_fread requested=1 read=1
RUST_UIO: uio_fread requested=4 read=4
RUST_UIO: uio_fread requested=8 read=8
RUST_UIO: uio_fread requested=110 read=110
RUST_UIO: uio_fread requested=4 read=4
RUST_UIO: uio_fclose called
RUST_UIO: uio_fopen entry
RUST_UIO: uio_fopen called
RUST_UIO: uio_fopen path="/Users/runner/work/_temp/s4-command-evidence/bundle/run-0/payloads/native-window.acceptance/inputs/content/base/ships/chmmr/satellite-big-001.png" mode=rb
RUST_UIO: uio_fopen returning stream=0x600002d28b00
RUST_UIO: uio_fread requested=8 read=8
RUST_UIO: uio_fread requested=8 read=8
RUST_UIO: uio_fread requested=13 read=13
RUST_UIO: uio_fread requested=4 read=4
RUST_UIO: uio_fread requested=8 read=8
RUST_UIO: uio_fread requested=3 read=3
RUST_UIO: uio_fread requested=4 read=4
RUST_UIO: uio_fread requested=8 read=8
RUST_UIO: uio_fread requested=768 read=768
RUST_UIO: uio_fread requested=4 read=4
RUST_UIO: uio_fread requested=8 read=8
RUST_UIO: uio_fread requested=1 read=1
RUST_UIO: uio_fread requested=4 read=4
RUST_UIO: uio_fread requested=8 read=8
RUST_UIO: uio_fread requested=110 read=110
RUST_UIO: uio_fread requested=4 read=4
RUST_UIO: uio_fclose called
RUST_UIO: uio_fopen entry
RUST_UIO: uio_fopen called
RUST_UIO: uio_fopen path="/Users/runner/work/_temp/s4-command-evidence/bundle/run-0/payloads/native-window.acceptance/inputs/content/base/ships/chmmr/satellite-big-002.png" mode=rb
RUST_UIO: uio_fopen returning stream=0x600002d28f00
RUST_UIO: uio_fread requested=8 read=8
RUST_UIO: uio_fread requested=8 read=8
RUST_UIO: uio_fread requested=13 read=13
RUST_UIO: uio_fread requested=4 read=4
RUST_UIO: uio_fread requested=8 read=8
RUST_UIO: uio_fread requested=3 read=3
RUST_UIO: uio_fread requested=4 read=4
RUST_UIO: uio_fread requested=8 read=8
RUST_UIO: uio_fread requested=768 read=768
RUST_UIO: uio_fread requested=4 read=4
RUST_UIO: uio_fread requested=8 read=8
RUST_UIO: uio_fread requested=1 read=1
RUST_UIO: uio_fread requested=4 read=4
RUST_UIO: uio_fread requested=8 read=8
RUST_UIO: uio_fread requested=95 read=95
RUST_UIO: uio_fread requested=4 read=4
RUST_UIO: uio_fclose called
RUST_UIO: uio_fopen entry
RUST_UIO: uio_fopen called
RUST_UIO: uio_fopen path="/Users/runner/work/_temp/s4-command-evidence/bundle/run-0/payloads/native-window.acceptance/inputs/content/base/ships/chmmr/satellite-big-003.png" mode=rb
RUST_UIO: uio_fopen returning stream=0x600002d28b00
RUST_UIO: uio_fread requested=8 read=8
RUST_UIO: uio_fread requested=8 read=8
RUST_UIO: uio_fread requested=13 read=13
RUST_UIO: uio_fread requested=4 read=4
RUST_UIO: uio_fread requested=8 read=8
RUST_UIO: uio_fread requested=3 read=3
RUST_UIO: uio_fread requested=4 read=4
RUST_UIO: uio_fread requested=8 read=8
RUST_UIO: uio_fread requested=768 read=768
RUST_UIO: uio_fread requested=4 read=4
RUST_UIO: uio_fread requested=8 read=8
RUST_UIO: uio_fread requested=1 read=1
RUST_UIO: uio_fread requested=4 read=4
RUST_UIO: uio_fread requested=8 read=8
RUST_UIO: uio_fread requested=76 read=76
RUST_UIO: uio_fread requested=4 read=4
RUST_UIO: uio_fclose called
RUST_UIO: uio_fopen entry
RUST_UIO: uio_fopen called
RUST_UIO: uio_fopen path="/Users/runner/work/_temp/s4-command-evidence/bundle/run-0/payloads/native-window.acceptance/inputs/content/base/ships/chmmr/satellite-big-004.png" mode=rb
RUST_UIO: uio_fopen returning stream=0x600002d28f00
RUST_UIO: uio_fread requested=8 read=8
RUST_UIO: uio_fread requested=8 read=8
RUST_UIO: uio_fread requested=13 read=13
RUST_UIO: uio_fread requested=4 read=4
RUST_UIO: uio_fread requested=8 read=8
RUST_UIO: uio_fread requested=3 read=3
RUST_UIO: uio_fread requested=4 read=4
RUST_UIO: uio_fread requested=8 read=8
RUST_UIO: uio_fread requested=768 read=768
RUST_UIO: uio_fread requested=4 read=4
RUST_UIO: uio_fread requested=8 read=8
RUST_UIO: uio_fread requested=1 read=1
RUST_UIO: uio_fread requested=4 read=4
RUST_UIO: uio_fread requested=8 read=8
RUST_UIO: uio_fread requested=70 read=70
RUST_UIO: uio_fread requested=4 read=4
RUST_UIO: uio_fclose called
RUST_UIO: uio_fopen entry
RUST_UIO: uio_fopen called
RUST_UIO: uio_fopen path="/Users/runner/work/_temp/s4-command-evidence/bundle/run-0/payloads/native-window.acceptance/inputs/content/base/ships/chmmr/satellite-big-005.png" mode=rb
RUST_UIO: uio_fopen returning stream=0x600002d28b00
RUST_UIO: uio_fread requested=8 read=8
RUST_UIO: uio_fread requested=8 read=8
RUST_UIO: uio_fread requested=13 read=13
RUST_UIO: uio_fread requested=4 read=4
RUST_UIO: uio_fread requested=8 read=8
RUST_UIO: uio_fread requested=3 read=3
RUST_UIO: uio_fread requested=4 read=4
RUST_UIO: uio_fread requested=8 read=8
RUST_UIO: uio_fread requested=768 read=768
RUST_UIO: uio_fread requested=4 read=4
RUST_UIO: uio_fread requested=8 read=8
RUST_UIO: uio_fread requested=1 read=1
RUST_UIO: uio_fread requested=4 read=4
RUST_UIO: uio_fread requested=8 read=8
RUST_UIO: uio_fread requested=76 read=76
RUST_UIO: uio_fread requested=4 read=4
RUST_UIO: uio_fclose called
RUST_UIO: uio_fopen entry
RUST_UIO: uio_fopen called
RUST_UIO: uio_fopen path="/Users/runner/work/_temp/s4-command-evidence/bundle/run-0/payloads/native-window.acceptance/inputs/content/base/ships/chmmr/satellite-big-006.png" mode=rb
RUST_UIO: uio_fopen returning stream=0x600002d28f00
RUST_UIO: uio_fread requested=8 read=8
RUST_UIO: uio_fread requested=8 read=8
RUST_UIO: uio_fread requested=13 read=13
RUST_UIO: uio_fread requested=4 read=4
RUST_UIO: uio_fread requested=8 read=8
RUST_UIO: uio_fread requested=3 read=3
RUST_UIO: uio_fread requested=4 read=4
RUST_UIO: uio_fread requested=8 read=8
RUST_UIO: uio_fread requested=768 read=768
RUST_UIO: uio_fread requested=4 read=4
RUST_UIO: uio_fread requested=8 read=8
RUST_UIO: uio_fread requested=1 read=1
RUST_UIO: uio_fread requested=4 read=4
RUST_UIO: uio_fread requested=8 read=8
RUST_UIO: uio_fread requested=95 read=95
RUST_UIO: uio_fread requested=4 read=4
RUST_UIO: uio_fclose called
RUST_UIO: uio_fopen entry
RUST_UIO: uio_fopen called
RUST_UIO: uio_fopen path="/Users/runner/work/_temp/s4-command-evidence/bundle/run-0/payloads/native-window.acceptance/inputs/content/base/ships/chmmr/satellite-big-007.png" mode=rb
RUST_UIO: uio_fopen returning stream=0x600002d28b00
RUST_UIO: uio_fread requested=8 read=8
RUST_UIO: uio_fread requested=8 read=8
RUST_UIO: uio_fread requested=13 read=13
RUST_UIO: uio_fread requested=4 read=4
RUST_UIO: uio_fread requested=8 read=8
RUST_UIO: uio_fread requested=3 read=3
RUST_UIO: uio_fread requested=4 read=4
RUST_UIO: uio_fread requested=8 read=8
RUST_UIO: uio_fread requested=768 read=768
RUST_UIO: uio_fread requested=4 read=4
RUST_UIO: uio_fread requested=8 read=8
RUST_UIO: uio_fread requested=1 read=1
RUST_UIO: uio_fread requested=4 read=4
RUST_UIO: uio_fread requested=8 read=8
RUST_UIO: uio_fread requested=105 read=105
RUST_UIO: uio_fread requested=4 read=4
RUST_UIO: uio_fclose called
RUST_UIO: uio_fclose called
RUST_UIO: uio_stat called
RUST_UIO: uio_fopen entry
RUST_UIO: uio_fopen called
RUST_UIO: uio_fopen path="/Users/runner/work/_temp/s4-command-evidence/bundle/run-0/payloads/native-window.acceptance/inputs/content/base/ships/chmmr/satellite-med.ani" mode=rb
RUST_UIO: uio_fopen returning stream=0x600002d28100
RUST_UIO: uio_fread requested=4 read=4
RUST_UIO: uio_fopen entry
RUST_UIO: uio_fopen called
RUST_UIO: uio_fopen path="/Users/runner/work/_temp/s4-command-evidence/bundle/run-0/payloads/native-window.acceptance/inputs/content/base/ships/chmmr/satellite-med-000.png" mode=rb
RUST_UIO: uio_fopen returning stream=0x600002d28f00
RUST_UIO: uio_fread requested=8 read=8
RUST_UIO: uio_fread requested=8 read=8
RUST_UIO: uio_fread requested=13 read=13
RUST_UIO: uio_fread requested=4 read=4
RUST_UIO: uio_fread requested=8 read=8
RUST_UIO: uio_fread requested=3 read=3
RUST_UIO: uio_fread requested=4 read=4
RUST_UIO: uio_fread requested=8 read=8
RUST_UIO: uio_fread requested=768 read=768
RUST_UIO: uio_fread requested=4 read=4
RUST_UIO: uio_fread requested=8 read=8
RUST_UIO: uio_fread requested=1 read=1
RUST_UIO: uio_fread requested=4 read=4
RUST_UIO: uio_fread requested=8 read=8
RUST_UIO: uio_fread requested=57 read=57
RUST_UIO: uio_fread requested=4 read=4
RUST_UIO: uio_fclose called
RUST_UIO: uio_fopen entry
RUST_UIO: uio_fopen called
RUST_UIO: uio_fopen path="/Users/runner/work/_temp/s4-command-evidence/bundle/run-0/payloads/native-window.acceptance/inputs/content/base/ships/chmmr/satellite-med-001.png" mode=rb
RUST_UIO: uio_fopen returning stream=0x600002d28b00
RUST_UIO: uio_fread requested=8 read=8
RUST_UIO: uio_fread requested=8 read=8
RUST_UIO: uio_fread requested=13 read=13
RUST_UIO: uio_fread requested=4 read=4
RUST_UIO: uio_fread requested=8 read=8
RUST_UIO: uio_fread requested=3 read=3
RUST_UIO: uio_fread requested=4 read=4
RUST_UIO: uio_fread requested=8 read=8
RUST_UIO: uio_fread requested=768 read=768
RUST_UIO: uio_fread requested=4 read=4
RUST_UIO: uio_fread requested=8 read=8
RUST_UIO: uio_fread requested=1 read=1
RUST_UIO: uio_fread requested=4 read=4
RUST_UIO: uio_fread requested=8 read=8
RUST_UIO: uio_fread requested=59 read=59
RUST_UIO: uio_fread requested=4 read=4
RUST_UIO: uio_fclose called
RUST_UIO: uio_fopen entry
RUST_UIO: uio_fopen called
RUST_UIO: uio_fopen path="/Users/runner/work/_temp/s4-command-evidence/bundle/run-0/payloads/native-window.acceptance/inputs/content/base/ships/chmmr/satellite-med-002.png" mode=rb
RUST_UIO: uio_fopen returning stream=0x600002d28f00
RUST_UIO: uio_fread requested=8 read=8
RUST_UIO: uio_fread requested=8 read=8
RUST_UIO: uio_fread requested=13 read=13
RUST_UIO: uio_fread requested=4 read=4
RUST_UIO: uio_fread requested=8 read=8
RUST_UIO: uio_fread requested=3 read=3
RUST_UIO: uio_fread requested=4 read=4
RUST_UIO: uio_fread requested=8 read=8
RUST_UIO: uio_fread requested=768 read=768
RUST_UIO: uio_fread requested=4 read=4
RUST_UIO: uio_fread requested=8 read=8
RUST_UIO: uio_fread requested=1 read=1
RUST_UIO: uio_fread requested=4 read=4
RUST_UIO: uio_fread requested=8 read=8
RUST_UIO: uio_fread requested=52 read=52
RUST_UIO: uio_fread requested=4 read=4
RUST_UIO: uio_fclose called
RUST_UIO: uio_fopen entry
RUST_UIO: uio_fopen called
RUST_UIO: uio_fopen path="/Users/runner/work/_temp/s4-command-evidence/bundle/run-0/payloads/native-window.acceptance/inputs/content/base/ships/chmmr/satellite-med-003.png" mode=rb
RUST_UIO: uio_fopen returning stream=0x600002d28b00
RUST_UIO: uio_fread requested=8 read=8
RUST_UIO: uio_fread requested=8 read=8
RUST_UIO: uio_fread requested=13 read=13
RUST_UIO: uio_fread requested=4 read=4
RUST_UIO: uio_fread requested=8 read=8
RUST_UIO: uio_fread requested=3 read=3
RUST_UIO: uio_fread requested=4 read=4
RUST_UIO: uio_fread requested=8 read=8
RUST_UIO: uio_fread requested=768 read=768
RUST_UIO: uio_fread requested=4 read=4
RUST_UIO: uio_fread requested=8 read=8
RUST_UIO: uio_fread requested=1 read=1
RUST_UIO: uio_fread requested=4 read=4
RUST_UIO: uio_fread requested=8 read=8
RUST_UIO: uio_fread requested=48 read=48
RUST_UIO: uio_fread requested=4 read=4
RUST_UIO: uio_fclose called
RUST_UIO: uio_fopen entry
RUST_UIO: uio_fopen called
RUST_UIO: uio_fopen path="/Users/runner/work/_temp/s4-command-evidence/bundle/run-0/payloads/native-window.acceptance/inputs/content/base/ships/chmmr/satellite-med-004.png" mode=rb
RUST_UIO: uio_fopen returning stream=0x600002d28f00
RUST_UIO: uio_fread requested=8 read=8
RUST_UIO: uio_fread requested=8 read=8
RUST_UIO: uio_fread requested=13 read=13
RUST_UIO: uio_fread requested=4 read=4
RUST_UIO: uio_fread requested=8 read=8
RUST_UIO: uio_fread requested=3 read=3
RUST_UIO: uio_fread requested=4 read=4
RUST_UIO: uio_fread requested=8 read=8
RUST_UIO: uio_fread requested=768 read=768
RUST_UIO: uio_fread requested=4 read=4
RUST_UIO: uio_fread requested=8 read=8
RUST_UIO: uio_fread requested=1 read=1
RUST_UIO: uio_fread requested=4 read=4
RUST_UIO: uio_fread requested=8 read=8
RUST_UIO: uio_fread requested=34 read=34
RUST_UIO: uio_fread requested=4 read=4
RUST_UIO: uio_fclose called
RUST_UIO: uio_fopen entry
RUST_UIO: uio_fopen called
RUST_UIO: uio_fopen path="/Users/runner/work/_temp/s4-command-evidence/bundle/run-0/payloads/native-window.acceptance/inputs/content/base/ships/chmmr/satellite-med-005.png" mode=rb
RUST_UIO: uio_fopen returning stream=0x600002d28b00
RUST_UIO: uio_fread requested=8 read=8
RUST_UIO: uio_fread requested=8 read=8
RUST_UIO: uio_fread requested=13 read=13
RUST_UIO: uio_fread requested=4 read=4
RUST_UIO: uio_fread requested=8 read=8
RUST_UIO: uio_fread requested=3 read=3
RUST_UIO: uio_fread requested=4 read=4
RUST_UIO: uio_fread requested=8 read=8
RUST_UIO: uio_fread requested=768 read=768
RUST_UIO: uio_fread requested=4 read=4
RUST_UIO: uio_fread requested=8 read=8
RUST_UIO: uio_fread requested=1 read=1
RUST_UIO: uio_fread requested=4 read=4
RUST_UIO: uio_fread requested=8 read=8
RUST_UIO: uio_fread requested=43 read=43
RUST_UIO: uio_fread requested=4 read=4
RUST_UIO: uio_fclose called
RUST_UIO: uio_fopen entry
RUST_UIO: uio_fopen called
RUST_UIO: uio_fopen path="/Users/runner/work/_temp/s4-command-evidence/bundle/run-0/payloads/native-window.acceptance/inputs/content/base/ships/chmmr/satellite-med-006.png" mode=rb
RUST_UIO: uio_fopen returning stream=0x600002d28f00
RUST_UIO: uio_fread requested=8 read=8
RUST_UIO: uio_fread requested=8 read=8
RUST_UIO: uio_fread requested=13 read=13
RUST_UIO: uio_fread requested=4 read=4
RUST_UIO: uio_fread requested=8 read=8
RUST_UIO: uio_fread requested=3 read=3
RUST_UIO: uio_fread requested=4 read=4
RUST_UIO: uio_fread requested=8 read=8
RUST_UIO: uio_fread requested=768 read=768
RUST_UIO: uio_fread requested=4 read=4
RUST_UIO: uio_fread requested=8 read=8
RUST_UIO: uio_fread requested=1 read=1
RUST_UIO: uio_fread requested=4 read=4
RUST_UIO: uio_fread requested=8 read=8
RUST_UIO: uio_fread requested=51 read=51
RUST_UIO: uio_fread requested=4 read=4
RUST_UIO: uio_fclose called
RUST_UIO: uio_fopen entry
RUST_UIO: uio_fopen called
RUST_UIO: uio_fopen path="/Users/runner/work/_temp/s4-command-evidence/bundle/run-0/payloads/native-window.acceptance/inputs/content/base/ships/chmmr/satellite-med-007.png" mode=rb
RUST_UIO: uio_fopen returning stream=0x600002d28b00
RUST_UIO: uio_fread requested=8 read=8
RUST_UIO: uio_fread requested=8 read=8
RUST_UIO: uio_fread requested=13 read=13
RUST_UIO: uio_fread requested=4 read=4
RUST_UIO: uio_fread requested=8 read=8
RUST_UIO: uio_fread requested=3 read=3
RUST_UIO: uio_fread requested=4 read=4
RUST_UIO: uio_fread requested=8 read=8
RUST_UIO: uio_fread requested=768 read=768
RUST_UIO: uio_fread requested=4 read=4
RUST_UIO: uio_fread requested=8 read=8
RUST_UIO: uio_fread requested=1 read=1
RUST_UIO: uio_fread requested=4 read=4
RUST_UIO: uio_fread requested=8 read=8
RUST_UIO: uio_fread requested=61 read=61
RUST_UIO: uio_fread requested=4 read=4
RUST_UIO: uio_fclose called
RUST_UIO: uio_fclose called
RUST_UIO: uio_stat called
RUST_UIO: uio_fopen entry
RUST_UIO: uio_fopen called
RUST_UIO: uio_fopen path="/Users/runner/work/_temp/s4-command-evidence/bundle/run-0/payloads/native-window.acceptance/inputs/content/base/ships/chmmr/satellite-sml.ani" mode=rb
RUST_UIO: uio_fopen returning stream=0x600002d280c0
RUST_UIO: uio_fread requested=4 read=4
RUST_UIO: uio_fopen entry
RUST_UIO: uio_fopen called
RUST_UIO: uio_fopen path="/Users/runner/work/_temp/s4-command-evidence/bundle/run-0/payloads/native-window.acceptance/inputs/content/base/ships/chmmr/satellite-sml-000.png" mode=rb
RUST_UIO: uio_fopen returning stream=0x600002d28f00
RUST_UIO: uio_fread requested=8 read=8
RUST_UIO: uio_fread requested=8 read=8
RUST_UIO: uio_fread requested=13 read=13
RUST_UIO: uio_fread requested=4 read=4
RUST_UIO: uio_fread requested=8 read=8
RUST_UIO: uio_fread requested=3 read=3
RUST_UIO: uio_fread requested=4 read=4
RUST_UIO: uio_fread requested=8 read=8
RUST_UIO: uio_fread requested=768 read=768
RUST_UIO: uio_fread requested=4 read=4
RUST_UIO: uio_fread requested=8 read=8
RUST_UIO: uio_fread requested=1 read=1
RUST_UIO: uio_fread requested=4 read=4
RUST_UIO: uio_fread requested=8 read=8
RUST_UIO: uio_fread requested=28 read=28
RUST_UIO: uio_fread requested=4 read=4
RUST_UIO: uio_fclose called
RUST_UIO: uio_fopen entry
RUST_UIO: uio_fopen called
RUST_UIO: uio_fopen path="/Users/runner/work/_temp/s4-command-evidence/bundle/run-0/payloads/native-window.acceptance/inputs/content/base/ships/chmmr/satellite-sml-001.png" mode=rb
RUST_UIO: uio_fopen returning stream=0x600002d28b00
RUST_UIO: uio_fread requested=8 read=8
RUST_UIO: uio_fread requested=8 read=8
RUST_UIO: uio_fread requested=13 read=13
RUST_UIO: uio_fread requested=4 read=4
RUST_UIO: uio_fread requested=8 read=8
RUST_UIO: uio_fread requested=3 read=3
RUST_UIO: uio_fread requested=4 read=4
RUST_UIO: uio_fread requested=8 read=8
RUST_UIO: uio_fread requested=768 read=768
RUST_UIO: uio_fread requested=4 read=4
RUST_UIO: uio_fread requested=8 read=8
RUST_UIO: uio_fread requested=1 read=1
RUST_UIO: uio_fread requested=4 read=4
RUST_UIO: uio_fread requested=8 read=8
RUST_UIO: uio_fread requested=30 read=30
RUST_UIO: uio_fread requested=4 read=4
RUST_UIO: uio_fclose called
RUST_UIO: uio_fopen entry
RUST_UIO: uio_fopen called
RUST_UIO: uio_fopen path="/Users/runner/work/_temp/s4-command-evidence/bundle/run-0/payloads/native-window.acceptance/inputs/content/base/ships/chmmr/satellite-sml-002.png" mode=rb
RUST_UIO: uio_fopen returning stream=0x600002d28f00
RUST_UIO: uio_fread requested=8 read=8
RUST_UIO: uio_fread requested=8 read=8
RUST_UIO: uio_fread requested=13 read=13
RUST_UIO: uio_fread requested=4 read=4
RUST_UIO: uio_fread requested=8 read=8
RUST_UIO: uio_fread requested=3 read=3
RUST_UIO: uio_fread requested=4 read=4
RUST_UIO: uio_fread requested=8 read=8
RUST_UIO: uio_fread requested=768 read=768
RUST_UIO: uio_fread requested=4 read=4
RUST_UIO: uio_fread requested=8 read=8
RUST_UIO: uio_fread requested=1 read=1
RUST_UIO: uio_fread requested=4 read=4
RUST_UIO: uio_fread requested=8 read=8
RUST_UIO: uio_fread requested=34 read=34
RUST_UIO: uio_fread requested=4 read=4
RUST_UIO: uio_fclose called
RUST_UIO: uio_fopen entry
RUST_UIO: uio_fopen called
RUST_UIO: uio_fopen path="/Users/runner/work/_temp/s4-command-evidence/bundle/run-0/payloads/native-window.acceptance/inputs/content/base/ships/chmmr/satellite-sml-003.png" mode=rb
RUST_UIO: uio_fopen returning stream=0x600002d28b00
RUST_UIO: uio_fread requested=8 read=8
RUST_UIO: uio_fread requested=8 read=8
RUST_UIO: uio_fread requested=13 read=13
RUST_UIO: uio_fread requested=4 read=4
RUST_UIO: uio_fread requested=8 read=8
RUST_UIO: uio_fread requested=3 read=3
RUST_UIO: uio_fread requested=4 read=4
RUST_UIO: uio_fread requested=8 read=8
RUST_UIO: uio_fread requested=768 read=768
RUST_UIO: uio_fread requested=4 read=4
RUST_UIO: uio_fread requested=8 read=8
RUST_UIO: uio_fread requested=1 read=1
RUST_UIO: uio_fread requested=4 read=4
RUST_UIO: uio_fread requested=8 read=8
RUST_UIO: uio_fread requested=28 read=28
RUST_UIO: uio_fread requested=4 read=4
RUST_UIO: uio_fclose called
RUST_UIO: uio_fopen entry
RUST_UIO: uio_fopen called
RUST_UIO: uio_fopen path="/Users/runner/work/_temp/s4-command-evidence/bundle/run-0/payloads/native-window.acceptance/inputs/content/base/ships/chmmr/satellite-sml-004.png" mode=rb
RUST_UIO: uio_fopen returning stream=0x600002d28f00
RUST_UIO: uio_fread requested=8 read=8
RUST_UIO: uio_fread requested=8 read=8
RUST_UIO: uio_fread requested=13 read=13
RUST_UIO: uio_fread requested=4 read=4
RUST_UIO: uio_fread requested=8 read=8
RUST_UIO: uio_fread requested=3 read=3
RUST_UIO: uio_fread requested=4 read=4
RUST_UIO: uio_fread requested=8 read=8
RUST_UIO: uio_fread requested=768 read=768
RUST_UIO: uio_fread requested=4 read=4
RUST_UIO: uio_fread requested=8 read=8
RUST_UIO: uio_fread requested=1 read=1
RUST_UIO: uio_fread requested=4 read=4
RUST_UIO: uio_fread requested=8 read=8
RUST_UIO: uio_fread requested=28 read=28
RUST_UIO: uio_fread requested=4 read=4
RUST_UIO: uio_fclose called
RUST_UIO: uio_fopen entry
RUST_UIO: uio_fopen called
RUST_UIO: uio_fopen path="/Users/runner/work/_temp/s4-command-evidence/bundle/run-0/payloads/native-window.acceptance/inputs/content/base/ships/chmmr/satellite-sml-005.png" mode=rb
RUST_UIO: uio_fopen returning stream=0x600002d28b00
RUST_UIO: uio_fread requested=8 read=8
RUST_UIO: uio_fread requested=8 read=8
RUST_UIO: uio_fread requested=13 read=13
RUST_UIO: uio_fread requested=4 read=4
RUST_UIO: uio_fread requested=8 read=8
RUST_UIO: uio_fread requested=3 read=3
RUST_UIO: uio_fread requested=4 read=4
RUST_UIO: uio_fread requested=8 read=8
RUST_UIO: uio_fread requested=768 read=768
RUST_UIO: uio_fread requested=4 read=4
RUST_UIO: uio_fread requested=8 read=8
RUST_UIO: uio_fread requested=1 read=1
RUST_UIO: uio_fread requested=4 read=4
RUST_UIO: uio_fread requested=8 read=8
RUST_UIO: uio_fread requested=34 read=34
RUST_UIO: uio_fread requested=4 read=4
RUST_UIO: uio_fclose called
RUST_UIO: uio_fopen entry
RUST_UIO: uio_fopen called
RUST_UIO: uio_fopen path="/Users/runner/work/_temp/s4-command-evidence/bundle/run-0/payloads/native-window.acceptance/inputs/content/base/ships/chmmr/satellite-sml-006.png" mode=rb
RUST_UIO: uio_fopen returning stream=0x600002d28f00
RUST_UIO: uio_fread requested=8 read=8
RUST_UIO: uio_fread requested=8 read=8
RUST_UIO: uio_fread requested=13 read=13
RUST_UIO: uio_fread requested=4 read=4
RUST_UIO: uio_fread requested=8 read=8
RUST_UIO: uio_fread requested=3 read=3
RUST_UIO: uio_fread requested=4 read=4
RUST_UIO: uio_fread requested=8 read=8
RUST_UIO: uio_fread requested=768 read=768
RUST_UIO: uio_fread requested=4 read=4
RUST_UIO: uio_fread requested=8 read=8
RUST_UIO: uio_fread requested=1 read=1
RUST_UIO: uio_fread requested=4 read=4
RUST_UIO: uio_fread requested=8 read=8
RUST_UIO: uio_fread requested=34 read=34
RUST_UIO: uio_fread requested=4 read=4
RUST_UIO: uio_fclose called
RUST_UIO: uio_fopen entry
RUST_UIO: uio_fopen called
RUST_UIO: uio_fopen path="/Users/runner/work/_temp/s4-command-evidence/bundle/run-0/payloads/native-window.acceptance/inputs/content/base/ships/chmmr/satellite-sml-007.png" mode=rb
RUST_UIO: uio_fopen returning stream=0x600002d28b00
RUST_UIO: uio_fread requested=8 read=8
RUST_UIO: uio_fread requested=8 read=8
RUST_UIO: uio_fread requested=13 read=13
RUST_UIO: uio_fread requested=4 read=4
RUST_UIO: uio_fread requested=8 read=8
RUST_UIO: uio_fread requested=3 read=3
RUST_UIO: uio_fread requested=4 read=4
RUST_UIO: uio_fread requested=8 read=8
RUST_UIO: uio_fread requested=768 read=768
RUST_UIO: uio_fread requested=4 read=4
RUST_UIO: uio_fread requested=8 read=8
RUST_UIO: uio_fread requested=1 read=1
RUST_UIO: uio_fread requested=4 read=4
RUST_UIO: uio_fread requested=8 read=8
RUST_UIO: uio_fread requested=28 read=28
RUST_UIO: uio_fread requested=4 read=4
RUST_UIO: uio_fclose called
RUST_UIO: uio_fclose called
RUST_UIO: uio_stat called
RUST_UIO: uio_fopen entry
RUST_UIO: uio_fopen called
RUST_UIO: uio_fopen path="/Users/runner/work/_temp/s4-command-evidence/bundle/run-0/payloads/native-window.acceptance/inputs/content/base/ships/chmmr/avatar-cap.ani" mode=rb
RUST_UIO: uio_fopen returning stream=0x600002d280c0
RUST_UIO: uio_fread requested=4 read=4
RUST_UIO: uio_fopen entry
RUST_UIO: uio_fopen called
RUST_UIO: uio_fopen path="/Users/runner/work/_temp/s4-command-evidence/bundle/run-0/payloads/native-window.acceptance/inputs/content/base/ships/chmmr/avatar-cap-000.png" mode=rb
RUST_UIO: uio_fopen returning stream=0x600002d28b00
RUST_UIO: uio_fread requested=8 read=8
RUST_UIO: uio_fread requested=8 read=8
RUST_UIO: uio_fread requested=13 read=13
RUST_UIO: uio_fread requested=4 read=4
RUST_UIO: uio_fread requested=8 read=8
RUST_UIO: uio_fread requested=3 read=3
RUST_UIO: uio_fread requested=4 read=4
RUST_UIO: uio_fread requested=8 read=8
RUST_UIO: uio_fread requested=768 read=768
RUST_UIO: uio_fread requested=4 read=4
RUST_UIO: uio_fread requested=8 read=8
RUST_UIO: uio_fread requested=792 read=792
RUST_UIO: uio_fread requested=4 read=4
RUST_UIO: uio_fclose called
RUST_UIO: uio_fopen entry
RUST_UIO: uio_fopen called
RUST_UIO: uio_fopen path="/Users/runner/work/_temp/s4-command-evidence/bundle/run-0/payloads/native-window.acceptance/inputs/content/base/ships/chmmr/avatar-cap-001.png" mode=rb
RUST_UIO: uio_fopen returning stream=0x600002d28140
RUST_UIO: uio_fread requested=8 read=8
RUST_UIO: uio_fread requested=8 read=8
RUST_UIO: uio_fread requested=13 read=13
RUST_UIO: uio_fread requested=4 read=4
RUST_UIO: uio_fread requested=8 read=8
RUST_UIO: uio_fread requested=3 read=3
RUST_UIO: uio_fread requested=4 read=4
RUST_UIO: uio_fread requested=8 read=8
RUST_UIO: uio_fread requested=768 read=768
RUST_UIO: uio_fread requested=4 read=4
RUST_UIO: uio_fread requested=8 read=8
RUST_UIO: uio_fread requested=2 read=2
RUST_UIO: uio_fread requested=4 read=4
RUST_UIO: uio_fread requested=8 read=8
RUST_UIO: uio_fread requested=204 read=204
RUST_UIO: uio_fread requested=4 read=4
RUST_UIO: uio_fclose called
RUST_UIO: uio_fopen entry
RUST_UIO: uio_fopen called
RUST_UIO: uio_fopen path="/Users/runner/work/_temp/s4-command-evidence/bundle/run-0/payloads/native-window.acceptance/inputs/content/base/ships/chmmr/avatar-cap-002.png" mode=rb
RUST_UIO: uio_fopen returning stream=0x600002d28b00
RUST_UIO: uio_fread requested=8 read=8
RUST_UIO: uio_fread requested=8 read=8
RUST_UIO: uio_fread requested=13 read=13
RUST_UIO: uio_fread requested=4 read=4
RUST_UIO: uio_fread requested=8 read=8
RUST_UIO: uio_fread requested=3 read=3
RUST_UIO: uio_fread requested=4 read=4
RUST_UIO: uio_fread requested=8 read=8
RUST_UIO: uio_fread requested=768 read=768
RUST_UIO: uio_fread requested=4 read=4
RUST_UIO: uio_fread requested=8 read=8
RUST_UIO: uio_fread requested=2 read=2
RUST_UIO: uio_fread requested=4 read=4
RUST_UIO: uio_fread requested=8 read=8
RUST_UIO: uio_fread requested=223 read=223
RUST_UIO: uio_fread requested=4 read=4
RUST_UIO: uio_fclose called
RUST_UIO: uio_fopen entry
RUST_UIO: uio_fopen called
RUST_UIO: uio_fopen path="/Users/runner/work/_temp/s4-command-evidence/bundle/run-0/payloads/native-window.acceptance/inputs/content/base/ships/chmmr/avatar-cap-003.png" mode=rb
RUST_UIO: uio_fopen returning stream=0x600002d28140
RUST_UIO: uio_fread requested=8 read=8
RUST_UIO: uio_fread requested=8 read=8
RUST_UIO: uio_fread requested=13 read=13
RUST_UIO: uio_fread requested=4 read=4
RUST_UIO: uio_fread requested=8 read=8
RUST_UIO: uio_fread requested=3 read=3
RUST_UIO: uio_fread requested=4 read=4
RUST_UIO: uio_fread requested=8 read=8
RUST_UIO: uio_fread requested=768 read=768
RUST_UIO: uio_fread requested=4 read=4
RUST_UIO: uio_fread requested=8 read=8
RUST_UIO: uio_fread requested=2 read=2
RUST_UIO: uio_fread requested=4 read=4
RUST_UIO: uio_fread requested=8 read=8
RUST_UIO: uio_fread requested=225 read=225
RUST_UIO: uio_fread requested=4 read=4
RUST_UIO: uio_fclose called
RUST_UIO: uio_fopen entry
RUST_UIO: uio_fopen called
RUST_UIO: uio_fopen path="/Users/runner/work/_temp/s4-command-evidence/bundle/run-0/payloads/native-window.acceptance/inputs/content/base/ships/chmmr/avatar-cap-004.png" mode=rb
RUST_UIO: uio_fopen returning stream=0x600002d28b00
RUST_UIO: uio_fread requested=8 read=8
RUST_UIO: uio_fread requested=8 read=8
RUST_UIO: uio_fread requested=13 read=13
RUST_UIO: uio_fread requested=4 read=4
RUST_UIO: uio_fread requested=8 read=8
RUST_UIO: uio_fread requested=3 read=3
RUST_UIO: uio_fread requested=4 read=4
RUST_UIO: uio_fread requested=8 read=8
RUST_UIO: uio_fread requested=768 read=768
RUST_UIO: uio_fread requested=4 read=4
RUST_UIO: uio_fread requested=8 read=8
RUST_UIO: uio_fread requested=2 read=2
RUST_UIO: uio_fread requested=4 read=4
RUST_UIO: uio_fread requested=8 read=8
RUST_UIO: uio_fread requested=213 read=213
RUST_UIO: uio_fread requested=4 read=4
RUST_UIO: uio_fclose called
RUST_UIO: uio_fopen entry
RUST_UIO: uio_fopen called
RUST_UIO: uio_fopen path="/Users/runner/work/_temp/s4-command-evidence/bundle/run-0/payloads/native-window.acceptance/inputs/content/base/ships/chmmr/avatar-cap-005.png" mode=rb
RUST_UIO: uio_fopen returning stream=0x600002d28140
RUST_UIO: uio_fread requested=8 read=8
RUST_UIO: uio_fread requested=8 read=8
RUST_UIO: uio_fread requested=13 read=13
RUST_UIO: uio_fread requested=4 read=4
RUST_UIO: uio_fread requested=8 read=8
RUST_UIO: uio_fread requested=3 read=3
RUST_UIO: uio_fread requested=4 read=4
RUST_UIO: uio_fread requested=8 read=8
RUST_UIO: uio_fread requested=768 read=768
RUST_UIO: uio_fread requested=4 read=4
RUST_UIO: uio_fread requested=8 read=8
RUST_UIO: uio_fread requested=2 read=2
RUST_UIO: uio_fread requested=4 read=4
RUST_UIO: uio_fread requested=8 read=8
RUST_UIO: uio_fread requested=193 read=193
RUST_UIO: uio_fread requested=4 read=4
RUST_UIO: uio_fclose called
RUST_UIO: uio_fopen entry
RUST_UIO: uio_fopen called
RUST_UIO: uio_fopen path="/Users/runner/work/_temp/s4-command-evidence/bundle/run-0/payloads/native-window.acceptance/inputs/content/base/ships/chmmr/avatar-cap-006.png" mode=rb
RUST_UIO: uio_fopen returning stream=0x600002d28b00
RUST_UIO: uio_fread requested=8 read=8
RUST_UIO: uio_fread requested=8 read=8
RUST_UIO: uio_fread requested=13 read=13
RUST_UIO: uio_fread requested=4 read=4
RUST_UIO: uio_fread requested=8 read=8
RUST_UIO: uio_fread requested=3 read=3
RUST_UIO: uio_fread requested=4 read=4
RUST_UIO: uio_fread requested=8 read=8
RUST_UIO: uio_fread requested=768 read=768
RUST_UIO: uio_fread requested=4 read=4
RUST_UIO: uio_fread requested=8 read=8
RUST_UIO: uio_fread requested=1 read=1
RUST_UIO: uio_fread requested=4 read=4
RUST_UIO: uio_fread requested=8 read=8
RUST_UIO: uio_fread requested=127 read=127
RUST_UIO: uio_fread requested=4 read=4
RUST_UIO: uio_fclose called
RUST_UIO: uio_fopen entry
RUST_UIO: uio_fopen called
RUST_UIO: uio_fopen path="/Users/runner/work/_temp/s4-command-evidence/bundle/run-0/payloads/native-window.acceptance/inputs/content/base/ships/chmmr/avatar-cap-007.png" mode=rb
RUST_UIO: uio_fopen returning stream=0x600002d28140
RUST_UIO: uio_fread requested=8 read=8
RUST_UIO: uio_fread requested=8 read=8
RUST_UIO: uio_fread requested=13 read=13
RUST_UIO: uio_fread requested=4 read=4
RUST_UIO: uio_fread requested=8 read=8
RUST_UIO: uio_fread requested=3 read=3
RUST_UIO: uio_fread requested=4 read=4
RUST_UIO: uio_fread requested=8 read=8
RUST_UIO: uio_fread requested=768 read=768
RUST_UIO: uio_fread requested=4 read=4
RUST_UIO: uio_fread requested=8 read=8
RUST_UIO: uio_fread requested=1 read=1
RUST_UIO: uio_fread requested=4 read=4
RUST_UIO: uio_fread requested=8 read=8
RUST_UIO: uio_fread requested=125 read=125
RUST_UIO: uio_fread requested=4 read=4
RUST_UIO: uio_fclose called
RUST_UIO: uio_fopen entry
RUST_UIO: uio_fopen called
RUST_UIO: uio_fopen path="/Users/runner/work/_temp/s4-command-evidence/bundle/run-0/payloads/native-window.acceptance/inputs/content/base/ships/chmmr/avatar-cap-008.png" mode=rb
RUST_UIO: uio_fopen returning stream=0x600002d28b00
RUST_UIO: uio_fread requested=8 read=8
RUST_UIO: uio_fread requested=8 read=8
RUST_UIO: uio_fread requested=13 read=13
RUST_UIO: uio_fread requested=4 read=4
RUST_UIO: uio_fread requested=8 read=8
RUST_UIO: uio_fread requested=3 read=3
RUST_UIO: uio_fread requested=4 read=4
RUST_UIO: uio_fread requested=8 read=8
RUST_UIO: uio_fread requested=768 read=768
RUST_UIO: uio_fread requested=4 read=4
RUST_UIO: uio_fread requested=8 read=8
RUST_UIO: uio_fread requested=1 read=1
RUST_UIO: uio_fread requested=4 read=4
RUST_UIO: uio_fread requested=8 read=8
RUST_UIO: uio_fread requested=108 read=108
RUST_UIO: uio_fread requested=4 read=4
RUST_UIO: uio_fclose called
RUST_UIO: uio_fopen entry
RUST_UIO: uio_fopen called
RUST_UIO: uio_fopen path="/Users/runner/work/_temp/s4-command-evidence/bundle/run-0/payloads/native-window.acceptance/inputs/content/base/ships/chmmr/avatar-cap-009.png" mode=rb
RUST_UIO: uio_fopen returning stream=0x600002d28140
RUST_UIO: uio_fread requested=8 read=8
RUST_UIO: uio_fread requested=8 read=8
RUST_UIO: uio_fread requested=13 read=13
RUST_UIO: uio_fread requested=4 read=4
RUST_UIO: uio_fread requested=8 read=8
RUST_UIO: uio_fread requested=3 read=3
RUST_UIO: uio_fread requested=4 read=4
RUST_UIO: uio_fread requested=8 read=8
RUST_UIO: uio_fread requested=768 read=768
RUST_UIO: uio_fread requested=4 read=4
RUST_UIO: uio_fread requested=8 read=8
RUST_UIO: uio_fread requested=2 read=2
RUST_UIO: uio_fread requested=4 read=4
RUST_UIO: uio_fread requested=8 read=8
RUST_UIO: uio_fread requested=135 read=135
RUST_UIO: uio_fread requested=4 read=4
RUST_UIO: uio_fclose called
RUST_UIO: uio_fopen entry
RUST_UIO: uio_fopen called
RUST_UIO: uio_fopen path="/Users/runner/work/_temp/s4-command-evidence/bundle/run-0/payloads/native-window.acceptance/inputs/content/base/ships/chmmr/avatar-cap-010.png" mode=rb
RUST_UIO: uio_fopen returning stream=0x600002d28b00
RUST_UIO: uio_fread requested=8 read=8
RUST_UIO: uio_fread requested=8 read=8
RUST_UIO: uio_fread requested=13 read=13
RUST_UIO: uio_fread requested=4 read=4
RUST_UIO: uio_fread requested=8 read=8
RUST_UIO: uio_fread requested=3 read=3
RUST_UIO: uio_fread requested=4 read=4
RUST_UIO: uio_fread requested=8 read=8
RUST_UIO: uio_fread requested=768 read=768
RUST_UIO: uio_fread requested=4 read=4
RUST_UIO: uio_fread requested=8 read=8
RUST_UIO: uio_fread requested=2 read=2
RUST_UIO: uio_fread requested=4 read=4
RUST_UIO: uio_fread requested=8 read=8
RUST_UIO: uio_fread requested=118 read=118
RUST_UIO: uio_fread requested=4 read=4
RUST_UIO: uio_fclose called
RUST_UIO: uio_fopen entry
RUST_UIO: uio_fopen called
RUST_UIO: uio_fopen path="/Users/runner/work/_temp/s4-command-evidence/bundle/run-0/payloads/native-window.acceptance/inputs/content/base/ships/chmmr/avatar-cap-011.png" mode=rb
RUST_UIO: uio_fopen returning stream=0x600002d28140
RUST_UIO: uio_fread requested=8 read=8
RUST_UIO: uio_fread requested=8 read=8
RUST_UIO: uio_fread requested=13 read=13
RUST_UIO: uio_fread requested=4 read=4
RUST_UIO: uio_fread requested=8 read=8
RUST_UIO: uio_fread requested=3 read=3
RUST_UIO: uio_fread requested=4 read=4
RUST_UIO: uio_fread requested=8 read=8
RUST_UIO: uio_fread requested=768 read=768
RUST_UIO: uio_fread requested=4 read=4
RUST_UIO: uio_fread requested=8 read=8
RUST_UIO: uio_fread requested=1 read=1
RUST_UIO: uio_fread requested=4 read=4
RUST_UIO: uio_fread requested=8 read=8
RUST_UIO: uio_fread requested=130 read=130
RUST_UIO: uio_fread requested=4 read=4
RUST_UIO: uio_fclose called
RUST_UIO: uio_fopen entry
RUST_UIO: uio_fopen called
RUST_UIO: uio_fopen path="/Users/runner/work/_temp/s4-command-evidence/bundle/run-0/payloads/native-window.acceptance/inputs/content/base/ships/chmmr/avatar-cap-012.png" mode=rb
RUST_UIO: uio_fopen returning stream=0x600002d28b00
RUST_UIO: uio_fread requested=8 read=8
RUST_UIO: uio_fread requested=8 read=8
RUST_UIO: uio_fread requested=13 read=13
RUST_UIO: uio_fread requested=4 read=4
RUST_UIO: uio_fread requested=8 read=8
RUST_UIO: uio_fread requested=3 read=3
RUST_UIO: uio_fread requested=4 read=4
RUST_UIO: uio_fread requested=8 read=8
RUST_UIO: uio_fread requested=768 read=768
RUST_UIO: uio_fread requested=4 read=4
RUST_UIO: uio_fread requested=8 read=8
RUST_UIO: uio_fread requested=2 read=2
RUST_UIO: uio_fread requested=4 read=4
RUST_UIO: uio_fread requested=8 read=8
RUST_UIO: uio_fread requested=212 read=212
RUST_UIO: uio_fread requested=4 read=4
RUST_UIO: uio_fclose called
RUST_UIO: uio_fopen entry
RUST_UIO: uio_fopen called
RUST_UIO: uio_fopen path="/Users/runner/work/_temp/s4-command-evidence/bundle/run-0/payloads/native-window.acceptance/inputs/content/base/ships/chmmr/avatar-cap-013.png" mode=rb
RUST_UIO: uio_fopen returning stream=0x600002d28140
RUST_UIO: uio_fread requested=8 read=8
RUST_UIO: uio_fread requested=8 read=8
RUST_UIO: uio_fread requested=13 read=13
RUST_UIO: uio_fread requested=4 read=4
RUST_UIO: uio_fread requested=8 read=8
RUST_UIO: uio_fread requested=3 read=3
RUST_UIO: uio_fread requested=4 read=4
RUST_UIO: uio_fread requested=8 read=8
RUST_UIO: uio_fread requested=768 read=768
RUST_UIO: uio_fread requested=4 read=4
RUST_UIO: uio_fread requested=8 read=8
RUST_UIO: uio_fread requested=2 read=2
RUST_UIO: uio_fread requested=4 read=4
RUST_UIO: uio_fread requested=8 read=8
RUST_UIO: uio_fread requested=237 read=237
RUST_UIO: uio_fread requested=4 read=4
RUST_UIO: uio_fclose called
RUST_UIO: uio_fopen entry
RUST_UIO: uio_fopen called
RUST_UIO: uio_fopen path="/Users/runner/work/_temp/s4-command-evidence/bundle/run-0/payloads/native-window.acceptance/inputs/content/base/ships/chmmr/avatar-cap-014.png" mode=rb
RUST_UIO: uio_fopen returning stream=0x600002d28b00
RUST_UIO: uio_fread requested=8 read=8
RUST_UIO: uio_fread requested=8 read=8
RUST_UIO: uio_fread requested=13 read=13
RUST_UIO: uio_fread requested=4 read=4
RUST_UIO: uio_fread requested=8 read=8
RUST_UIO: uio_fread requested=3 read=3
RUST_UIO: uio_fread requested=4 read=4
RUST_UIO: uio_fread requested=8 read=8
RUST_UIO: uio_fread requested=768 read=768
RUST_UIO: uio_fread requested=4 read=4
RUST_UIO: uio_fread requested=8 read=8
RUST_UIO: uio_fread requested=2 read=2
RUST_UIO: uio_fread requested=4 read=4
RUST_UIO: uio_fread requested=8 read=8
RUST_UIO: uio_fread requested=241 read=241
RUST_UIO: uio_fread requested=4 read=4
RUST_UIO: uio_fclose called
RUST_UIO: uio_fclose called
RUST_UIO: uio_fopen entry
RUST_UIO: uio_fopen called
RUST_UIO: uio_fopen path="/Users/runner/work/_temp/s4-command-evidence/bundle/run-0/payloads/native-window.acceptance/inputs/content/base/ships/chmmr/avatar.mod" mode=rb
RUST_UIO: uio_fopen returning stream=0x600002d280c0
RUST_UIO: uio_fread requested=9323 read=9323
RUST_UIO: uio_fclose called
RUST_UIO: uio_fopen entry
RUST_UIO: uio_fopen called
RUST_UIO: uio_fopen path="/Users/runner/work/_temp/s4-command-evidence/bundle/run-0/payloads/native-window.acceptance/inputs/content/base/ships/chmmr/avatar.snd" mode=rb
RUST_UIO: uio_fopen returning stream=0x600002d3cbc0
RUST_UIO: uio_fread requested=26 read=26
RUST_UIO: uio_fclose called
RUST_UIO: uio_fopen entry
RUST_UIO: uio_fopen called
RUST_UIO: uio_fopen path="/Users/runner/work/_temp/s4-command-evidence/bundle/run-0/payloads/native-window.acceptance/inputs/content/base/ships/chmmr/primary.wav" mode=rb
RUST_UIO: uio_fopen returning stream=0x600002d3cbc0
RUST_UIO: uio_fread requested=7545 read=7545
RUST_UIO: uio_fclose called
RUST_UIO: uio_fopen entry
RUST_UIO: uio_fopen called
RUST_UIO: uio_fopen path="/Users/runner/work/_temp/s4-command-evidence/bundle/run-0/payloads/native-window.acceptance/inputs/content/base/ships/chmmr/secondary.wav" mode=rb
RUST_UIO: uio_fopen returning stream=0x600002d3cbc0
RUST_UIO: uio_fread requested=1903 read=1903
RUST_UIO: uio_fclose called
RUST_UIO: uio_stat called
RUST_UIO: uio_fopen entry
RUST_UIO: uio_fopen called
RUST_UIO: uio_fopen path="/Users/runner/work/_temp/s4-command-evidence/bundle/run-0/payloads/native-window.acceptance/inputs/content/base/ships/kohrah/marauder-icons.ani" mode=rb
RUST_UIO: uio_fopen returning stream=0x600002d3cb80
RUST_UIO: uio_fread requested=4 read=4
RUST_UIO: uio_fopen entry
RUST_UIO: uio_fopen called
RUST_UIO: uio_fopen path="/Users/runner/work/_temp/s4-command-evidence/bundle/run-0/payloads/native-window.acceptance/inputs/content/base/ships/kohrah/marauder-icons-000.png" mode=rb
RUST_UIO: uio_fopen returning stream=0x600002d3d7c0
RUST_UIO: uio_fread requested=8 read=8
RUST_UIO: uio_fread requested=8 read=8
RUST_UIO: uio_fread requested=13 read=13
RUST_UIO: uio_fread requested=4 read=4
RUST_UIO: uio_fread requested=8 read=8
RUST_UIO: uio_fread requested=3 read=3
RUST_UIO: uio_fread requested=4 read=4
RUST_UIO: uio_fread requested=8 read=8
RUST_UIO: uio_fread requested=768 read=768
RUST_UIO: uio_fread requested=4 read=4
RUST_UIO: uio_fread requested=8 read=8
RUST_UIO: uio_fread requested=2 read=2
RUST_UIO: uio_fread requested=4 read=4
RUST_UIO: uio_fread requested=8 read=8
RUST_UIO: uio_fread requested=124 read=124
RUST_UIO: uio_fread requested=4 read=4
RUST_UIO: uio_fclose called
RUST_UIO: uio_fopen entry
RUST_UIO: uio_fopen called
RUST_UIO: uio_fopen path="/Users/runner/work/_temp/s4-command-evidence/bundle/run-0/payloads/native-window.acceptance/inputs/content/base/ships/kohrah/marauder-icons-001.png" mode=rb
RUST_UIO: uio_fopen returning stream=0x600002d3d780
RUST_UIO: uio_fread requested=8 read=8
RUST_UIO: uio_fread requested=8 read=8
RUST_UIO: uio_fread requested=13 read=13
RUST_UIO: uio_fread requested=4 read=4
RUST_UIO: uio_fread requested=8 read=8
RUST_UIO: uio_fread requested=3 read=3
RUST_UIO: uio_fread requested=4 read=4
RUST_UIO: uio_fread requested=8 read=8
RUST_UIO: uio_fread requested=768 read=768
RUST_UIO: uio_fread requested=4 read=4
RUST_UIO: uio_fread requested=8 read=8
RUST_UIO: uio_fread requested=2 read=2
RUST_UIO: uio_fread requested=4 read=4
RUST_UIO: uio_fread requested=8 read=8
RUST_UIO: uio_fread requested=416 read=416
RUST_UIO: uio_fread requested=4 read=4
RUST_UIO: uio_fclose called
RUST_UIO: uio_fclose called
RUST_UIO: uio_stat called
RUST_UIO: uio_fopen entry
RUST_UIO: uio_fopen called
RUST_UIO: uio_fopen path="/Users/runner/work/_temp/s4-command-evidence/bundle/run-0/payloads/native-window.acceptance/inputs/content/base/ships/kohrah/marauder-meleeicons.ani" mode=rb
RUST_UIO: uio_fopen returning stream=0x600002d3cbc0
RUST_UIO: uio_fread requested=4 read=4
RUST_UIO: uio_fopen entry
RUST_UIO: uio_fopen called
RUST_UIO: uio_fopen path="/Users/runner/work/_temp/s4-command-evidence/bundle/run-0/payloads/native-window.acceptance/inputs/content/base/ships/kohrah/marauder-meleeicons-000.png" mode=rb
RUST_UIO: uio_fopen returning stream=0x600002d3e340
RUST_UIO: uio_fread requested=8 read=8
RUST_UIO: uio_fread requested=8 read=8
RUST_UIO: uio_fread requested=13 read=13
RUST_UIO: uio_fread requested=4 read=4
RUST_UIO: uio_fread requested=8 read=8
RUST_UIO: uio_fread requested=3 read=3
RUST_UIO: uio_fread requested=4 read=4
RUST_UIO: uio_fread requested=8 read=8
RUST_UIO: uio_fread requested=768 read=768
RUST_UIO: uio_fread requested=4 read=4
RUST_UIO: uio_fread requested=8 read=8
RUST_UIO: uio_fread requested=2 read=2
RUST_UIO: uio_fread requested=4 read=4
RUST_UIO: uio_fread requested=8 read=8
RUST_UIO: uio_fread requested=355 read=355
RUST_UIO: uio_fread requested=4 read=4
RUST_UIO: uio_fclose called
RUST_UIO: uio_fopen entry
RUST_UIO: uio_fopen called
RUST_UIO: uio_fopen path="/Users/runner/work/_temp/s4-command-evidence/bundle/run-0/payloads/native-window.acceptance/inputs/content/base/ships/kohrah/marauder-meleeicons-001.png" mode=rb
RUST_UIO: uio_fopen returning stream=0x600002d3d7c0
RUST_UIO: uio_fread requested=8 read=8
RUST_UIO: uio_fread requested=8 read=8
RUST_UIO: uio_fread requested=13 read=13
RUST_UIO: uio_fread requested=4 read=4
RUST_UIO: uio_fread requested=8 read=8
RUST_UIO: uio_fread requested=3 read=3
RUST_UIO: uio_fread requested=4 read=4
RUST_UIO: uio_fread requested=8 read=8
RUST_UIO: uio_fread requested=768 read=768
RUST_UIO: uio_fread requested=4 read=4
RUST_UIO: uio_fread requested=8 read=8
RUST_UIO: uio_fread requested=1 read=1
RUST_UIO: uio_fread requested=4 read=4
RUST_UIO: uio_fread requested=8 read=8
RUST_UIO: uio_fread requested=40 read=40
RUST_UIO: uio_fread requested=4 read=4
RUST_UIO: uio_fclose called
RUST_UIO: uio_fclose called
RUST_UIO: uio_stat called
RUST_UIO: uio_fopen entry
RUST_UIO: uio_fopen called
RUST_UIO: uio_fopen path="/Users/runner/work/_temp/s4-command-evidence/bundle/run-0/payloads/native-window.acceptance/inputs/content/base/ships/kohrah/marauder.txt" mode=rb
RUST_UIO: uio_fopen returning stream=0x600002d3cbc0
RUST_UIO: uio_fclose called
RUST_UIO: uio_stat called
RUST_UIO: uio_fopen entry
RUST_UIO: uio_fopen called
RUST_UIO: uio_fopen path="/Users/runner/work/_temp/s4-command-evidence/bundle/run-0/payloads/native-window.acceptance/inputs/content/base/ships/kohrah/marauder-big.ani" mode=rb
RUST_UIO: uio_fopen returning stream=0x600002d3cb80
RUST_UIO: uio_fread requested=4 read=4
RUST_UIO: uio_fopen entry
RUST_UIO: uio_fopen called
RUST_UIO: uio_fopen path="/Users/runner/work/_temp/s4-command-evidence/bundle/run-0/payloads/native-window.acceptance/inputs/content/base/ships/kohrah/marauder-big-000.png" mode=rb
RUST_UIO: uio_fopen returning stream=0x600002d3e580
RUST_UIO: uio_fread requested=8 read=8
RUST_UIO: uio_fread requested=8 read=8
RUST_UIO: uio_fread requested=13 read=13
RUST_UIO: uio_fread requested=4 read=4
RUST_UIO: uio_fread requested=8 read=8
RUST_UIO: uio_fread requested=3 read=3
RUST_UIO: uio_fread requested=4 read=4
RUST_UIO: uio_fread requested=8 read=8
RUST_UIO: uio_fread requested=768 read=768
RUST_UIO: uio_fread requested=4 read=4
RUST_UIO: uio_fread requested=8 read=8
RUST_UIO: uio_fread requested=2 read=2
RUST_UIO: uio_fread requested=4 read=4
RUST_UIO: uio_fread requested=8 read=8
RUST_UIO: uio_fread requested=401 read=401
RUST_UIO: uio_fread requested=4 read=4
RUST_UIO: uio_fclose called
RUST_UIO: uio_fopen entry
RUST_UIO: uio_fopen called
RUST_UIO: uio_fopen path="/Users/runner/work/_temp/s4-command-evidence/bundle/run-0/payloads/native-window.acceptance/inputs/content/base/ships/kohrah/marauder-big-001.png" mode=rb
RUST_UIO: uio_fopen returning stream=0x600002d3e340
RUST_UIO: uio_fread requested=8 read=8
RUST_UIO: uio_fread requested=8 read=8
RUST_UIO: uio_fread requested=13 read=13
RUST_UIO: uio_fread requested=4 read=4
RUST_UIO: uio_fread requested=8 read=8
RUST_UIO: uio_fread requested=3 read=3
RUST_UIO: uio_fread requested=4 read=4
RUST_UIO: uio_fread requested=8 read=8
RUST_UIO: uio_fread requested=768 read=768
RUST_UIO: uio_fread requested=4 read=4
RUST_UIO: uio_fread requested=8 read=8
RUST_UIO: uio_fread requested=2 read=2
RUST_UIO: uio_fread requested=4 read=4
RUST_UIO: uio_fread requested=8 read=8
RUST_UIO: uio_fread requested=429 read=429
RUST_UIO: uio_fread requested=4 read=4
RUST_UIO: uio_fclose called
RUST_UIO: uio_fopen entry
RUST_UIO: uio_fopen called
RUST_UIO: uio_fopen path="/Users/runner/work/_temp/s4-command-evidence/bundle/run-0/payloads/native-window.acceptance/inputs/content/base/ships/kohrah/marauder-big-002.png" mode=rb
RUST_UIO: uio_fopen returning stream=0x600002d3e580
RUST_UIO: uio_fread requested=8 read=8
RUST_UIO: uio_fread requested=8 read=8
RUST_UIO: uio_fread requested=13 read=13
RUST_UIO: uio_fread requested=4 read=4
RUST_UIO: uio_fread requested=8 read=8
RUST_UIO: uio_fread requested=3 read=3
RUST_UIO: uio_fread requested=4 read=4
RUST_UIO: uio_fread requested=8 read=8
RUST_UIO: uio_fread requested=768 read=768
RUST_UIO: uio_fread requested=4 read=4
RUST_UIO: uio_fread requested=8 read=8
RUST_UIO: uio_fread requested=2 read=2
RUST_UIO: uio_fread requested=4 read=4
RUST_UIO: uio_fread requested=8 read=8
RUST_UIO: uio_fread requested=440 read=440
RUST_UIO: uio_fread requested=4 read=4
RUST_UIO: uio_fclose called
RUST_UIO: uio_fopen entry
RUST_UIO: uio_fopen called
RUST_UIO: uio_fopen path="/Users/runner/work/_temp/s4-command-evidence/bundle/run-0/payloads/native-window.acceptance/inputs/content/base/ships/kohrah/marauder-big-003.png" mode=rb
RUST_UIO: uio_fopen returning stream=0x600002d3e340
RUST_UIO: uio_fread requested=8 read=8
RUST_UIO: uio_fread requested=8 read=8
RUST_UIO: uio_fread requested=13 read=13
RUST_UIO: uio_fread requested=4 read=4
RUST_UIO: uio_fread requested=8 read=8
RUST_UIO: uio_fread requested=3 read=3
RUST_UIO: uio_fread requested=4 read=4
RUST_UIO: uio_fread requested=8 read=8
RUST_UIO: uio_fread requested=768 read=768
RUST_UIO: uio_fread requested=4 read=4
RUST_UIO: uio_fread requested=8 read=8
RUST_UIO: uio_fread requested=2 read=2
RUST_UIO: uio_fread requested=4 read=4
RUST_UIO: uio_fread requested=8 read=8
RUST_UIO: uio_fread requested=420 read=420
RUST_UIO: uio_fread requested=4 read=4
RUST_UIO: uio_fclose called
RUST_UIO: uio_fopen entry
RUST_UIO: uio_fopen called
RUST_UIO: uio_fopen path="/Users/runner/work/_temp/s4-command-evidence/bundle/run-0/payloads/native-window.acceptance/inputs/content/base/ships/kohrah/marauder-big-004.png" mode=rb
RUST_UIO: uio_fopen returning stream=0x600002d3e580
RUST_UIO: uio_fread requested=8 read=8
RUST_UIO: uio_fread requested=8 read=8
RUST_UIO: uio_fread requested=13 read=13
RUST_UIO: uio_fread requested=4 read=4
RUST_UIO: uio_fread requested=8 read=8
RUST_UIO: uio_fread requested=3 read=3
RUST_UIO: uio_fread requested=4 read=4
RUST_UIO: uio_fread requested=8 read=8
RUST_UIO: uio_fread requested=768 read=768
RUST_UIO: uio_fread requested=4 read=4
RUST_UIO: uio_fread requested=8 read=8
RUST_UIO: uio_fread requested=2 read=2
RUST_UIO: uio_fread requested=4 read=4
RUST_UIO: uio_fread requested=8 read=8
RUST_UIO: uio_fread requested=400 read=400
RUST_UIO: uio_fread requested=4 read=4
RUST_UIO: uio_fclose called
RUST_UIO: uio_fopen entry
RUST_UIO: uio_fopen called
RUST_UIO: uio_fopen path="/Users/runner/work/_temp/s4-command-evidence/bundle/run-0/payloads/native-window.acceptance/inputs/content/base/ships/kohrah/marauder-big-005.png" mode=rb
RUST_UIO: uio_fopen returning stream=0x600002d3e340
RUST_UIO: uio_fread requested=8 read=8
RUST_UIO: uio_fread requested=8 read=8
RUST_UIO: uio_fread requested=13 read=13
RUST_UIO: uio_fread requested=4 read=4
RUST_UIO: uio_fread requested=8 read=8
RUST_UIO: uio_fread requested=3 read=3
RUST_UIO: uio_fread requested=4 read=4
RUST_UIO: uio_fread requested=8 read=8
RUST_UIO: uio_fread requested=768 read=768
RUST_UIO: uio_fread requested=4 read=4
RUST_UIO: uio_fread requested=8 read=8
RUST_UIO: uio_fread requested=2 read=2
RUST_UIO: uio_fread requested=4 read=4
RUST_UIO: uio_fread requested=8 read=8
RUST_UIO: uio_fread requested=449 read=449
RUST_UIO: uio_fread requested=4 read=4
RUST_UIO: uio_fclose called
RUST_UIO: uio_fopen entry
RUST_UIO: uio_fopen called
RUST_UIO: uio_fopen path="/Users/runner/work/_temp/s4-command-evidence/bundle/run-0/payloads/native-window.acceptance/inputs/content/base/ships/kohrah/marauder-big-006.png" mode=rb
RUST_UIO: uio_fopen returning stream=0x600002d3e580
RUST_UIO: uio_fread requested=8 read=8
RUST_UIO: uio_fread requested=8 read=8
RUST_UIO: uio_fread requested=13 read=13
RUST_UIO: uio_fread requested=4 read=4
RUST_UIO: uio_fread requested=8 read=8
RUST_UIO: uio_fread requested=3 read=3
RUST_UIO: uio_fread requested=4 read=4
RUST_UIO: uio_fread requested=8 read=8
RUST_UIO: uio_fread requested=768 read=768
RUST_UIO: uio_fread requested=4 read=4
RUST_UIO: uio_fread requested=8 read=8
RUST_UIO: uio_fread requested=2 read=2
RUST_UIO: uio_fread requested=4 read=4
RUST_UIO: uio_fread requested=8 read=8
RUST_UIO: uio_fread requested=444 read=444
RUST_UIO: uio_fread requested=4 read=4
RUST_UIO: uio_fclose called
RUST_UIO: uio_fopen entry
RUST_UIO: uio_fopen called
RUST_UIO: uio_fopen path="/Users/runner/work/_temp/s4-command-evidence/bundle/run-0/payloads/native-window.acceptance/inputs/content/base/ships/kohrah/marauder-big-007.png" mode=rb
RUST_UIO: uio_fopen returning stream=0x600002d3e340
RUST_UIO: uio_fread requested=8 read=8
RUST_UIO: uio_fread requested=8 read=8
RUST_UIO: uio_fread requested=13 read=13
RUST_UIO: uio_fread requested=4 read=4
RUST_UIO: uio_fread requested=8 read=8
RUST_UIO: uio_fread requested=3 read=3
RUST_UIO: uio_fread requested=4 read=4
RUST_UIO: uio_fread requested=8 read=8
RUST_UIO: uio_fread requested=768 read=768
RUST_UIO: uio_fread requested=4 read=4
RUST_UIO: uio_fread requested=8 read=8
RUST_UIO: uio_fread requested=2 read=2
RUST_UIO: uio_fread requested=4 read=4
RUST_UIO: uio_fread requested=8 read=8
RUST_UIO: uio_fread requested=435 read=435
RUST_UIO: uio_fread requested=4 read=4
RUST_UIO: uio_fclose called
RUST_UIO: uio_fopen entry
RUST_UIO: uio_fopen called
RUST_UIO: uio_fopen path="/Users/runner/work/_temp/s4-command-evidence/bundle/run-0/payloads/native-window.acceptance/inputs/content/base/ships/kohrah/marauder-big-008.png" mode=rb
RUST_UIO: uio_fopen returning stream=0x600002d3e580
RUST_UIO: uio_fread requested=8 read=8
RUST_UIO: uio_fread requested=8 read=8
RUST_UIO: uio_fread requested=13 read=13
RUST_UIO: uio_fread requested=4 read=4
RUST_UIO: uio_fread requested=8 read=8
RUST_UIO: uio_fread requested=3 read=3
RUST_UIO: uio_fread requested=4 read=4
RUST_UIO: uio_fread requested=8 read=8
RUST_UIO: uio_fread requested=768 read=768
RUST_UIO: uio_fread requested=4 read=4
RUST_UIO: uio_fread requested=8 read=8
RUST_UIO: uio_fread requested=2 read=2
RUST_UIO: uio_fread requested=4 read=4
RUST_UIO: uio_fread requested=8 read=8
RUST_UIO: uio_fread requested=400 read=400
RUST_UIO: uio_fread requested=4 read=4
RUST_UIO: uio_fclose called
RUST_UIO: uio_fopen entry
RUST_UIO: uio_fopen called
RUST_UIO: uio_fopen path="/Users/runner/work/_temp/s4-command-evidence/bundle/run-0/payloads/native-window.acceptance/inputs/content/base/ships/kohrah/marauder-big-009.png" mode=rb
RUST_UIO: uio_fopen returning stream=0x600002d3e340
RUST_UIO: uio_fread requested=8 read=8
RUST_UIO: uio_fread requested=8 read=8
RUST_UIO: uio_fread requested=13 read=13
RUST_UIO: uio_fread requested=4 read=4
RUST_UIO: uio_fread requested=8 read=8
RUST_UIO: uio_fread requested=3 read=3
RUST_UIO: uio_fread requested=4 read=4
RUST_UIO: uio_fread requested=8 read=8
RUST_UIO: uio_fread requested=768 read=768
RUST_UIO: uio_fread requested=4 read=4
RUST_UIO: uio_fread requested=8 read=8
RUST_UIO: uio_fread requested=2 read=2
RUST_UIO: uio_fread requested=4 read=4
RUST_UIO: uio_fread requested=8 read=8
RUST_UIO: uio_fread requested=446 read=446
RUST_UIO: uio_fread requested=4 read=4
RUST_UIO: uio_fclose called
RUST_UIO: uio_fopen entry
RUST_UIO: uio_fopen called
RUST_UIO: uio_fopen path="/Users/runner/work/_temp/s4-command-evidence/bundle/run-0/payloads/native-window.acceptance/inputs/content/base/ships/kohrah/marauder-big-010.png" mode=rb
RUST_UIO: uio_fopen returning stream=0x600002d3e580
RUST_UIO: uio_fread requested=8 read=8
RUST_UIO: uio_fread requested=8 read=8
RUST_UIO: uio_fread requested=13 read=13
RUST_UIO: uio_fread requested=4 read=4
RUST_UIO: uio_fread requested=8 read=8
RUST_UIO: uio_fread requested=3 read=3
RUST_UIO: uio_fread requested=4 read=4
RUST_UIO: uio_fread requested=8 read=8
RUST_UIO: uio_fread requested=768 read=768
RUST_UIO: uio_fread requested=4 read=4
RUST_UIO: uio_fread requested=8 read=8
RUST_UIO: uio_fread requested=2 read=2
RUST_UIO: uio_fread requested=4 read=4
RUST_UIO: uio_fread requested=8 read=8
RUST_UIO: uio_fread requested=441 read=441
RUST_UIO: uio_fread requested=4 read=4
RUST_UIO: uio_fclose called
RUST_UIO: uio_fopen entry
RUST_UIO: uio_fopen called
RUST_UIO: uio_fopen path="/Users/runner/work/_temp/s4-command-evidence/bundle/run-0/payloads/native-window.acceptance/inputs/content/base/ships/kohrah/marauder-big-011.png" mode=rb
RUST_UIO: uio_fopen returning stream=0x600002d3e340
RUST_UIO: uio_fread requested=8 read=8
RUST_UIO: uio_fread requested=8 read=8
RUST_UIO: uio_fread requested=13 read=13
RUST_UIO: uio_fread requested=4 read=4
RUST_UIO: uio_fread requested=8 read=8
RUST_UIO: uio_fread requested=3 read=3
RUST_UIO: uio_fread requested=4 read=4
RUST_UIO: uio_fread requested=8 read=8
RUST_UIO: uio_fread requested=768 read=768
RUST_UIO: uio_fread requested=4 read=4
RUST_UIO: uio_fread requested=8 read=8
RUST_UIO: uio_fread requested=2 read=2
RUST_UIO: uio_fread requested=4 read=4
RUST_UIO: uio_fread requested=8 read=8
RUST_UIO: uio_fread requested=436 read=436
RUST_UIO: uio_fread requested=4 read=4
RUST_UIO: uio_fclose called
RUST_UIO: uio_fopen entry
RUST_UIO: uio_fopen called
RUST_UIO: uio_fopen path="/Users/runner/work/_temp/s4-command-evidence/bundle/run-0/payloads/native-window.acceptance/inputs/content/base/ships/kohrah/marauder-big-012.png" mode=rb
RUST_UIO: uio_fopen returning stream=0x600002d3e580
RUST_UIO: uio_fread requested=8 read=8
RUST_UIO: uio_fread requested=8 read=8
RUST_UIO: uio_fread requested=13 read=13
RUST_UIO: uio_fread requested=4 read=4
RUST_UIO: uio_fread requested=8 read=8
RUST_UIO: uio_fread requested=3 read=3
RUST_UIO: uio_fread requested=4 read=4
RUST_UIO: uio_fread requested=8 read=8
RUST_UIO: uio_fread requested=768 read=768
RUST_UIO: uio_fread requested=4 read=4
RUST_UIO: uio_fread requested=8 read=8
RUST_UIO: uio_fread requested=2 read=2
RUST_UIO: uio_fread requested=4 read=4
RUST_UIO: uio_fread requested=8 read=8
RUST_UIO: uio_fread requested=374 read=374
RUST_UIO: uio_fread requested=4 read=4
RUST_UIO: uio_fclose called
RUST_UIO: uio_fopen entry
RUST_UIO: uio_fopen called
RUST_UIO: uio_fopen path="/Users/runner/work/_temp/s4-command-evidence/bundle/run-0/payloads/native-window.acceptance/inputs/content/base/ships/kohrah/marauder-big-013.png" mode=rb
RUST_UIO: uio_fopen returning stream=0x600002d3e340
RUST_UIO: uio_fread requested=8 read=8
RUST_UIO: uio_fread requested=8 read=8
RUST_UIO: uio_fread requested=13 read=13
RUST_UIO: uio_fread requested=4 read=4
RUST_UIO: uio_fread requested=8 read=8
RUST_UIO: uio_fread requested=3 read=3
RUST_UIO: uio_fread requested=4 read=4
RUST_UIO: uio_fread requested=8 read=8
RUST_UIO: uio_fread requested=768 read=768
RUST_UIO: uio_fread requested=4 read=4
RUST_UIO: uio_fread requested=8 read=8
RUST_UIO: uio_fread requested=2 read=2
RUST_UIO: uio_fread requested=4 read=4
RUST_UIO: uio_fread requested=8 read=8
RUST_UIO: uio_fread requested=405 read=405
RUST_UIO: uio_fread requested=4 read=4
RUST_UIO: uio_fclose called
RUST_UIO: uio_fopen entry
RUST_UIO: uio_fopen called
RUST_UIO: uio_fopen path="/Users/runner/work/_temp/s4-command-evidence/bundle/run-0/payloads/native-window.acceptance/inputs/content/base/ships/kohrah/marauder-big-014.png" mode=rb
RUST_UIO: uio_fopen returning stream=0x600002d3e580
RUST_UIO: uio_fread requested=8 read=8
RUST_UIO: uio_fread requested=8 read=8
RUST_UIO: uio_fread requested=13 read=13
RUST_UIO: uio_fread requested=4 read=4
RUST_UIO: uio_fread requested=8 read=8
RUST_UIO: uio_fread requested=3 read=3
RUST_UIO: uio_fread requested=4 read=4
RUST_UIO: uio_fread requested=8 read=8
RUST_UIO: uio_fread requested=768 read=768
RUST_UIO: uio_fread requested=4 read=4
RUST_UIO: uio_fread requested=8 read=8
RUST_UIO: uio_fread requested=2 read=2
RUST_UIO: uio_fread requested=4 read=4
RUST_UIO: uio_fread requested=8 read=8
RUST_UIO: uio_fread requested=441 read=441
RUST_UIO: uio_fread requested=4 read=4
RUST_UIO: uio_fclose called
RUST_UIO: uio_fopen entry
RUST_UIO: uio_fopen called
RUST_UIO: uio_fopen path="/Users/runner/work/_temp/s4-command-evidence/bundle/run-0/payloads/native-window.acceptance/inputs/content/base/ships/kohrah/marauder-big-015.png" mode=rb
RUST_UIO: uio_fopen returning stream=0x600002d3e340
RUST_UIO: uio_fread requested=8 read=8
RUST_UIO: uio_fread requested=8 read=8
RUST_UIO: uio_fread requested=13 read=13
RUST_UIO: uio_fread requested=4 read=4
RUST_UIO: uio_fread requested=8 read=8
RUST_UIO: uio_fread requested=3 read=3
RUST_UIO: uio_fread requested=4 read=4
RUST_UIO: uio_fread requested=8 read=8
RUST_UIO: uio_fread requested=768 read=768
RUST_UIO: uio_fread requested=4 read=4
RUST_UIO: uio_fread requested=8 read=8
RUST_UIO: uio_fread requested=2 read=2
RUST_UIO: uio_fread requested=4 read=4
RUST_UIO: uio_fread requested=8 read=8
RUST_UIO: uio_fread requested=435 read=435
RUST_UIO: uio_fread requested=4 read=4
RUST_UIO: uio_fclose called
RUST_UIO: uio_fclose called
RUST_UIO: uio_stat called
RUST_UIO: uio_fopen entry
RUST_UIO: uio_fopen called
RUST_UIO: uio_fopen path="/Users/runner/work/_temp/s4-command-evidence/bundle/run-0/payloads/native-window.acceptance/inputs/content/base/ships/kohrah/marauder-med.ani" mode=rb
RUST_UIO: uio_fopen returning stream=0x600002d3cbc0
RUST_UIO: uio_fread requested=4 read=4
RUST_UIO: uio_fopen entry
RUST_UIO: uio_fopen called
RUST_UIO: uio_fopen path="/Users/runner/work/_temp/s4-command-evidence/bundle/run-0/payloads/native-window.acceptance/inputs/content/base/ships/kohrah/marauder-med-000.png" mode=rb
RUST_UIO: uio_fopen returning stream=0x600002d3e580
RUST_UIO: uio_fread requested=8 read=8
RUST_UIO: uio_fread requested=8 read=8
RUST_UIO: uio_fread requested=13 read=13
RUST_UIO: uio_fread requested=4 read=4
RUST_UIO: uio_fread requested=8 read=8
RUST_UIO: uio_fread requested=3 read=3
RUST_UIO: uio_fread requested=4 read=4
RUST_UIO: uio_fread requested=8 read=8
RUST_UIO: uio_fread requested=768 read=768
RUST_UIO: uio_fread requested=4 read=4
RUST_UIO: uio_fread requested=8 read=8
RUST_UIO: uio_fread requested=1 read=1
RUST_UIO: uio_fread requested=4 read=4
RUST_UIO: uio_fread requested=8 read=8
RUST_UIO: uio_fread requested=134 read=134
RUST_UIO: uio_fread requested=4 read=4
RUST_UIO: uio_fclose called
RUST_UIO: uio_fopen entry
RUST_UIO: uio_fopen called
RUST_UIO: uio_fopen path="/Users/runner/work/_temp/s4-command-evidence/bundle/run-0/payloads/native-window.acceptance/inputs/content/base/ships/kohrah/marauder-med-001.png" mode=rb
RUST_UIO: uio_fopen returning stream=0x600002d3e340
RUST_UIO: uio_fread requested=8 read=8
RUST_UIO: uio_fread requested=8 read=8
RUST_UIO: uio_fread requested=13 read=13
RUST_UIO: uio_fread requested=4 read=4
RUST_UIO: uio_fread requested=8 read=8
RUST_UIO: uio_fread requested=3 read=3
RUST_UIO: uio_fread requested=4 read=4
RUST_UIO: uio_fread requested=8 read=8
RUST_UIO: uio_fread requested=768 read=768
RUST_UIO: uio_fread requested=4 read=4
RUST_UIO: uio_fread requested=8 read=8
RUST_UIO: uio_fread requested=1 read=1
RUST_UIO: uio_fread requested=4 read=4
RUST_UIO: uio_fread requested=8 read=8
RUST_UIO: uio_fread requested=148 read=148
RUST_UIO: uio_fread requested=4 read=4
RUST_UIO: uio_fclose called
RUST_UIO: uio_fopen entry
RUST_UIO: uio_fopen called
RUST_UIO: uio_fopen path="/Users/runner/work/_temp/s4-command-evidence/bundle/run-0/payloads/native-window.acceptance/inputs/content/base/ships/kohrah/marauder-med-002.png" mode=rb
RUST_UIO: uio_fopen returning stream=0x600002d3e580
RUST_UIO: uio_fread requested=8 read=8
RUST_UIO: uio_fread requested=8 read=8
RUST_UIO: uio_fread requested=13 read=13
RUST_UIO: uio_fread requested=4 read=4
RUST_UIO: uio_fread requested=8 read=8
RUST_UIO: uio_fread requested=3 read=3
RUST_UIO: uio_fread requested=4 read=4
RUST_UIO: uio_fread requested=8 read=8
RUST_UIO: uio_fread requested=768 read=768
RUST_UIO: uio_fread requested=4 read=4
RUST_UIO: uio_fread requested=8 read=8
RUST_UIO: uio_fread requested=2 read=2
RUST_UIO: uio_fread requested=4 read=4
RUST_UIO: uio_fread requested=8 read=8
RUST_UIO: uio_fread requested=158 read=158
RUST_UIO: uio_fread requested=4 read=4
RUST_UIO: uio_fclose called
RUST_UIO: uio_fopen entry
RUST_UIO: uio_fopen called
RUST_UIO: uio_fopen path="/Users/runner/work/_temp/s4-command-evidence/bundle/run-0/payloads/native-window.acceptance/inputs/content/base/ships/kohrah/marauder-med-003.png" mode=rb
RUST_UIO: uio_fopen returning stream=0x600002d3e340
RUST_UIO: uio_fread requested=8 read=8
RUST_UIO: uio_fread requested=8 read=8
RUST_UIO: uio_fread requested=13 read=13
RUST_UIO: uio_fread requested=4 read=4
RUST_UIO: uio_fread requested=8 read=8
RUST_UIO: uio_fread requested=3 read=3
RUST_UIO: uio_fread requested=4 read=4
RUST_UIO: uio_fread requested=8 read=8
RUST_UIO: uio_fread requested=768 read=768
RUST_UIO: uio_fread requested=4 read=4
RUST_UIO: uio_fread requested=8 read=8
RUST_UIO: uio_fread requested=1 read=1
RUST_UIO: uio_fread requested=4 read=4
RUST_UIO: uio_fread requested=8 read=8
RUST_UIO: uio_fread requested=144 read=144
RUST_UIO: uio_fread requested=4 read=4
RUST_UIO: uio_fclose called
RUST_UIO: uio_fopen entry
RUST_UIO: uio_fopen called
RUST_UIO: uio_fopen path="/Users/runner/work/_temp/s4-command-evidence/bundle/run-0/payloads/native-window.acceptance/inputs/content/base/ships/kohrah/marauder-med-004.png" mode=rb
RUST_UIO: uio_fopen returning stream=0x600002d3e580
RUST_UIO: uio_fread requested=8 read=8
RUST_UIO: uio_fread requested=8 read=8
RUST_UIO: uio_fread requested=13 read=13
RUST_UIO: uio_fread requested=4 read=4
RUST_UIO: uio_fread requested=8 read=8
RUST_UIO: uio_fread requested=3 read=3
RUST_UIO: uio_fread requested=4 read=4
RUST_UIO: uio_fread requested=8 read=8
RUST_UIO: uio_fread requested=768 read=768
RUST_UIO: uio_fread requested=4 read=4
RUST_UIO: uio_fread requested=8 read=8
RUST_UIO: uio_fread requested=1 read=1
RUST_UIO: uio_fread requested=4 read=4
RUST_UIO: uio_fread requested=8 read=8
RUST_UIO: uio_fread requested=131 read=131
RUST_UIO: uio_fread requested=4 read=4
RUST_UIO: uio_fclose called
RUST_UIO: uio_fopen entry
RUST_UIO: uio_fopen called
RUST_UIO: uio_fopen path="/Users/runner/work/_temp/s4-command-evidence/bundle/run-0/payloads/native-window.acceptance/inputs/content/base/ships/kohrah/marauder-med-005.png" mode=rb
RUST_UIO: uio_fopen returning stream=0x600002d3e340
RUST_UIO: uio_fread requested=8 read=8
RUST_UIO: uio_fread requested=8 read=8
RUST_UIO: uio_fread requested=13 read=13
RUST_UIO: uio_fread requested=4 read=4
RUST_UIO: uio_fread requested=8 read=8
RUST_UIO: uio_fread requested=3 read=3
RUST_UIO: uio_fread requested=4 read=4
RUST_UIO: uio_fread requested=8 read=8
RUST_UIO: uio_fread requested=768 read=768
RUST_UIO: uio_fread requested=4 read=4
RUST_UIO: uio_fread requested=8 read=8
RUST_UIO: uio_fread requested=2 read=2
RUST_UIO: uio_fread requested=4 read=4
RUST_UIO: uio_fread requested=8 read=8
RUST_UIO: uio_fread requested=162 read=162
RUST_UIO: uio_fread requested=4 read=4
RUST_UIO: uio_fclose called
RUST_UIO: uio_fopen entry
RUST_UIO: uio_fopen called
RUST_UIO: uio_fopen path="/Users/runner/work/_temp/s4-command-evidence/bundle/run-0/payloads/native-window.acceptance/inputs/content/base/ships/kohrah/marauder-med-006.png" mode=rb
RUST_UIO: uio_fopen returning stream=0x600002d3e580
RUST_UIO: uio_fread requested=8 read=8
RUST_UIO: uio_fread requested=8 read=8
RUST_UIO: uio_fread requested=13 read=13
RUST_UIO: uio_fread requested=4 read=4
RUST_UIO: uio_fread requested=8 read=8
RUST_UIO: uio_fread requested=3 read=3
RUST_UIO: uio_fread requested=4 read=4
RUST_UIO: uio_fread requested=8 read=8
RUST_UIO: uio_fread requested=768 read=768
RUST_UIO: uio_fread requested=4 read=4
RUST_UIO: uio_fread requested=8 read=8
RUST_UIO: uio_fread requested=2 read=2
RUST_UIO: uio_fread requested=4 read=4
RUST_UIO: uio_fread requested=8 read=8
RUST_UIO: uio_fread requested=161 read=161
RUST_UIO: uio_fread requested=4 read=4
RUST_UIO: uio_fclose called
RUST_UIO: uio_fopen entry
RUST_UIO: uio_fopen called
RUST_UIO: uio_fopen path="/Users/runner/work/_temp/s4-command-evidence/bundle/run-0/payloads/native-window.acceptance/inputs/content/base/ships/kohrah/marauder-med-007.png" mode=rb
RUST_UIO: uio_fopen returning stream=0x600002d3e340
RUST_UIO: uio_fread requested=8 read=8
RUST_UIO: uio_fread requested=8 read=8
RUST_UIO: uio_fread requested=13 read=13
RUST_UIO: uio_fread requested=4 read=4
RUST_UIO: uio_fread requested=8 read=8
RUST_UIO: uio_fread requested=3 read=3
RUST_UIO: uio_fread requested=4 read=4
RUST_UIO: uio_fread requested=8 read=8
RUST_UIO: uio_fread requested=768 read=768
RUST_UIO: uio_fread requested=4 read=4
RUST_UIO: uio_fread requested=8 read=8
RUST_UIO: uio_fread requested=2 read=2
RUST_UIO: uio_fread requested=4 read=4
RUST_UIO: uio_fread requested=8 read=8
RUST_UIO: uio_fread requested=157 read=157
RUST_UIO: uio_fread requested=4 read=4
RUST_UIO: uio_fclose called
RUST_UIO: uio_fopen entry
RUST_UIO: uio_fopen called
RUST_UIO: uio_fopen path="/Users/runner/work/_temp/s4-command-evidence/bundle/run-0/payloads/native-window.acceptance/inputs/content/base/ships/kohrah/marauder-med-008.png" mode=rb
RUST_UIO: uio_fopen returning stream=0x600002d3e580
RUST_UIO: uio_fread requested=8 read=8
RUST_UIO: uio_fread requested=8 read=8
RUST_UIO: uio_fread requested=13 read=13
RUST_UIO: uio_fread requested=4 read=4
RUST_UIO: uio_fread requested=8 read=8
RUST_UIO: uio_fread requested=3 read=3
RUST_UIO: uio_fread requested=4 read=4
RUST_UIO: uio_fread requested=8 read=8
RUST_UIO: uio_fread requested=768 read=768
RUST_UIO: uio_fread requested=4 read=4
RUST_UIO: uio_fread requested=8 read=8
RUST_UIO: uio_fread requested=1 read=1
RUST_UIO: uio_fread requested=4 read=4
RUST_UIO: uio_fread requested=8 read=8
RUST_UIO: uio_fread requested=141 read=141
RUST_UIO: uio_fread requested=4 read=4
RUST_UIO: uio_fclose called
RUST_UIO: uio_fopen entry
RUST_UIO: uio_fopen called
RUST_UIO: uio_fopen path="/Users/runner/work/_temp/s4-command-evidence/bundle/run-0/payloads/native-window.acceptance/inputs/content/base/ships/kohrah/marauder-med-009.png" mode=rb
RUST_UIO: uio_fopen returning stream=0x600002d3e340
RUST_UIO: uio_fread requested=8 read=8
RUST_UIO: uio_fread requested=8 read=8
RUST_UIO: uio_fread requested=13 read=13
RUST_UIO: uio_fread requested=4 read=4
RUST_UIO: uio_fread requested=8 read=8
RUST_UIO: uio_fread requested=3 read=3
RUST_UIO: uio_fread requested=4 read=4
RUST_UIO: uio_fread requested=8 read=8
RUST_UIO: uio_fread requested=768 read=768
RUST_UIO: uio_fread requested=4 read=4
RUST_UIO: uio_fread requested=8 read=8
RUST_UIO: uio_fread requested=2 read=2
RUST_UIO: uio_fread requested=4 read=4
RUST_UIO: uio_fread requested=8 read=8
RUST_UIO: uio_fread requested=158 read=158
RUST_UIO: uio_fread requested=4 read=4
RUST_UIO: uio_fclose called
RUST_UIO: uio_fopen entry
RUST_UIO: uio_fopen called
RUST_UIO: uio_fopen path="/Users/runner/work/_temp/s4-command-evidence/bundle/run-0/payloads/native-window.acceptance/inputs/content/base/ships/kohrah/marauder-med-010.png" mode=rb
RUST_UIO: uio_fopen returning stream=0x600002d3e580
RUST_UIO: uio_fread requested=8 read=8
RUST_UIO: uio_fread requested=8 read=8
RUST_UIO: uio_fread requested=13 read=13
RUST_UIO: uio_fread requested=4 read=4
RUST_UIO: uio_fread requested=8 read=8
RUST_UIO: uio_fread requested=3 read=3
RUST_UIO: uio_fread requested=4 read=4
RUST_UIO: uio_fread requested=8 read=8
RUST_UIO: uio_fread requested=768 read=768
RUST_UIO: uio_fread requested=4 read=4
RUST_UIO: uio_fread requested=8 read=8
RUST_UIO: uio_fread requested=1 read=1
RUST_UIO: uio_fread requested=4 read=4
RUST_UIO: uio_fread requested=8 read=8
RUST_UIO: uio_fread requested=156 read=156
RUST_UIO: uio_fread requested=4 read=4
RUST_UIO: uio_fclose called
RUST_UIO: uio_fopen entry
RUST_UIO: uio_fopen called
RUST_UIO: uio_fopen path="/Users/runner/work/_temp/s4-command-evidence/bundle/run-0/payloads/native-window.acceptance/inputs/content/base/ships/kohrah/marauder-med-011.png" mode=rb
RUST_UIO: uio_fopen returning stream=0x600002d3e340
RUST_UIO: uio_fread requested=8 read=8
RUST_UIO: uio_fread requested=8 read=8
RUST_UIO: uio_fread requested=13 read=13
RUST_UIO: uio_fread requested=4 read=4
RUST_UIO: uio_fread requested=8 read=8
RUST_UIO: uio_fread requested=3 read=3
RUST_UIO: uio_fread requested=4 read=4
RUST_UIO: uio_fread requested=8 read=8
RUST_UIO: uio_fread requested=768 read=768
RUST_UIO: uio_fread requested=4 read=4
RUST_UIO: uio_fread requested=8 read=8
RUST_UIO: uio_fread requested=1 read=1
RUST_UIO: uio_fread requested=4 read=4
RUST_UIO: uio_fread requested=8 read=8
RUST_UIO: uio_fread requested=140 read=140
RUST_UIO: uio_fread requested=4 read=4
RUST_UIO: uio_fclose called
RUST_UIO: uio_fopen entry
RUST_UIO: uio_fopen called
RUST_UIO: uio_fopen path="/Users/runner/work/_temp/s4-command-evidence/bundle/run-0/payloads/native-window.acceptance/inputs/content/base/ships/kohrah/marauder-med-012.png" mode=rb
RUST_UIO: uio_fopen returning stream=0x600002d3e580
RUST_UIO: uio_fread requested=8 read=8
RUST_UIO: uio_fread requested=8 read=8
RUST_UIO: uio_fread requested=13 read=13
RUST_UIO: uio_fread requested=4 read=4
RUST_UIO: uio_fread requested=8 read=8
RUST_UIO: uio_fread requested=3 read=3
RUST_UIO: uio_fread requested=4 read=4
RUST_UIO: uio_fread requested=8 read=8
RUST_UIO: uio_fread requested=768 read=768
RUST_UIO: uio_fread requested=4 read=4
RUST_UIO: uio_fread requested=8 read=8
RUST_UIO: uio_fread requested=1 read=1
RUST_UIO: uio_fread requested=4 read=4
RUST_UIO: uio_fread requested=8 read=8
RUST_UIO: uio_fread requested=127 read=127
RUST_UIO: uio_fread requested=4 read=4
RUST_UIO: uio_fclose called
RUST_UIO: uio_fopen entry
RUST_UIO: uio_fopen called
RUST_UIO: uio_fopen path="/Users/runner/work/_temp/s4-command-evidence/bundle/run-0/payloads/native-window.acceptance/inputs/content/base/ships/kohrah/marauder-med-013.png" mode=rb
RUST_UIO: uio_fopen returning stream=0x600002d3e340
RUST_UIO: uio_fread requested=8 read=8
RUST_UIO: uio_fread requested=8 read=8
RUST_UIO: uio_fread requested=13 read=13
RUST_UIO: uio_fread requested=4 read=4
RUST_UIO: uio_fread requested=8 read=8
RUST_UIO: uio_fread requested=3 read=3
RUST_UIO: uio_fread requested=4 read=4
RUST_UIO: uio_fread requested=8 read=8
RUST_UIO: uio_fread requested=768 read=768
RUST_UIO: uio_fread requested=4 read=4
RUST_UIO: uio_fread requested=8 read=8
RUST_UIO: uio_fread requested=2 read=2
RUST_UIO: uio_fread requested=4 read=4
RUST_UIO: uio_fread requested=8 read=8
RUST_UIO: uio_fread requested=147 read=147
RUST_UIO: uio_fread requested=4 read=4
RUST_UIO: uio_fclose called
RUST_UIO: uio_fopen entry
RUST_UIO: uio_fopen called
RUST_UIO: uio_fopen path="/Users/runner/work/_temp/s4-command-evidence/bundle/run-0/payloads/native-window.acceptance/inputs/content/base/ships/kohrah/marauder-med-014.png" mode=rb
RUST_UIO: uio_fopen returning stream=0x600002d3e580
RUST_UIO: uio_fread requested=8 read=8
RUST_UIO: uio_fread requested=8 read=8
RUST_UIO: uio_fread requested=13 read=13
RUST_UIO: uio_fread requested=4 read=4
RUST_UIO: uio_fread requested=8 read=8
RUST_UIO: uio_fread requested=3 read=3
RUST_UIO: uio_fread requested=4 read=4
RUST_UIO: uio_fread requested=8 read=8
RUST_UIO: uio_fread requested=768 read=768
RUST_UIO: uio_fread requested=4 read=4
RUST_UIO: uio_fread requested=8 read=8
RUST_UIO: uio_fread requested=2 read=2
RUST_UIO: uio_fread requested=4 read=4
RUST_UIO: uio_fread requested=8 read=8
RUST_UIO: uio_fread requested=162 read=162
RUST_UIO: uio_fread requested=4 read=4
RUST_UIO: uio_fclose called
RUST_UIO: uio_fopen entry
RUST_UIO: uio_fopen called
RUST_UIO: uio_fopen path="/Users/runner/work/_temp/s4-command-evidence/bundle/run-0/payloads/native-window.acceptance/inputs/content/base/ships/kohrah/marauder-med-015.png" mode=rb
RUST_UIO: uio_fopen returning stream=0x600002d3e340
RUST_UIO: uio_fread requested=8 read=8
RUST_UIO: uio_fread requested=8 read=8
RUST_UIO: uio_fread requested=13 read=13
RUST_UIO: uio_fread requested=4 read=4
RUST_UIO: uio_fread requested=8 read=8
RUST_UIO: uio_fread requested=3 read=3
RUST_UIO: uio_fread requested=4 read=4
RUST_UIO: uio_fread requested=8 read=8
RUST_UIO: uio_fread requested=768 read=768
RUST_UIO: uio_fread requested=4 read=4
RUST_UIO: uio_fread requested=8 read=8
RUST_UIO: uio_fread requested=2 read=2
RUST_UIO: uio_fread requested=4 read=4
RUST_UIO: uio_fread requested=8 read=8
RUST_UIO: uio_fread requested=156 read=156
RUST_UIO: uio_fread requested=4 read=4
RUST_UIO: uio_fclose called
RUST_UIO: uio_fclose called
RUST_UIO: uio_stat called
RUST_UIO: uio_fopen entry
RUST_UIO: uio_fopen called
RUST_UIO: uio_fopen path="/Users/runner/work/_temp/s4-command-evidence/bundle/run-0/payloads/native-window.acceptance/inputs/content/base/ships/kohrah/marauder-sml.ani" mode=rb
RUST_UIO: uio_fopen returning stream=0x600002d3cb80
RUST_UIO: uio_fread requested=4 read=4
RUST_UIO: uio_fopen entry
RUST_UIO: uio_fopen called
RUST_UIO: uio_fopen path="/Users/runner/work/_temp/s4-command-evidence/bundle/run-0/payloads/native-window.acceptance/inputs/content/base/ships/kohrah/marauder-sml-000.png" mode=rb
RUST_UIO: uio_fopen returning stream=0x600002d3e580
RUST_UIO: uio_fread requested=8 read=8
RUST_UIO: uio_fread requested=8 read=8
RUST_UIO: uio_fread requested=13 read=13
RUST_UIO: uio_fread requested=4 read=4
RUST_UIO: uio_fread requested=8 read=8
RUST_UIO: uio_fread requested=3 read=3
RUST_UIO: uio_fread requested=4 read=4
RUST_UIO: uio_fread requested=8 read=8
RUST_UIO: uio_fread requested=768 read=768
RUST_UIO: uio_fread requested=4 read=4
RUST_UIO: uio_fread requested=8 read=8
RUST_UIO: uio_fread requested=1 read=1
RUST_UIO: uio_fread requested=4 read=4
RUST_UIO: uio_fread requested=8 read=8
RUST_UIO: uio_fread requested=49 read=49
RUST_UIO: uio_fread requested=4 read=4
RUST_UIO: uio_fclose called
RUST_UIO: uio_fopen entry
RUST_UIO: uio_fopen called
RUST_UIO: uio_fopen path="/Users/runner/work/_temp/s4-command-evidence/bundle/run-0/payloads/native-window.acceptance/inputs/content/base/ships/kohrah/marauder-sml-001.png" mode=rb
RUST_UIO: uio_fopen returning stream=0x600002d3e340
RUST_UIO: uio_fread requested=8 read=8
RUST_UIO: uio_fread requested=8 read=8
RUST_UIO: uio_fread requested=13 read=13
RUST_UIO: uio_fread requested=4 read=4
RUST_UIO: uio_fread requested=8 read=8
RUST_UIO: uio_fread requested=3 read=3
RUST_UIO: uio_fread requested=4 read=4
RUST_UIO: uio_fread requested=8 read=8
RUST_UIO: uio_fread requested=768 read=768
RUST_UIO: uio_fread requested=4 read=4
RUST_UIO: uio_fread requested=8 read=8
RUST_UIO: uio_fread requested=1 read=1
RUST_UIO: uio_fread requested=4 read=4
RUST_UIO: uio_fread requested=8 read=8
RUST_UIO: uio_fread requested=56 read=56
RUST_UIO: uio_fread requested=4 read=4
RUST_UIO: uio_fclose called
RUST_UIO: uio_fopen entry
RUST_UIO: uio_fopen called
RUST_UIO: uio_fopen path="/Users/runner/work/_temp/s4-command-evidence/bundle/run-0/payloads/native-window.acceptance/inputs/content/base/ships/kohrah/marauder-sml-002.png" mode=rb
RUST_UIO: uio_fopen returning stream=0x600002d3e580
RUST_UIO: uio_fread requested=8 read=8
RUST_UIO: uio_fread requested=8 read=8
RUST_UIO: uio_fread requested=13 read=13
RUST_UIO: uio_fread requested=4 read=4
RUST_UIO: uio_fread requested=8 read=8
RUST_UIO: uio_fread requested=3 read=3
RUST_UIO: uio_fread requested=4 read=4
RUST_UIO: uio_fread requested=8 read=8
RUST_UIO: uio_fread requested=768 read=768
RUST_UIO: uio_fread requested=4 read=4
RUST_UIO: uio_fread requested=8 read=8
RUST_UIO: uio_fread requested=1 read=1
RUST_UIO: uio_fread requested=4 read=4
RUST_UIO: uio_fread requested=8 read=8
RUST_UIO: uio_fread requested=53 read=53
RUST_UIO: uio_fread requested=4 read=4
RUST_UIO: uio_fclose called
RUST_UIO: uio_fopen entry
RUST_UIO: uio_fopen called
RUST_UIO: uio_fopen path="/Users/runner/work/_temp/s4-command-evidence/bundle/run-0/payloads/native-window.acceptance/inputs/content/base/ships/kohrah/marauder-sml-003.png" mode=rb
RUST_UIO: uio_fopen returning stream=0x600002d3e340
RUST_UIO: uio_fread requested=8 read=8
RUST_UIO: uio_fread requested=8 read=8
RUST_UIO: uio_fread requested=13 read=13
RUST_UIO: uio_fread requested=4 read=4
RUST_UIO: uio_fread requested=8 read=8
RUST_UIO: uio_fread requested=3 read=3
RUST_UIO: uio_fread requested=4 read=4
RUST_UIO: uio_fread requested=8 read=8
RUST_UIO: uio_fread requested=768 read=768
RUST_UIO: uio_fread requested=4 read=4
RUST_UIO: uio_fread requested=8 read=8
RUST_UIO: uio_fread requested=1 read=1
RUST_UIO: uio_fread requested=4 read=4
RUST_UIO: uio_fread requested=8 read=8
RUST_UIO: uio_fread requested=54 read=54
RUST_UIO: uio_fread requested=4 read=4
RUST_UIO: uio_fclose called
RUST_UIO: uio_fopen entry
RUST_UIO: uio_fopen called
RUST_UIO: uio_fopen path="/Users/runner/work/_temp/s4-command-evidence/bundle/run-0/payloads/native-window.acceptance/inputs/content/base/ships/kohrah/marauder-sml-004.png" mode=rb
RUST_UIO: uio_fopen returning stream=0x600002d04ac0
RUST_UIO: uio_fread requested=8 read=8
RUST_UIO: uio_fread requested=8 read=8
RUST_UIO: uio_fread requested=13 read=13
RUST_UIO: uio_fread requested=4 read=4
RUST_UIO: uio_fread requested=8 read=8
RUST_UIO: uio_fread requested=3 read=3
RUST_UIO: uio_fread requested=4 read=4
RUST_UIO: uio_fread requested=8 read=8
RUST_UIO: uio_fread requested=768 read=768
RUST_UIO: uio_fread requested=4 read=4
RUST_UIO: uio_fread requested=8 read=8
RUST_UIO: uio_fread requested=1 read=1
RUST_UIO: uio_fread requested=4 read=4
RUST_UIO: uio_fread requested=8 read=8
RUST_UIO: uio_fread requested=45 read=45
RUST_UIO: uio_fread requested=4 read=4
RUST_UIO: uio_fclose called
RUST_UIO: uio_fopen entry
RUST_UIO: uio_fopen called
RUST_UIO: uio_fopen path="/Users/runner/work/_temp/s4-command-evidence/bundle/run-0/payloads/native-window.acceptance/inputs/content/base/ships/kohrah/marauder-sml-005.png" mode=rb
RUST_UIO: uio_fopen returning stream=0x600002d34f40
RUST_UIO: uio_fread requested=8 read=8
RUST_UIO: uio_fread requested=8 read=8
RUST_UIO: uio_fread requested=13 read=13
RUST_UIO: uio_fread requested=4 read=4
RUST_UIO: uio_fread requested=8 read=8
RUST_UIO: uio_fread requested=3 read=3
RUST_UIO: uio_fread requested=4 read=4
RUST_UIO: uio_fread requested=8 read=8
RUST_UIO: uio_fread requested=768 read=768
RUST_UIO: uio_fread requested=4 read=4
RUST_UIO: uio_fread requested=8 read=8
RUST_UIO: uio_fread requested=1 read=1
RUST_UIO: uio_fread requested=4 read=4
RUST_UIO: uio_fread requested=8 read=8
RUST_UIO: uio_fread requested=53 read=53
RUST_UIO: uio_fread requested=4 read=4
RUST_UIO: uio_fclose called
RUST_UIO: uio_fopen entry
RUST_UIO: uio_fopen called
RUST_UIO: uio_fopen path="/Users/runner/work/_temp/s4-command-evidence/bundle/run-0/payloads/native-window.acceptance/inputs/content/base/ships/kohrah/marauder-sml-006.png" mode=rb
RUST_UIO: uio_fopen returning stream=0x600002d2c080
RUST_UIO: uio_fread requested=8 read=8
RUST_UIO: uio_fread requested=8 read=8
RUST_UIO: uio_fread requested=13 read=13
RUST_UIO: uio_fread requested=4 read=4
RUST_UIO: uio_fread requested=8 read=8
RUST_UIO: uio_fread requested=3 read=3
RUST_UIO: uio_fread requested=4 read=4
RUST_UIO: uio_fread requested=8 read=8
RUST_UIO: uio_fread requested=768 read=768
RUST_UIO: uio_fread requested=4 read=4
RUST_UIO: uio_fread requested=8 read=8
RUST_UIO: uio_fread requested=1 read=1
RUST_UIO: uio_fread requested=4 read=4
RUST_UIO: uio_fread requested=8 read=8
RUST_UIO: uio_fread requested=50 read=50
RUST_UIO: uio_fread requested=4 read=4
RUST_UIO: uio_fclose called
RUST_UIO: uio_fopen entry
RUST_UIO: uio_fopen called
RUST_UIO: uio_fopen path="/Users/runner/work/_temp/s4-command-evidence/bundle/run-0/payloads/native-window.acceptance/inputs/content/base/ships/kohrah/marauder-sml-007.png" mode=rb
RUST_UIO: uio_fopen returning stream=0x600002d2c040
RUST_UIO: uio_fread requested=8 read=8
RUST_UIO: uio_fread requested=8 read=8
RUST_UIO: uio_fread requested=13 read=13
RUST_UIO: uio_fread requested=4 read=4
RUST_UIO: uio_fread requested=8 read=8
RUST_UIO: uio_fread requested=3 read=3
RUST_UIO: uio_fread requested=4 read=4
RUST_UIO: uio_fread requested=8 read=8
RUST_UIO: uio_fread requested=768 read=768
RUST_UIO: uio_fread requested=4 read=4
RUST_UIO: uio_fread requested=8 read=8
RUST_UIO: uio_fread requested=1 read=1
RUST_UIO: uio_fread requested=4 read=4
RUST_UIO: uio_fread requested=8 read=8
RUST_UIO: uio_fread requested=57 read=57
RUST_UIO: uio_fread requested=4 read=4
RUST_UIO: uio_fclose called
RUST_UIO: uio_fopen entry
RUST_UIO: uio_fopen called
RUST_UIO: uio_fopen path="/Users/runner/work/_temp/s4-command-evidence/bundle/run-0/payloads/native-window.acceptance/inputs/content/base/ships/kohrah/marauder-sml-008.png" mode=rb
RUST_UIO: uio_fopen returning stream=0x600002d2c080
RUST_UIO: uio_fread requested=8 read=8
RUST_UIO: uio_fread requested=8 read=8
RUST_UIO: uio_fread requested=13 read=13
RUST_UIO: uio_fread requested=4 read=4
RUST_UIO: uio_fread requested=8 read=8
RUST_UIO: uio_fread requested=3 read=3
RUST_UIO: uio_fread requested=4 read=4
RUST_UIO: uio_fread requested=8 read=8
RUST_UIO: uio_fread requested=768 read=768
RUST_UIO: uio_fread requested=4 read=4
RUST_UIO: uio_fread requested=8 read=8
RUST_UIO: uio_fread requested=1 read=1
RUST_UIO: uio_fread requested=4 read=4
RUST_UIO: uio_fread requested=8 read=8
RUST_UIO: uio_fread requested=47 read=47
RUST_UIO: uio_fread requested=4 read=4
RUST_UIO: uio_fclose called
RUST_UIO: uio_fopen entry
RUST_UIO: uio_fopen called
RUST_UIO: uio_fopen path="/Users/runner/work/_temp/s4-command-evidence/bundle/run-0/payloads/native-window.acceptance/inputs/content/base/ships/kohrah/marauder-sml-009.png" mode=rb
RUST_UIO: uio_fopen returning stream=0x600002d2c040
RUST_UIO: uio_fread requested=8 read=8
RUST_UIO: uio_fread requested=8 read=8
RUST_UIO: uio_fread requested=13 read=13
RUST_UIO: uio_fread requested=4 read=4
RUST_UIO: uio_fread requested=8 read=8
RUST_UIO: uio_fread requested=3 read=3
RUST_UIO: uio_fread requested=4 read=4
RUST_UIO: uio_fread requested=8 read=8
RUST_UIO: uio_fread requested=768 read=768
RUST_UIO: uio_fread requested=4 read=4
RUST_UIO: uio_fread requested=8 read=8
RUST_UIO: uio_fread requested=1 read=1
RUST_UIO: uio_fread requested=4 read=4
RUST_UIO: uio_fread requested=8 read=8
RUST_UIO: uio_fread requested=55 read=55
RUST_UIO: uio_fread requested=4 read=4
RUST_UIO: uio_fclose called
RUST_UIO: uio_fopen entry
RUST_UIO: uio_fopen called
RUST_UIO: uio_fopen path="/Users/runner/work/_temp/s4-command-evidence/bundle/run-0/payloads/native-window.acceptance/inputs/content/base/ships/kohrah/marauder-sml-010.png" mode=rb
RUST_UIO: uio_fopen returning stream=0x600002d2c080
RUST_UIO: uio_fread requested=8 read=8
RUST_UIO: uio_fread requested=8 read=8
RUST_UIO: uio_fread requested=13 read=13
RUST_UIO: uio_fread requested=4 read=4
RUST_UIO: uio_fread requested=8 read=8
RUST_UIO: uio_fread requested=3 read=3
RUST_UIO: uio_fread requested=4 read=4
RUST_UIO: uio_fread requested=8 read=8
RUST_UIO: uio_fread requested=768 read=768
RUST_UIO: uio_fread requested=4 read=4
RUST_UIO: uio_fread requested=8 read=8
RUST_UIO: uio_fread requested=1 read=1
RUST_UIO: uio_fread requested=4 read=4
RUST_UIO: uio_fread requested=8 read=8
RUST_UIO: uio_fread requested=54 read=54
RUST_UIO: uio_fread requested=4 read=4
RUST_UIO: uio_fclose called
RUST_UIO: uio_fopen entry
RUST_UIO: uio_fopen called
RUST_UIO: uio_fopen path="/Users/runner/work/_temp/s4-command-evidence/bundle/run-0/payloads/native-window.acceptance/inputs/content/base/ships/kohrah/marauder-sml-011.png" mode=rb
RUST_UIO: uio_fopen returning stream=0x600002d2c040
RUST_UIO: uio_fread requested=8 read=8
RUST_UIO: uio_fread requested=8 read=8
RUST_UIO: uio_fread requested=13 read=13
RUST_UIO: uio_fread requested=4 read=4
RUST_UIO: uio_fread requested=8 read=8
RUST_UIO: uio_fread requested=3 read=3
RUST_UIO: uio_fread requested=4 read=4
RUST_UIO: uio_fread requested=8 read=8
RUST_UIO: uio_fread requested=768 read=768
RUST_UIO: uio_fread requested=4 read=4
RUST_UIO: uio_fread requested=8 read=8
RUST_UIO: uio_fread requested=1 read=1
RUST_UIO: uio_fread requested=4 read=4
RUST_UIO: uio_fread requested=8 read=8
RUST_UIO: uio_fread requested=50 read=50
RUST_UIO: uio_fread requested=4 read=4
RUST_UIO: uio_fclose called
RUST_UIO: uio_fopen entry
RUST_UIO: uio_fopen called
RUST_UIO: uio_fopen path="/Users/runner/work/_temp/s4-command-evidence/bundle/run-0/payloads/native-window.acceptance/inputs/content/base/ships/kohrah/marauder-sml-012.png" mode=rb
RUST_UIO: uio_fopen returning stream=0x600002d2c080
RUST_UIO: uio_fread requested=8 read=8
RUST_UIO: uio_fread requested=8 read=8
RUST_UIO: uio_fread requested=13 read=13
RUST_UIO: uio_fread requested=4 read=4
RUST_UIO: uio_fread requested=8 read=8
RUST_UIO: uio_fread requested=3 read=3
RUST_UIO: uio_fread requested=4 read=4
RUST_UIO: uio_fread requested=8 read=8
RUST_UIO: uio_fread requested=768 read=768
RUST_UIO: uio_fread requested=4 read=4
RUST_UIO: uio_fread requested=8 read=8
RUST_UIO: uio_fread requested=1 read=1
RUST_UIO: uio_fread requested=4 read=4
RUST_UIO: uio_fread requested=8 read=8
RUST_UIO: uio_fread requested=35 read=35
RUST_UIO: uio_fread requested=4 read=4
RUST_UIO: uio_fclose called
RUST_UIO: uio_fopen entry
RUST_UIO: uio_fopen called
RUST_UIO: uio_fopen path="/Users/runner/work/_temp/s4-command-evidence/bundle/run-0/payloads/native-window.acceptance/inputs/content/base/ships/kohrah/marauder-sml-013.png" mode=rb
RUST_UIO: uio_fopen returning stream=0x600002d2c040
RUST_UIO: uio_fread requested=8 read=8
RUST_UIO: uio_fread requested=8 read=8
RUST_UIO: uio_fread requested=13 read=13
RUST_UIO: uio_fread requested=4 read=4
RUST_UIO: uio_fread requested=8 read=8
RUST_UIO: uio_fread requested=3 read=3
RUST_UIO: uio_fread requested=4 read=4
RUST_UIO: uio_fread requested=8 read=8
RUST_UIO: uio_fread requested=768 read=768
RUST_UIO: uio_fread requested=4 read=4
RUST_UIO: uio_fread requested=8 read=8
RUST_UIO: uio_fread requested=1 read=1
RUST_UIO: uio_fread requested=4 read=4
RUST_UIO: uio_fread requested=8 read=8
RUST_UIO: uio_fread requested=51 read=51
RUST_UIO: uio_fread requested=4 read=4
RUST_UIO: uio_fclose called
RUST_UIO: uio_fopen entry
RUST_UIO: uio_fopen called
RUST_UIO: uio_fopen path="/Users/runner/work/_temp/s4-command-evidence/bundle/run-0/payloads/native-window.acceptance/inputs/content/base/ships/kohrah/marauder-sml-014.png" mode=rb
RUST_UIO: uio_fopen returning stream=0x600002d2c080
RUST_UIO: uio_fread requested=8 read=8
RUST_UIO: uio_fread requested=8 read=8
RUST_UIO: uio_fread requested=13 read=13
RUST_UIO: uio_fread requested=4 read=4
RUST_UIO: uio_fread requested=8 read=8
RUST_UIO: uio_fread requested=3 read=3
RUST_UIO: uio_fread requested=4 read=4
RUST_UIO: uio_fread requested=8 read=8
RUST_UIO: uio_fread requested=768 read=768
RUST_UIO: uio_fread requested=4 read=4
RUST_UIO: uio_fread requested=8 read=8
RUST_UIO: uio_fread requested=1 read=1
RUST_UIO: uio_fread requested=4 read=4
RUST_UIO: uio_fread requested=8 read=8
RUST_UIO: uio_fread requested=54 read=54
RUST_UIO: uio_fread requested=4 read=4
RUST_UIO: uio_fclose called
RUST_UIO: uio_fopen entry
RUST_UIO: uio_fopen called
RUST_UIO: uio_fopen path="/Users/runner/work/_temp/s4-command-evidence/bundle/run-0/payloads/native-window.acceptance/inputs/content/base/ships/kohrah/marauder-sml-015.png" mode=rb
RUST_UIO: uio_fopen returning stream=0x600002d2c040
RUST_UIO: uio_fread requested=8 read=8
RUST_UIO: uio_fread requested=8 read=8
RUST_UIO: uio_fread requested=13 read=13
RUST_UIO: uio_fread requested=4 read=4
RUST_UIO: uio_fread requested=8 read=8
RUST_UIO: uio_fread requested=3 read=3
RUST_UIO: uio_fread requested=4 read=4
RUST_UIO: uio_fread requested=8 read=8
RUST_UIO: uio_fread requested=768 read=768
RUST_UIO: uio_fread requested=4 read=4
RUST_UIO: uio_fread requested=8 read=8
RUST_UIO: uio_fread requested=1 read=1
RUST_UIO: uio_fread requested=4 read=4
RUST_UIO: uio_fread requested=8 read=8
RUST_UIO: uio_fread requested=56 read=56
RUST_UIO: uio_fread requested=4 read=4
RUST_UIO: uio_fclose called
RUST_UIO: uio_fclose called
RUST_UIO: uio_stat called
RUST_UIO: uio_fopen entry
RUST_UIO: uio_fopen called
RUST_UIO: uio_fopen path="/Users/runner/work/_temp/s4-command-evidence/bundle/run-0/payloads/native-window.acceptance/inputs/content/base/ships/kohrah/buzzsaw-big.ani" mode=rb
RUST_UIO: uio_fopen returning stream=0x600002d2c080
RUST_UIO: uio_fread requested=4 read=4
RUST_UIO: uio_fopen entry
RUST_UIO: uio_fopen called
RUST_UIO: uio_fopen path="/Users/runner/work/_temp/s4-command-evidence/bundle/run-0/payloads/native-window.acceptance/inputs/content/base/ships/kohrah/buzzsaw-big-000.png" mode=rb
RUST_UIO: uio_fopen returning stream=0x600002d2c780
RUST_UIO: uio_fread requested=8 read=8
RUST_UIO: uio_fread requested=8 read=8
RUST_UIO: uio_fread requested=13 read=13
RUST_UIO: uio_fread requested=4 read=4
RUST_UIO: uio_fread requested=8 read=8
RUST_UIO: uio_fread requested=3 read=3
RUST_UIO: uio_fread requested=4 read=4
RUST_UIO: uio_fread requested=8 read=8
RUST_UIO: uio_fread requested=768 read=768
RUST_UIO: uio_fread requested=4 read=4
RUST_UIO: uio_fread requested=8 read=8
RUST_UIO: uio_fread requested=1 read=1
RUST_UIO: uio_fread requested=4 read=4
RUST_UIO: uio_fread requested=8 read=8
RUST_UIO: uio_fread requested=114 read=114
RUST_UIO: uio_fread requested=4 read=4
RUST_UIO: uio_fclose called
RUST_UIO: uio_fopen entry
RUST_UIO: uio_fopen called
RUST_UIO: uio_fopen path="/Users/runner/work/_temp/s4-command-evidence/bundle/run-0/payloads/native-window.acceptance/inputs/content/base/ships/kohrah/buzzsaw-big-001.png" mode=rb
RUST_UIO: uio_fopen returning stream=0x600002d2c7c0
RUST_UIO: uio_fread requested=8 read=8
RUST_UIO: uio_fread requested=8 read=8
RUST_UIO: uio_fread requested=13 read=13
RUST_UIO: uio_fread requested=4 read=4
RUST_UIO: uio_fread requested=8 read=8
RUST_UIO: uio_fread requested=3 read=3
RUST_UIO: uio_fread requested=4 read=4
RUST_UIO: uio_fread requested=8 read=8
RUST_UIO: uio_fread requested=768 read=768
RUST_UIO: uio_fread requested=4 read=4
RUST_UIO: uio_fread requested=8 read=8
RUST_UIO: uio_fread requested=1 read=1
RUST_UIO: uio_fread requested=4 read=4
RUST_UIO: uio_fread requested=8 read=8
RUST_UIO: uio_fread requested=119 read=119
RUST_UIO: uio_fread requested=4 read=4
RUST_UIO: uio_fclose called
RUST_UIO: uio_fopen entry
RUST_UIO: uio_fopen called
RUST_UIO: uio_fopen path="/Users/runner/work/_temp/s4-command-evidence/bundle/run-0/payloads/native-window.acceptance/inputs/content/base/ships/kohrah/buzzsaw-big-002.png" mode=rb
RUST_UIO: uio_fopen returning stream=0x600002d2c780
RUST_UIO: uio_fread requested=8 read=8
RUST_UIO: uio_fread requested=8 read=8
RUST_UIO: uio_fread requested=13 read=13
RUST_UIO: uio_fread requested=4 read=4
RUST_UIO: uio_fread requested=8 read=8
RUST_UIO: uio_fread requested=3 read=3
RUST_UIO: uio_fread requested=4 read=4
RUST_UIO: uio_fread requested=8 read=8
RUST_UIO: uio_fread requested=768 read=768
RUST_UIO: uio_fread requested=4 read=4
RUST_UIO: uio_fread requested=8 read=8
RUST_UIO: uio_fread requested=1 read=1
RUST_UIO: uio_fread requested=4 read=4
RUST_UIO: uio_fread requested=8 read=8
RUST_UIO: uio_fread requested=109 read=109
RUST_UIO: uio_fread requested=4 read=4
RUST_UIO: uio_fclose called
RUST_UIO: uio_fopen entry
RUST_UIO: uio_fopen called
RUST_UIO: uio_fopen path="/Users/runner/work/_temp/s4-command-evidence/bundle/run-0/payloads/native-window.acceptance/inputs/content/base/ships/kohrah/buzzsaw-big-003.png" mode=rb
RUST_UIO: uio_fopen returning stream=0x600002d2c7c0
RUST_UIO: uio_fread requested=8 read=8
RUST_UIO: uio_fread requested=8 read=8
RUST_UIO: uio_fread requested=13 read=13
RUST_UIO: uio_fread requested=4 read=4
RUST_UIO: uio_fread requested=8 read=8
RUST_UIO: uio_fread requested=3 read=3
RUST_UIO: uio_fread requested=4 read=4
RUST_UIO: uio_fread requested=8 read=8
RUST_UIO: uio_fread requested=768 read=768
RUST_UIO: uio_fread requested=4 read=4
RUST_UIO: uio_fread requested=8 read=8
RUST_UIO: uio_fread requested=1 read=1
RUST_UIO: uio_fread requested=4 read=4
RUST_UIO: uio_fread requested=8 read=8
RUST_UIO: uio_fread requested=133 read=133
RUST_UIO: uio_fread requested=4 read=4
RUST_UIO: uio_fclose called
RUST_UIO: uio_fopen entry
RUST_UIO: uio_fopen called
RUST_UIO: uio_fopen path="/Users/runner/work/_temp/s4-command-evidence/bundle/run-0/payloads/native-window.acceptance/inputs/content/base/ships/kohrah/buzzsaw-big-004.png" mode=rb
RUST_UIO: uio_fopen returning stream=0x600002d2c780
RUST_UIO: uio_fread requested=8 read=8
RUST_UIO: uio_fread requested=8 read=8
RUST_UIO: uio_fread requested=13 read=13
RUST_UIO: uio_fread requested=4 read=4
RUST_UIO: uio_fread requested=8 read=8
RUST_UIO: uio_fread requested=3 read=3
RUST_UIO: uio_fread requested=4 read=4
RUST_UIO: uio_fread requested=8 read=8
RUST_UIO: uio_fread requested=768 read=768
RUST_UIO: uio_fread requested=4 read=4
RUST_UIO: uio_fread requested=8 read=8
RUST_UIO: uio_fread requested=1 read=1
RUST_UIO: uio_fread requested=4 read=4
RUST_UIO: uio_fread requested=8 read=8
RUST_UIO: uio_fread requested=142 read=142
RUST_UIO: uio_fread requested=4 read=4
RUST_UIO: uio_fclose called
RUST_UIO: uio_fopen entry
RUST_UIO: uio_fopen called
RUST_UIO: uio_fopen path="/Users/runner/work/_temp/s4-command-evidence/bundle/run-0/payloads/native-window.acceptance/inputs/content/base/ships/kohrah/buzzsaw-big-005.png" mode=rb
RUST_UIO: uio_fopen returning stream=0x600002d2c7c0
RUST_UIO: uio_fread requested=8 read=8
RUST_UIO: uio_fread requested=8 read=8
RUST_UIO: uio_fread requested=13 read=13
RUST_UIO: uio_fread requested=4 read=4
RUST_UIO: uio_fread requested=8 read=8
RUST_UIO: uio_fread requested=3 read=3
RUST_UIO: uio_fread requested=4 read=4
RUST_UIO: uio_fread requested=8 read=8
RUST_UIO: uio_fread requested=768 read=768
RUST_UIO: uio_fread requested=4 read=4
RUST_UIO: uio_fread requested=8 read=8
RUST_UIO: uio_fread requested=1 read=1
RUST_UIO: uio_fread requested=4 read=4
RUST_UIO: uio_fread requested=8 read=8
RUST_UIO: uio_fread requested=151 read=151
RUST_UIO: uio_fread requested=4 read=4
RUST_UIO: uio_fclose called
RUST_UIO: uio_fopen entry
RUST_UIO: uio_fopen called
RUST_UIO: uio_fopen path="/Users/runner/work/_temp/s4-command-evidence/bundle/run-0/payloads/native-window.acceptance/inputs/content/base/ships/kohrah/buzzsaw-big-006.png" mode=rb
RUST_UIO: uio_fopen returning stream=0x600002d2c780
RUST_UIO: uio_fread requested=8 read=8
RUST_UIO: uio_fread requested=8 read=8
RUST_UIO: uio_fread requested=13 read=13
RUST_UIO: uio_fread requested=4 read=4
RUST_UIO: uio_fread requested=8 read=8
RUST_UIO: uio_fread requested=3 read=3
RUST_UIO: uio_fread requested=4 read=4
RUST_UIO: uio_fread requested=8 read=8
RUST_UIO: uio_fread requested=768 read=768
RUST_UIO: uio_fread requested=4 read=4
RUST_UIO: uio_fread requested=8 read=8
RUST_UIO: uio_fread requested=1 read=1
RUST_UIO: uio_fread requested=4 read=4
RUST_UIO: uio_fread requested=8 read=8
RUST_UIO: uio_fread requested=113 read=113
RUST_UIO: uio_fread requested=4 read=4
RUST_UIO: uio_fclose called
RUST_UIO: uio_fopen entry
RUST_UIO: uio_fopen called
RUST_UIO: uio_fopen path="/Users/runner/work/_temp/s4-command-evidence/bundle/run-0/payloads/native-window.acceptance/inputs/content/base/ships/kohrah/buzzsaw-big-007.png" mode=rb
RUST_UIO: uio_fopen returning stream=0x600002d2c7c0
RUST_UIO: uio_fread requested=8 read=8
RUST_UIO: uio_fread requested=8 read=8
RUST_UIO: uio_fread requested=13 read=13
RUST_UIO: uio_fread requested=4 read=4
RUST_UIO: uio_fread requested=8 read=8
RUST_UIO: uio_fread requested=3 read=3
RUST_UIO: uio_fread requested=4 read=4
RUST_UIO: uio_fread requested=8 read=8
RUST_UIO: uio_fread requested=768 read=768
RUST_UIO: uio_fread requested=4 read=4
RUST_UIO: uio_fread requested=8 read=8
RUST_UIO: uio_fread requested=1 read=1
RUST_UIO: uio_fread requested=4 read=4
RUST_UIO: uio_fread requested=8 read=8
RUST_UIO: uio_fread requested=84 read=84
RUST_UIO: uio_fread requested=4 read=4
RUST_UIO: uio_fclose called
RUST_UIO: uio_fclose called
RUST_UIO: uio_stat called
RUST_UIO: uio_fopen entry
RUST_UIO: uio_fopen called
RUST_UIO: uio_fopen path="/Users/runner/work/_temp/s4-command-evidence/bundle/run-0/payloads/native-window.acceptance/inputs/content/base/ships/kohrah/buzzsaw-med.ani" mode=rb
RUST_UIO: uio_fopen returning stream=0x600002d2c040
RUST_UIO: uio_fread requested=4 read=4
RUST_UIO: uio_fopen entry
RUST_UIO: uio_fopen called
RUST_UIO: uio_fopen path="/Users/runner/work/_temp/s4-command-evidence/bundle/run-0/payloads/native-window.acceptance/inputs/content/base/ships/kohrah/buzzsaw-med-000.png" mode=rb
RUST_UIO: uio_fopen returning stream=0x600002d2c780
RUST_UIO: uio_fread requested=8 read=8
RUST_UIO: uio_fread requested=8 read=8
RUST_UIO: uio_fread requested=13 read=13
RUST_UIO: uio_fread requested=4 read=4
RUST_UIO: uio_fread requested=8 read=8
RUST_UIO: uio_fread requested=3 read=3
RUST_UIO: uio_fread requested=4 read=4
RUST_UIO: uio_fread requested=8 read=8
RUST_UIO: uio_fread requested=768 read=768
RUST_UIO: uio_fread requested=4 read=4
RUST_UIO: uio_fread requested=8 read=8
RUST_UIO: uio_fread requested=1 read=1
RUST_UIO: uio_fread requested=4 read=4
RUST_UIO: uio_fread requested=8 read=8
RUST_UIO: uio_fread requested=60 read=60
RUST_UIO: uio_fread requested=4 read=4
RUST_UIO: uio_fclose called
RUST_UIO: uio_fopen entry
RUST_UIO: uio_fopen called
RUST_UIO: uio_fopen path="/Users/runner/work/_temp/s4-command-evidence/bundle/run-0/payloads/native-window.acceptance/inputs/content/base/ships/kohrah/buzzsaw-med-001.png" mode=rb
RUST_UIO: uio_fopen returning stream=0x600002d2c7c0
RUST_UIO: uio_fread requested=8 read=8
RUST_UIO: uio_fread requested=8 read=8
RUST_UIO: uio_fread requested=13 read=13
RUST_UIO: uio_fread requested=4 read=4
RUST_UIO: uio_fread requested=8 read=8
RUST_UIO: uio_fread requested=3 read=3
RUST_UIO: uio_fread requested=4 read=4
RUST_UIO: uio_fread requested=8 read=8
RUST_UIO: uio_fread requested=768 read=768
RUST_UIO: uio_fread requested=4 read=4
RUST_UIO: uio_fread requested=8 read=8
RUST_UIO: uio_fread requested=1 read=1
RUST_UIO: uio_fread requested=4 read=4
RUST_UIO: uio_fread requested=8 read=8
RUST_UIO: uio_fread requested=55 read=55
RUST_UIO: uio_fread requested=4 read=4
RUST_UIO: uio_fclose called
RUST_UIO: uio_fopen entry
RUST_UIO: uio_fopen called
RUST_UIO: uio_fopen path="/Users/runner/work/_temp/s4-command-evidence/bundle/run-0/payloads/native-window.acceptance/inputs/content/base/ships/kohrah/buzzsaw-med-002.png" mode=rb
RUST_UIO: uio_fopen returning stream=0x600002d2c780
RUST_UIO: uio_fread requested=8 read=8
RUST_UIO: uio_fread requested=8 read=8
RUST_UIO: uio_fread requested=13 read=13
RUST_UIO: uio_fread requested=4 read=4
RUST_UIO: uio_fread requested=8 read=8
RUST_UIO: uio_fread requested=3 read=3
RUST_UIO: uio_fread requested=4 read=4
RUST_UIO: uio_fread requested=8 read=8
RUST_UIO: uio_fread requested=768 read=768
RUST_UIO: uio_fread requested=4 read=4
RUST_UIO: uio_fread requested=8 read=8
RUST_UIO: uio_fread requested=1 read=1
RUST_UIO: uio_fread requested=4 read=4
RUST_UIO: uio_fread requested=8 read=8
RUST_UIO: uio_fread requested=46 read=46
RUST_UIO: uio_fread requested=4 read=4
RUST_UIO: uio_fclose called
RUST_UIO: uio_fopen entry
RUST_UIO: uio_fopen called
RUST_UIO: uio_fopen path="/Users/runner/work/_temp/s4-command-evidence/bundle/run-0/payloads/native-window.acceptance/inputs/content/base/ships/kohrah/buzzsaw-med-003.png" mode=rb
RUST_UIO: uio_fopen returning stream=0x600002d2c7c0
RUST_UIO: uio_fread requested=8 read=8
RUST_UIO: uio_fread requested=8 read=8
RUST_UIO: uio_fread requested=13 read=13
RUST_UIO: uio_fread requested=4 read=4
RUST_UIO: uio_fread requested=8 read=8
RUST_UIO: uio_fread requested=3 read=3
RUST_UIO: uio_fread requested=4 read=4
RUST_UIO: uio_fread requested=8 read=8
RUST_UIO: uio_fread requested=768 read=768
RUST_UIO: uio_fread requested=4 read=4
RUST_UIO: uio_fread requested=8 read=8
RUST_UIO: uio_fread requested=1 read=1
RUST_UIO: uio_fread requested=4 read=4
RUST_UIO: uio_fread requested=8 read=8
RUST_UIO: uio_fread requested=71 read=71
RUST_UIO: uio_fread requested=4 read=4
RUST_UIO: uio_fclose called
RUST_UIO: uio_fopen entry
RUST_UIO: uio_fopen called
RUST_UIO: uio_fopen path="/Users/runner/work/_temp/s4-command-evidence/bundle/run-0/payloads/native-window.acceptance/inputs/content/base/ships/kohrah/buzzsaw-med-004.png" mode=rb
RUST_UIO: uio_fopen returning stream=0x600002d2c780
RUST_UIO: uio_fread requested=8 read=8
RUST_UIO: uio_fread requested=8 read=8
RUST_UIO: uio_fread requested=13 read=13
RUST_UIO: uio_fread requested=4 read=4
RUST_UIO: uio_fread requested=8 read=8
RUST_UIO: uio_fread requested=3 read=3
RUST_UIO: uio_fread requested=4 read=4
RUST_UIO: uio_fread requested=8 read=8
RUST_UIO: uio_fread requested=768 read=768
RUST_UIO: uio_fread requested=4 read=4
RUST_UIO: uio_fread requested=8 read=8
RUST_UIO: uio_fread requested=1 read=1
RUST_UIO: uio_fread requested=4 read=4
RUST_UIO: uio_fread requested=8 read=8
RUST_UIO: uio_fread requested=62 read=62
RUST_UIO: uio_fread requested=4 read=4
RUST_UIO: uio_fclose called
RUST_UIO: uio_fopen entry
RUST_UIO: uio_fopen called
RUST_UIO: uio_fopen path="/Users/runner/work/_temp/s4-command-evidence/bundle/run-0/payloads/native-window.acceptance/inputs/content/base/ships/kohrah/buzzsaw-med-005.png" mode=rb
RUST_UIO: uio_fopen returning stream=0x600002d2c7c0
RUST_UIO: uio_fread requested=8 read=8
RUST_UIO: uio_fread requested=8 read=8
RUST_UIO: uio_fread requested=13 read=13
RUST_UIO: uio_fread requested=4 read=4
RUST_UIO: uio_fread requested=8 read=8
RUST_UIO: uio_fread requested=3 read=3
RUST_UIO: uio_fread requested=4 read=4
RUST_UIO: uio_fread requested=8 read=8
RUST_UIO: uio_fread requested=768 read=768
RUST_UIO: uio_fread requested=4 read=4
RUST_UIO: uio_fread requested=8 read=8
RUST_UIO: uio_fread requested=1 read=1
RUST_UIO: uio_fread requested=4 read=4
RUST_UIO: uio_fread requested=8 read=8
RUST_UIO: uio_fread requested=66 read=66
RUST_UIO: uio_fread requested=4 read=4
RUST_UIO: uio_fclose called
RUST_UIO: uio_fopen entry
RUST_UIO: uio_fopen called
RUST_UIO: uio_fopen path="/Users/runner/work/_temp/s4-command-evidence/bundle/run-0/payloads/native-window.acceptance/inputs/content/base/ships/kohrah/buzzsaw-med-006.png" mode=rb
RUST_UIO: uio_fopen returning stream=0x600002d2c780
RUST_UIO: uio_fread requested=8 read=8
RUST_UIO: uio_fread requested=8 read=8
RUST_UIO: uio_fread requested=13 read=13
RUST_UIO: uio_fread requested=4 read=4
RUST_UIO: uio_fread requested=8 read=8
RUST_UIO: uio_fread requested=3 read=3
RUST_UIO: uio_fread requested=4 read=4
RUST_UIO: uio_fread requested=8 read=8
RUST_UIO: uio_fread requested=768 read=768
RUST_UIO: uio_fread requested=4 read=4
RUST_UIO: uio_fread requested=8 read=8
RUST_UIO: uio_fread requested=1 read=1
RUST_UIO: uio_fread requested=4 read=4
RUST_UIO: uio_fread requested=8 read=8
RUST_UIO: uio_fread requested=67 read=67
RUST_UIO: uio_fread requested=4 read=4
RUST_UIO: uio_fclose called
RUST_UIO: uio_fopen entry
RUST_UIO: uio_fopen called
RUST_UIO: uio_fopen path="/Users/runner/work/_temp/s4-command-evidence/bundle/run-0/payloads/native-window.acceptance/inputs/content/base/ships/kohrah/buzzsaw-med-007.png" mode=rb
RUST_UIO: uio_fopen returning stream=0x600002d2c7c0
RUST_UIO: uio_fread requested=8 read=8
RUST_UIO: uio_fread requested=8 read=8
RUST_UIO: uio_fread requested=13 read=13
RUST_UIO: uio_fread requested=4 read=4
RUST_UIO: uio_fread requested=8 read=8
RUST_UIO: uio_fread requested=3 read=3
RUST_UIO: uio_fread requested=4 read=4
RUST_UIO: uio_fread requested=8 read=8
RUST_UIO: uio_fread requested=768 read=768
RUST_UIO: uio_fread requested=4 read=4
RUST_UIO: uio_fread requested=8 read=8
RUST_UIO: uio_fread requested=1 read=1
RUST_UIO: uio_fread requested=4 read=4
RUST_UIO: uio_fread requested=8 read=8
RUST_UIO: uio_fread requested=40 read=40
RUST_UIO: uio_fread requested=4 read=4
RUST_UIO: uio_fclose called
RUST_UIO: uio_fclose called
RUST_UIO: uio_stat called
RUST_UIO: uio_fopen entry
RUST_UIO: uio_fopen called
RUST_UIO: uio_fopen path="/Users/runner/work/_temp/s4-command-evidence/bundle/run-0/payloads/native-window.acceptance/inputs/content/base/ships/kohrah/buzzsaw-sml.ani" mode=rb
RUST_UIO: uio_fopen returning stream=0x600002d2c080
RUST_UIO: uio_fread requested=4 read=4
RUST_UIO: uio_fopen entry
RUST_UIO: uio_fopen called
RUST_UIO: uio_fopen path="/Users/runner/work/_temp/s4-command-evidence/bundle/run-0/payloads/native-window.acceptance/inputs/content/base/ships/kohrah/buzzsaw-sml-000.png" mode=rb
RUST_UIO: uio_fopen returning stream=0x600002d2c780
RUST_UIO: uio_fread requested=8 read=8
RUST_UIO: uio_fread requested=8 read=8
RUST_UIO: uio_fread requested=13 read=13
RUST_UIO: uio_fread requested=4 read=4
RUST_UIO: uio_fread requested=8 read=8
RUST_UIO: uio_fread requested=3 read=3
RUST_UIO: uio_fread requested=4 read=4
RUST_UIO: uio_fread requested=8 read=8
RUST_UIO: uio_fread requested=768 read=768
RUST_UIO: uio_fread requested=4 read=4
RUST_UIO: uio_fread requested=8 read=8
RUST_UIO: uio_fread requested=1 read=1
RUST_UIO: uio_fread requested=4 read=4
RUST_UIO: uio_fread requested=8 read=8
RUST_UIO: uio_fread requested=40 read=40
RUST_UIO: uio_fread requested=4 read=4
RUST_UIO: uio_fclose called
RUST_UIO: uio_fopen entry
RUST_UIO: uio_fopen called
RUST_UIO: uio_fopen path="/Users/runner/work/_temp/s4-command-evidence/bundle/run-0/payloads/native-window.acceptance/inputs/content/base/ships/kohrah/buzzsaw-sml-001.png" mode=rb
RUST_UIO: uio_fopen returning stream=0x600002d2c7c0
RUST_UIO: uio_fread requested=8 read=8
RUST_UIO: uio_fread requested=8 read=8
RUST_UIO: uio_fread requested=13 read=13
RUST_UIO: uio_fread requested=4 read=4
RUST_UIO: uio_fread requested=8 read=8
RUST_UIO: uio_fread requested=3 read=3
RUST_UIO: uio_fread requested=4 read=4
RUST_UIO: uio_fread requested=8 read=8
RUST_UIO: uio_fread requested=768 read=768
RUST_UIO: uio_fread requested=4 read=4
RUST_UIO: uio_fread requested=8 read=8
RUST_UIO: uio_fread requested=1 read=1
RUST_UIO: uio_fread requested=4 read=4
RUST_UIO: uio_fread requested=8 read=8
RUST_UIO: uio_fread requested=34 read=34
RUST_UIO: uio_fread requested=4 read=4
RUST_UIO: uio_fclose called
RUST_UIO: uio_fopen entry
RUST_UIO: uio_fopen called
RUST_UIO: uio_fopen path="/Users/runner/work/_temp/s4-command-evidence/bundle/run-0/payloads/native-window.acceptance/inputs/content/base/ships/kohrah/buzzsaw-sml-002.png" mode=rb
RUST_UIO: uio_fopen returning stream=0x600002d2c780
RUST_UIO: uio_fread requested=8 read=8
RUST_UIO: uio_fread requested=8 read=8
RUST_UIO: uio_fread requested=13 read=13
RUST_UIO: uio_fread requested=4 read=4
RUST_UIO: uio_fread requested=8 read=8
RUST_UIO: uio_fread requested=3 read=3
RUST_UIO: uio_fread requested=4 read=4
RUST_UIO: uio_fread requested=8 read=8
RUST_UIO: uio_fread requested=768 read=768
RUST_UIO: uio_fread requested=4 read=4
RUST_UIO: uio_fread requested=8 read=8
RUST_UIO: uio_fread requested=1 read=1
RUST_UIO: uio_fread requested=4 read=4
RUST_UIO: uio_fread requested=8 read=8
RUST_UIO: uio_fread requested=28 read=28
RUST_UIO: uio_fread requested=4 read=4
RUST_UIO: uio_fclose called
RUST_UIO: uio_fopen entry
RUST_UIO: uio_fopen called
RUST_UIO: uio_fopen path="/Users/runner/work/_temp/s4-command-evidence/bundle/run-0/payloads/native-window.acceptance/inputs/content/base/ships/kohrah/buzzsaw-sml-003.png" mode=rb
RUST_UIO: uio_fopen returning stream=0x600002d2c7c0
RUST_UIO: uio_fread requested=8 read=8
RUST_UIO: uio_fread requested=8 read=8
RUST_UIO: uio_fread requested=13 read=13
RUST_UIO: uio_fread requested=4 read=4
RUST_UIO: uio_fread requested=8 read=8
RUST_UIO: uio_fread requested=3 read=3
RUST_UIO: uio_fread requested=4 read=4
RUST_UIO: uio_fread requested=8 read=8
RUST_UIO: uio_fread requested=768 read=768
RUST_UIO: uio_fread requested=4 read=4
RUST_UIO: uio_fread requested=8 read=8
RUST_UIO: uio_fread requested=1 read=1
RUST_UIO: uio_fread requested=4 read=4
RUST_UIO: uio_fread requested=8 read=8
RUST_UIO: uio_fread requested=31 read=31
RUST_UIO: uio_fread requested=4 read=4
RUST_UIO: uio_fclose called
RUST_UIO: uio_fopen entry
RUST_UIO: uio_fopen called
RUST_UIO: uio_fopen path="/Users/runner/work/_temp/s4-command-evidence/bundle/run-0/payloads/native-window.acceptance/inputs/content/base/ships/kohrah/buzzsaw-sml-004.png" mode=rb
RUST_UIO: uio_fopen returning stream=0x600002d2c780
RUST_UIO: uio_fread requested=8 read=8
RUST_UIO: uio_fread requested=8 read=8
RUST_UIO: uio_fread requested=13 read=13
RUST_UIO: uio_fread requested=4 read=4
RUST_UIO: uio_fread requested=8 read=8
RUST_UIO: uio_fread requested=3 read=3
RUST_UIO: uio_fread requested=4 read=4
RUST_UIO: uio_fread requested=8 read=8
RUST_UIO: uio_fread requested=768 read=768
RUST_UIO: uio_fread requested=4 read=4
RUST_UIO: uio_fread requested=8 read=8
RUST_UIO: uio_fread requested=1 read=1
RUST_UIO: uio_fread requested=4 read=4
RUST_UIO: uio_fread requested=8 read=8
RUST_UIO: uio_fread requested=33 read=33
RUST_UIO: uio_fread requested=4 read=4
RUST_UIO: uio_fclose called
RUST_UIO: uio_fopen entry
RUST_UIO: uio_fopen called
RUST_UIO: uio_fopen path="/Users/runner/work/_temp/s4-command-evidence/bundle/run-0/payloads/native-window.acceptance/inputs/content/base/ships/kohrah/buzzsaw-sml-005.png" mode=rb
RUST_UIO: uio_fopen returning stream=0x600002d2c7c0
RUST_UIO: uio_fread requested=8 read=8
RUST_UIO: uio_fread requested=8 read=8
RUST_UIO: uio_fread requested=13 read=13
RUST_UIO: uio_fread requested=4 read=4
RUST_UIO: uio_fread requested=8 read=8
RUST_UIO: uio_fread requested=3 read=3
RUST_UIO: uio_fread requested=4 read=4
RUST_UIO: uio_fread requested=8 read=8
RUST_UIO: uio_fread requested=768 read=768
RUST_UIO: uio_fread requested=4 read=4
RUST_UIO: uio_fread requested=8 read=8
RUST_UIO: uio_fread requested=1 read=1
RUST_UIO: uio_fread requested=4 read=4
RUST_UIO: uio_fread requested=8 read=8
RUST_UIO: uio_fread requested=35 read=35
RUST_UIO: uio_fread requested=4 read=4
RUST_UIO: uio_fclose called
RUST_UIO: uio_fopen entry
RUST_UIO: uio_fopen called
RUST_UIO: uio_fopen path="/Users/runner/work/_temp/s4-command-evidence/bundle/run-0/payloads/native-window.acceptance/inputs/content/base/ships/kohrah/buzzsaw-sml-006.png" mode=rb
RUST_UIO: uio_fopen returning stream=0x600002d2c780
RUST_UIO: uio_fread requested=8 read=8
RUST_UIO: uio_fread requested=8 read=8
RUST_UIO: uio_fread requested=13 read=13
RUST_UIO: uio_fread requested=4 read=4
RUST_UIO: uio_fread requested=8 read=8
RUST_UIO: uio_fread requested=3 read=3
RUST_UIO: uio_fread requested=4 read=4
RUST_UIO: uio_fread requested=8 read=8
RUST_UIO: uio_fread requested=768 read=768
RUST_UIO: uio_fread requested=4 read=4
RUST_UIO: uio_fread requested=8 read=8
RUST_UIO: uio_fread requested=1 read=1
RUST_UIO: uio_fread requested=4 read=4
RUST_UIO: uio_fread requested=8 read=8
RUST_UIO: uio_fread requested=37 read=37
RUST_UIO: uio_fread requested=4 read=4
RUST_UIO: uio_fclose called
RUST_UIO: uio_fopen entry
RUST_UIO: uio_fopen called
RUST_UIO: uio_fopen path="/Users/runner/work/_temp/s4-command-evidence/bundle/run-0/payloads/native-window.acceptance/inputs/content/base/ships/kohrah/buzzsaw-sml-007.png" mode=rb
RUST_UIO: uio_fopen returning stream=0x600002d2c7c0
RUST_UIO: uio_fread requested=8 read=8
RUST_UIO: uio_fread requested=8 read=8
RUST_UIO: uio_fread requested=13 read=13
RUST_UIO: uio_fread requested=4 read=4
RUST_UIO: uio_fread requested=8 read=8
RUST_UIO: uio_fread requested=3 read=3
RUST_UIO: uio_fread requested=4 read=4
RUST_UIO: uio_fread requested=8 read=8
RUST_UIO: uio_fread requested=768 read=768
RUST_UIO: uio_fread requested=4 read=4
RUST_UIO: uio_fread requested=8 read=8
RUST_UIO: uio_fread requested=1 read=1
RUST_UIO: uio_fread requested=4 read=4
RUST_UIO: uio_fread requested=8 read=8
RUST_UIO: uio_fread requested=29 read=29
RUST_UIO: uio_fread requested=4 read=4
RUST_UIO: uio_fclose called
RUST_UIO: uio_fclose called
RUST_UIO: uio_stat called
RUST_UIO: uio_fopen entry
RUST_UIO: uio_fopen called
RUST_UIO: uio_fopen path="/Users/runner/work/_temp/s4-command-evidence/bundle/run-0/payloads/native-window.acceptance/inputs/content/base/ships/kohrah/gas-big.ani" mode=rb
RUST_UIO: uio_fopen returning stream=0x600002d2c080
RUST_UIO: uio_fread requested=4 read=4
RUST_UIO: uio_fopen entry
RUST_UIO: uio_fopen called
RUST_UIO: uio_fopen path="/Users/runner/work/_temp/s4-command-evidence/bundle/run-0/payloads/native-window.acceptance/inputs/content/base/ships/kohrah/gas-big-000.png" mode=rb
RUST_UIO: uio_fopen returning stream=0x600002d2c780
RUST_UIO: uio_fread requested=8 read=8
RUST_UIO: uio_fread requested=8 read=8
RUST_UIO: uio_fread requested=13 read=13
RUST_UIO: uio_fread requested=4 read=4
RUST_UIO: uio_fread requested=8 read=8
RUST_UIO: uio_fread requested=3 read=3
RUST_UIO: uio_fread requested=4 read=4
RUST_UIO: uio_fread requested=8 read=8
RUST_UIO: uio_fread requested=768 read=768
RUST_UIO: uio_fread requested=4 read=4
RUST_UIO: uio_fread requested=8 read=8
RUST_UIO: uio_fread requested=1 read=1
RUST_UIO: uio_fread requested=4 read=4
RUST_UIO: uio_fread requested=8 read=8
RUST_UIO: uio_fread requested=47 read=47
RUST_UIO: uio_fread requested=4 read=4
RUST_UIO: uio_fclose called
RUST_UIO: uio_fopen entry
RUST_UIO: uio_fopen called
RUST_UIO: uio_fopen path="/Users/runner/work/_temp/s4-command-evidence/bundle/run-0/payloads/native-window.acceptance/inputs/content/base/ships/kohrah/gas-big-001.png" mode=rb
RUST_UIO: uio_fopen returning stream=0x600002d2c7c0
RUST_UIO: uio_fread requested=8 read=8
RUST_UIO: uio_fread requested=8 read=8
RUST_UIO: uio_fread requested=13 read=13
RUST_UIO: uio_fread requested=4 read=4
RUST_UIO: uio_fread requested=8 read=8
RUST_UIO: uio_fread requested=3 read=3
RUST_UIO: uio_fread requested=4 read=4
RUST_UIO: uio_fread requested=8 read=8
RUST_UIO: uio_fread requested=768 read=768
RUST_UIO: uio_fread requested=4 read=4
RUST_UIO: uio_fread requested=8 read=8
RUST_UIO: uio_fread requested=1 read=1
RUST_UIO: uio_fread requested=4 read=4
RUST_UIO: uio_fread requested=8 read=8
RUST_UIO: uio_fread requested=48 read=48
RUST_UIO: uio_fread requested=4 read=4
RUST_UIO: uio_fclose called
RUST_UIO: uio_fopen entry
RUST_UIO: uio_fopen called
RUST_UIO: uio_fopen path="/Users/runner/work/_temp/s4-command-evidence/bundle/run-0/payloads/native-window.acceptance/inputs/content/base/ships/kohrah/gas-big-002.png" mode=rb
RUST_UIO: uio_fopen returning stream=0x600002d2c780
RUST_UIO: uio_fread requested=8 read=8
RUST_UIO: uio_fread requested=8 read=8
RUST_UIO: uio_fread requested=13 read=13
RUST_UIO: uio_fread requested=4 read=4
RUST_UIO: uio_fread requested=8 read=8
RUST_UIO: uio_fread requested=3 read=3
RUST_UIO: uio_fread requested=4 read=4
RUST_UIO: uio_fread requested=8 read=8
RUST_UIO: uio_fread requested=768 read=768
RUST_UIO: uio_fread requested=4 read=4
RUST_UIO: uio_fread requested=8 read=8
RUST_UIO: uio_fread requested=1 read=1
RUST_UIO: uio_fread requested=4 read=4
RUST_UIO: uio_fread requested=8 read=8
RUST_UIO: uio_fread requested=66 read=66
RUST_UIO: uio_fread requested=4 read=4
RUST_UIO: uio_fclose called
RUST_UIO: uio_fopen entry
RUST_UIO: uio_fopen called
RUST_UIO: uio_fopen path="/Users/runner/work/_temp/s4-command-evidence/bundle/run-0/payloads/native-window.acceptance/inputs/content/base/ships/kohrah/gas-big-003.png" mode=rb
RUST_UIO: uio_fopen returning stream=0x600002d2c7c0
RUST_UIO: uio_fread requested=8 read=8
RUST_UIO: uio_fread requested=8 read=8
RUST_UIO: uio_fread requested=13 read=13
RUST_UIO: uio_fread requested=4 read=4
RUST_UIO: uio_fread requested=8 read=8
RUST_UIO: uio_fread requested=3 read=3
RUST_UIO: uio_fread requested=4 read=4
RUST_UIO: uio_fread requested=8 read=8
RUST_UIO: uio_fread requested=768 read=768
RUST_UIO: uio_fread requested=4 read=4
RUST_UIO: uio_fread requested=8 read=8
RUST_UIO: uio_fread requested=1 read=1
RUST_UIO: uio_fread requested=4 read=4
RUST_UIO: uio_fread requested=8 read=8
RUST_UIO: uio_fread requested=72 read=72
RUST_UIO: uio_fread requested=4 read=4
RUST_UIO: uio_fclose called
RUST_UIO: uio_fopen entry
RUST_UIO: uio_fopen called
RUST_UIO: uio_fopen path="/Users/runner/work/_temp/s4-command-evidence/bundle/run-0/payloads/native-window.acceptance/inputs/content/base/ships/kohrah/gas-big-004.png" mode=rb
RUST_UIO: uio_fopen returning stream=0x600002d2c780
RUST_UIO: uio_fread requested=8 read=8
RUST_UIO: uio_fread requested=8 read=8
RUST_UIO: uio_fread requested=13 read=13
RUST_UIO: uio_fread requested=4 read=4
RUST_UIO: uio_fread requested=8 read=8
RUST_UIO: uio_fread requested=3 read=3
RUST_UIO: uio_fread requested=4 read=4
RUST_UIO: uio_fread requested=8 read=8
RUST_UIO: uio_fread requested=768 read=768
RUST_UIO: uio_fread requested=4 read=4
RUST_UIO: uio_fread requested=8 read=8
RUST_UIO: uio_fread requested=1 read=1
RUST_UIO: uio_fread requested=4 read=4
RUST_UIO: uio_fread requested=8 read=8
RUST_UIO: uio_fread requested=87 read=87
RUST_UIO: uio_fread requested=4 read=4
RUST_UIO: uio_fclose called
RUST_UIO: uio_fopen entry
RUST_UIO: uio_fopen called
RUST_UIO: uio_fopen path="/Users/runner/work/_temp/s4-command-evidence/bundle/run-0/payloads/native-window.acceptance/inputs/content/base/ships/kohrah/gas-big-005.png" mode=rb
RUST_UIO: uio_fopen returning stream=0x600002d2c7c0
RUST_UIO: uio_fread requested=8 read=8
RUST_UIO: uio_fread requested=8 read=8
RUST_UIO: uio_fread requested=13 read=13
RUST_UIO: uio_fread requested=4 read=4
RUST_UIO: uio_fread requested=8 read=8
RUST_UIO: uio_fread requested=3 read=3
RUST_UIO: uio_fread requested=4 read=4
RUST_UIO: uio_fread requested=8 read=8
RUST_UIO: uio_fread requested=768 read=768
RUST_UIO: uio_fread requested=4 read=4
RUST_UIO: uio_fread requested=8 read=8
RUST_UIO: uio_fread requested=1 read=1
RUST_UIO: uio_fread requested=4 read=4
RUST_UIO: uio_fread requested=8 read=8
RUST_UIO: uio_fread requested=86 read=86
RUST_UIO: uio_fread requested=4 read=4
RUST_UIO: uio_fclose called
RUST_UIO: uio_fopen entry
RUST_UIO: uio_fopen called
RUST_UIO: uio_fopen path="/Users/runner/work/_temp/s4-command-evidence/bundle/run-0/payloads/native-window.acceptance/inputs/content/base/ships/kohrah/gas-big-006.png" mode=rb
RUST_UIO: uio_fopen returning stream=0x600002d2c780
RUST_UIO: uio_fread requested=8 read=8
RUST_UIO: uio_fread requested=8 read=8
RUST_UIO: uio_fread requested=13 read=13
RUST_UIO: uio_fread requested=4 read=4
RUST_UIO: uio_fread requested=8 read=8
RUST_UIO: uio_fread requested=3 read=3
RUST_UIO: uio_fread requested=4 read=4
RUST_UIO: uio_fread requested=8 read=8
RUST_UIO: uio_fread requested=768 read=768
RUST_UIO: uio_fread requested=4 read=4
RUST_UIO: uio_fread requested=8 read=8
RUST_UIO: uio_fread requested=1 read=1
RUST_UIO: uio_fread requested=4 read=4
RUST_UIO: uio_fread requested=8 read=8
RUST_UIO: uio_fread requested=136 read=136
RUST_UIO: uio_fread requested=4 read=4
RUST_UIO: uio_fclose called
RUST_UIO: uio_fopen entry
RUST_UIO: uio_fopen called
RUST_UIO: uio_fopen path="/Users/runner/work/_temp/s4-command-evidence/bundle/run-0/payloads/native-window.acceptance/inputs/content/base/ships/kohrah/gas-big-007.png" mode=rb
RUST_UIO: uio_fopen returning stream=0x600002d2c7c0
RUST_UIO: uio_fread requested=8 read=8
RUST_UIO: uio_fread requested=8 read=8
RUST_UIO: uio_fread requested=13 read=13
RUST_UIO: uio_fread requested=4 read=4
RUST_UIO: uio_fread requested=8 read=8
RUST_UIO: uio_fread requested=3 read=3
RUST_UIO: uio_fread requested=4 read=4
RUST_UIO: uio_fread requested=8 read=8
RUST_UIO: uio_fread requested=768 read=768
RUST_UIO: uio_fread requested=4 read=4
RUST_UIO: uio_fread requested=8 read=8
RUST_UIO: uio_fread requested=1 read=1
RUST_UIO: uio_fread requested=4 read=4
RUST_UIO: uio_fread requested=8 read=8
RUST_UIO: uio_fread requested=149 read=149
RUST_UIO: uio_fread requested=4 read=4
RUST_UIO: uio_fclose called
RUST_UIO: uio_fclose called
RUST_UIO: uio_stat called
RUST_UIO: uio_fopen entry
RUST_UIO: uio_fopen called
RUST_UIO: uio_fopen path="/Users/runner/work/_temp/s4-command-evidence/bundle/run-0/payloads/native-window.acceptance/inputs/content/base/ships/kohrah/gas-med.ani" mode=rb
RUST_UIO: uio_fopen returning stream=0x600002d2c080
RUST_UIO: uio_fread requested=4 read=4
RUST_UIO: uio_fopen entry
RUST_UIO: uio_fopen called
RUST_UIO: uio_fopen path="/Users/runner/work/_temp/s4-command-evidence/bundle/run-0/payloads/native-window.acceptance/inputs/content/base/ships/kohrah/gas-med-000.png" mode=rb
RUST_UIO: uio_fopen returning stream=0x600002d2c780
RUST_UIO: uio_fread requested=8 read=8
RUST_UIO: uio_fread requested=8 read=8
RUST_UIO: uio_fread requested=13 read=13
RUST_UIO: uio_fread requested=4 read=4
RUST_UIO: uio_fread requested=8 read=8
RUST_UIO: uio_fread requested=3 read=3
RUST_UIO: uio_fread requested=4 read=4
RUST_UIO: uio_fread requested=8 read=8
RUST_UIO: uio_fread requested=768 read=768
RUST_UIO: uio_fread requested=4 read=4
RUST_UIO: uio_fread requested=8 read=8
RUST_UIO: uio_fread requested=1 read=1
RUST_UIO: uio_fread requested=4 read=4
RUST_UIO: uio_fread requested=8 read=8
RUST_UIO: uio_fread requested=28 read=28
RUST_UIO: uio_fread requested=4 read=4
RUST_UIO: uio_fclose called
RUST_UIO: uio_fopen entry
RUST_UIO: uio_fopen called
RUST_UIO: uio_fopen path="/Users/runner/work/_temp/s4-command-evidence/bundle/run-0/payloads/native-window.acceptance/inputs/content/base/ships/kohrah/gas-med-001.png" mode=rb
RUST_UIO: uio_fopen returning stream=0x600002d2c7c0
RUST_UIO: uio_fread requested=8 read=8
RUST_UIO: uio_fread requested=8 read=8
RUST_UIO: uio_fread requested=13 read=13
RUST_UIO: uio_fread requested=4 read=4
RUST_UIO: uio_fread requested=8 read=8
RUST_UIO: uio_fread requested=3 read=3
RUST_UIO: uio_fread requested=4 read=4
RUST_UIO: uio_fread requested=8 read=8
RUST_UIO: uio_fread requested=768 read=768
RUST_UIO: uio_fread requested=4 read=4
RUST_UIO: uio_fread requested=8 read=8
RUST_UIO: uio_fread requested=1 read=1
RUST_UIO: uio_fread requested=4 read=4
RUST_UIO: uio_fread requested=8 read=8
RUST_UIO: uio_fread requested=30 read=30
RUST_UIO: uio_fread requested=4 read=4
RUST_UIO: uio_fclose called
RUST_UIO: uio_fopen entry
RUST_UIO: uio_fopen called
RUST_UIO: uio_fopen path="/Users/runner/work/_temp/s4-command-evidence/bundle/run-0/payloads/native-window.acceptance/inputs/content/base/ships/kohrah/gas-med-002.png" mode=rb
RUST_UIO: uio_fopen returning stream=0x600002d2c780
RUST_UIO: uio_fread requested=8 read=8
RUST_UIO: uio_fread requested=8 read=8
RUST_UIO: uio_fread requested=13 read=13
RUST_UIO: uio_fread requested=4 read=4
RUST_UIO: uio_fread requested=8 read=8
RUST_UIO: uio_fread requested=3 read=3
RUST_UIO: uio_fread requested=4 read=4
RUST_UIO: uio_fread requested=8 read=8
RUST_UIO: uio_fread requested=768 read=768
RUST_UIO: uio_fread requested=4 read=4
RUST_UIO: uio_fread requested=8 read=8
RUST_UIO: uio_fread requested=1 read=1
RUST_UIO: uio_fread requested=4 read=4
RUST_UIO: uio_fread requested=8 read=8
RUST_UIO: uio_fread requested=34 read=34
RUST_UIO: uio_fread requested=4 read=4
RUST_UIO: uio_fclose called
RUST_UIO: uio_fopen entry
RUST_UIO: uio_fopen called
RUST_UIO: uio_fopen path="/Users/runner/work/_temp/s4-command-evidence/bundle/run-0/payloads/native-window.acceptance/inputs/content/base/ships/kohrah/gas-med-003.png" mode=rb
RUST_UIO: uio_fopen returning stream=0x600002d2c7c0
RUST_UIO: uio_fread requested=8 read=8
RUST_UIO: uio_fread requested=8 read=8
RUST_UIO: uio_fread requested=13 read=13
RUST_UIO: uio_fread requested=4 read=4
RUST_UIO: uio_fread requested=8 read=8
RUST_UIO: uio_fread requested=3 read=3
RUST_UIO: uio_fread requested=4 read=4
RUST_UIO: uio_fread requested=8 read=8
RUST_UIO: uio_fread requested=768 read=768
RUST_UIO: uio_fread requested=4 read=4
RUST_UIO: uio_fread requested=8 read=8
RUST_UIO: uio_fread requested=1 read=1
RUST_UIO: uio_fread requested=4 read=4
RUST_UIO: uio_fread requested=8 read=8
RUST_UIO: uio_fread requested=34 read=34
RUST_UIO: uio_fread requested=4 read=4
RUST_UIO: uio_fclose called
RUST_UIO: uio_fopen entry
RUST_UIO: uio_fopen called
RUST_UIO: uio_fopen path="/Users/runner/work/_temp/s4-command-evidence/bundle/run-0/payloads/native-window.acceptance/inputs/content/base/ships/kohrah/gas-med-004.png" mode=rb
RUST_UIO: uio_fopen returning stream=0x600002d2c780
RUST_UIO: uio_fread requested=8 read=8
RUST_UIO: uio_fread requested=8 read=8
RUST_UIO: uio_fread requested=13 read=13
RUST_UIO: uio_fread requested=4 read=4
RUST_UIO: uio_fread requested=8 read=8
RUST_UIO: uio_fread requested=3 read=3
RUST_UIO: uio_fread requested=4 read=4
RUST_UIO: uio_fread requested=8 read=8
RUST_UIO: uio_fread requested=768 read=768
RUST_UIO: uio_fread requested=4 read=4
RUST_UIO: uio_fread requested=8 read=8
RUST_UIO: uio_fread requested=1 read=1
RUST_UIO: uio_fread requested=4 read=4
RUST_UIO: uio_fread requested=8 read=8
RUST_UIO: uio_fread requested=32 read=32
RUST_UIO: uio_fread requested=4 read=4
RUST_UIO: uio_fclose called
RUST_UIO: uio_fopen entry
RUST_UIO: uio_fopen called
RUST_UIO: uio_fopen path="/Users/runner/work/_temp/s4-command-evidence/bundle/run-0/payloads/native-window.acceptance/inputs/content/base/ships/kohrah/gas-med-005.png" mode=rb
RUST_UIO: uio_fopen returning stream=0x600002d2c7c0
RUST_UIO: uio_fread requested=8 read=8
RUST_UIO: uio_fread requested=8 read=8
RUST_UIO: uio_fread requested=13 read=13
RUST_UIO: uio_fread requested=4 read=4
RUST_UIO: uio_fread requested=8 read=8
RUST_UIO: uio_fread requested=3 read=3
RUST_UIO: uio_fread requested=4 read=4
RUST_UIO: uio_fread requested=8 read=8
RUST_UIO: uio_fread requested=768 read=768
RUST_UIO: uio_fread requested=4 read=4
RUST_UIO: uio_fread requested=8 read=8
RUST_UIO: uio_fread requested=1 read=1
RUST_UIO: uio_fread requested=4 read=4
RUST_UIO: uio_fread requested=8 read=8
RUST_UIO: uio_fread requested=42 read=42
RUST_UIO: uio_fread requested=4 read=4
RUST_UIO: uio_fclose called
RUST_UIO: uio_fopen entry
RUST_UIO: uio_fopen called
RUST_UIO: uio_fopen path="/Users/runner/work/_temp/s4-command-evidence/bundle/run-0/payloads/native-window.acceptance/inputs/content/base/ships/kohrah/gas-med-006.png" mode=rb
RUST_UIO: uio_fopen returning stream=0x600002d2c780
RUST_UIO: uio_fread requested=8 read=8
RUST_UIO: uio_fread requested=8 read=8
RUST_UIO: uio_fread requested=13 read=13
RUST_UIO: uio_fread requested=4 read=4
RUST_UIO: uio_fread requested=8 read=8
RUST_UIO: uio_fread requested=3 read=3
RUST_UIO: uio_fread requested=4 read=4
RUST_UIO: uio_fread requested=8 read=8
RUST_UIO: uio_fread requested=768 read=768
RUST_UIO: uio_fread requested=4 read=4
RUST_UIO: uio_fread requested=8 read=8
RUST_UIO: uio_fread requested=1 read=1
RUST_UIO: uio_fread requested=4 read=4
RUST_UIO: uio_fread requested=8 read=8
RUST_UIO: uio_fread requested=45 read=45
RUST_UIO: uio_fread requested=4 read=4
RUST_UIO: uio_fclose called
RUST_UIO: uio_fopen entry
RUST_UIO: uio_fopen called
RUST_UIO: uio_fopen path="/Users/runner/work/_temp/s4-command-evidence/bundle/run-0/payloads/native-window.acceptance/inputs/content/base/ships/kohrah/gas-med-007.png" mode=rb
RUST_UIO: uio_fopen returning stream=0x600002d2c7c0
RUST_UIO: uio_fread requested=8 read=8
RUST_UIO: uio_fread requested=8 read=8
RUST_UIO: uio_fread requested=13 read=13
RUST_UIO: uio_fread requested=4 read=4
RUST_UIO: uio_fread requested=8 read=8
RUST_UIO: uio_fread requested=3 read=3
RUST_UIO: uio_fread requested=4 read=4
RUST_UIO: uio_fread requested=8 read=8
RUST_UIO: uio_fread requested=768 read=768
RUST_UIO: uio_fread requested=4 read=4
RUST_UIO: uio_fread requested=8 read=8
RUST_UIO: uio_fread requested=1 read=1
RUST_UIO: uio_fread requested=4 read=4
RUST_UIO: uio_fread requested=8 read=8
RUST_UIO: uio_fread requested=50 read=50
RUST_UIO: uio_fread requested=4 read=4
RUST_UIO: uio_fclose called
RUST_UIO: uio_fclose called
RUST_UIO: uio_stat called
RUST_UIO: uio_fopen entry
RUST_UIO: uio_fopen called
RUST_UIO: uio_fopen path="/Users/runner/work/_temp/s4-command-evidence/bundle/run-0/payloads/native-window.acceptance/inputs/content/base/ships/kohrah/gas-sml.ani" mode=rb
RUST_UIO: uio_fopen returning stream=0x600002d2c080
RUST_UIO: uio_fread requested=4 read=4
RUST_UIO: uio_fopen entry
RUST_UIO: uio_fopen called
RUST_UIO: uio_fopen path="/Users/runner/work/_temp/s4-command-evidence/bundle/run-0/payloads/native-window.acceptance/inputs/content/base/ships/kohrah/gas-sml-000.png" mode=rb
RUST_UIO: uio_fopen returning stream=0x600002d2c780
RUST_UIO: uio_fread requested=8 read=8
RUST_UIO: uio_fread requested=8 read=8
RUST_UIO: uio_fread requested=13 read=13
RUST_UIO: uio_fread requested=4 read=4
RUST_UIO: uio_fread requested=8 read=8
RUST_UIO: uio_fread requested=3 read=3
RUST_UIO: uio_fread requested=4 read=4
RUST_UIO: uio_fread requested=8 read=8
RUST_UIO: uio_fread requested=768 read=768
RUST_UIO: uio_fread requested=4 read=4
RUST_UIO: uio_fread requested=8 read=8
RUST_UIO: uio_fread requested=1 read=1
RUST_UIO: uio_fread requested=4 read=4
RUST_UIO: uio_fread requested=8 read=8
RUST_UIO: uio_fread requested=14 read=14
RUST_UIO: uio_fread requested=4 read=4
RUST_UIO: uio_fclose called
RUST_UIO: uio_fopen entry
RUST_UIO: uio_fopen called
RUST_UIO: uio_fopen path="/Users/runner/work/_temp/s4-command-evidence/bundle/run-0/payloads/native-window.acceptance/inputs/content/base/ships/kohrah/gas-sml-001.png" mode=rb
RUST_UIO: uio_fopen returning stream=0x600002d2c7c0
RUST_UIO: uio_fread requested=8 read=8
RUST_UIO: uio_fread requested=8 read=8
RUST_UIO: uio_fread requested=13 read=13
RUST_UIO: uio_fread requested=4 read=4
RUST_UIO: uio_fread requested=8 read=8
RUST_UIO: uio_fread requested=3 read=3
RUST_UIO: uio_fread requested=4 read=4
RUST_UIO: uio_fread requested=8 read=8
RUST_UIO: uio_fread requested=768 read=768
RUST_UIO: uio_fread requested=4 read=4
RUST_UIO: uio_fread requested=8 read=8
RUST_UIO: uio_fread requested=1 read=1
RUST_UIO: uio_fread requested=4 read=4
RUST_UIO: uio_fread requested=8 read=8
RUST_UIO: uio_fread requested=14 read=14
RUST_UIO: uio_fread requested=4 read=4
RUST_UIO: uio_fclose called
RUST_UIO: uio_fopen entry
RUST_UIO: uio_fopen called
RUST_UIO: uio_fopen path="/Users/runner/work/_temp/s4-command-evidence/bundle/run-0/payloads/native-window.acceptance/inputs/content/base/ships/kohrah/gas-sml-002.png" mode=rb
RUST_UIO: uio_fopen returning stream=0x600002d2c780
RUST_UIO: uio_fread requested=8 read=8
RUST_UIO: uio_fread requested=8 read=8
RUST_UIO: uio_fread requested=13 read=13
RUST_UIO: uio_fread requested=4 read=4
RUST_UIO: uio_fread requested=8 read=8
RUST_UIO: uio_fread requested=3 read=3
RUST_UIO: uio_fread requested=4 read=4
RUST_UIO: uio_fread requested=8 read=8
RUST_UIO: uio_fread requested=768 read=768
RUST_UIO: uio_fread requested=4 read=4
RUST_UIO: uio_fread requested=8 read=8
RUST_UIO: uio_fread requested=1 read=1
RUST_UIO: uio_fread requested=4 read=4
RUST_UIO: uio_fread requested=8 read=8
RUST_UIO: uio_fread requested=16 read=16
RUST_UIO: uio_fread requested=4 read=4
RUST_UIO: uio_fclose called
RUST_UIO: uio_fopen entry
RUST_UIO: uio_fopen called
RUST_UIO: uio_fopen path="/Users/runner/work/_temp/s4-command-evidence/bundle/run-0/payloads/native-window.acceptance/inputs/content/base/ships/kohrah/gas-sml-003.png" mode=rb
RUST_UIO: uio_fopen returning stream=0x600002d2c7c0
RUST_UIO: uio_fread requested=8 read=8
RUST_UIO: uio_fread requested=8 read=8
RUST_UIO: uio_fread requested=13 read=13
RUST_UIO: uio_fread requested=4 read=4
RUST_UIO: uio_fread requested=8 read=8
RUST_UIO: uio_fread requested=3 read=3
RUST_UIO: uio_fread requested=4 read=4
RUST_UIO: uio_fread requested=8 read=8
RUST_UIO: uio_fread requested=768 read=768
RUST_UIO: uio_fread requested=4 read=4
RUST_UIO: uio_fread requested=8 read=8
RUST_UIO: uio_fread requested=1 read=1
RUST_UIO: uio_fread requested=4 read=4
RUST_UIO: uio_fread requested=8 read=8
RUST_UIO: uio_fread requested=20 read=20
RUST_UIO: uio_fread requested=4 read=4
RUST_UIO: uio_fclose called
RUST_UIO: uio_fopen entry
RUST_UIO: uio_fopen called
RUST_UIO: uio_fopen path="/Users/runner/work/_temp/s4-command-evidence/bundle/run-0/payloads/native-window.acceptance/inputs/content/base/ships/kohrah/gas-sml-004.png" mode=rb
RUST_UIO: uio_fopen returning stream=0x600002d2c780
RUST_UIO: uio_fread requested=8 read=8
RUST_UIO: uio_fread requested=8 read=8
RUST_UIO: uio_fread requested=13 read=13
RUST_UIO: uio_fread requested=4 read=4
RUST_UIO: uio_fread requested=8 read=8
RUST_UIO: uio_fread requested=3 read=3
RUST_UIO: uio_fread requested=4 read=4
RUST_UIO: uio_fread requested=8 read=8
RUST_UIO: uio_fread requested=768 read=768
RUST_UIO: uio_fread requested=4 read=4
RUST_UIO: uio_fread requested=8 read=8
RUST_UIO: uio_fread requested=1 read=1
RUST_UIO: uio_fread requested=4 read=4
RUST_UIO: uio_fread requested=8 read=8
RUST_UIO: uio_fread requested=21 read=21
RUST_UIO: uio_fread requested=4 read=4
RUST_UIO: uio_fclose called
RUST_UIO: uio_fopen entry
RUST_UIO: uio_fopen called
RUST_UIO: uio_fopen path="/Users/runner/work/_temp/s4-command-evidence/bundle/run-0/payloads/native-window.acceptance/inputs/content/base/ships/kohrah/gas-sml-005.png" mode=rb
RUST_UIO: uio_fopen returning stream=0x600002d2c7c0
RUST_UIO: uio_fread requested=8 read=8
RUST_UIO: uio_fread requested=8 read=8
RUST_UIO: uio_fread requested=13 read=13
RUST_UIO: uio_fread requested=4 read=4
RUST_UIO: uio_fread requested=8 read=8
RUST_UIO: uio_fread requested=3 read=3
RUST_UIO: uio_fread requested=4 read=4
RUST_UIO: uio_fread requested=8 read=8
RUST_UIO: uio_fread requested=768 read=768
RUST_UIO: uio_fread requested=4 read=4
RUST_UIO: uio_fread requested=8 read=8
RUST_UIO: uio_fread requested=1 read=1
RUST_UIO: uio_fread requested=4 read=4
RUST_UIO: uio_fread requested=8 read=8
RUST_UIO: uio_fread requested=22 read=22
RUST_UIO: uio_fread requested=4 read=4
RUST_UIO: uio_fclose called
RUST_UIO: uio_fopen entry
RUST_UIO: uio_fopen called
RUST_UIO: uio_fopen path="/Users/runner/work/_temp/s4-command-evidence/bundle/run-0/payloads/native-window.acceptance/inputs/content/base/ships/kohrah/gas-sml-006.png" mode=rb
RUST_UIO: uio_fopen returning stream=0x600002d2c780
RUST_UIO: uio_fread requested=8 read=8
RUST_UIO: uio_fread requested=8 read=8
RUST_UIO: uio_fread requested=13 read=13
RUST_UIO: uio_fread requested=4 read=4
RUST_UIO: uio_fread requested=8 read=8
RUST_UIO: uio_fread requested=3 read=3
RUST_UIO: uio_fread requested=4 read=4
RUST_UIO: uio_fread requested=8 read=8
RUST_UIO: uio_fread requested=768 read=768
RUST_UIO: uio_fread requested=4 read=4
RUST_UIO: uio_fread requested=8 read=8
RUST_UIO: uio_fread requested=1 read=1
RUST_UIO: uio_fread requested=4 read=4
RUST_UIO: uio_fread requested=8 read=8
RUST_UIO: uio_fread requested=23 read=23
RUST_UIO: uio_fread requested=4 read=4
RUST_UIO: uio_fclose called
RUST_UIO: uio_fopen entry
RUST_UIO: uio_fopen called
RUST_UIO: uio_fopen path="/Users/runner/work/_temp/s4-command-evidence/bundle/run-0/payloads/native-window.acceptance/inputs/content/base/ships/kohrah/gas-sml-007.png" mode=rb
RUST_UIO: uio_fopen returning stream=0x600002d2c7c0
RUST_UIO: uio_fread requested=8 read=8
RUST_UIO: uio_fread requested=8 read=8
RUST_UIO: uio_fread requested=13 read=13
RUST_UIO: uio_fread requested=4 read=4
RUST_UIO: uio_fread requested=8 read=8
RUST_UIO: uio_fread requested=3 read=3
RUST_UIO: uio_fread requested=4 read=4
RUST_UIO: uio_fread requested=8 read=8
RUST_UIO: uio_fread requested=768 read=768
RUST_UIO: uio_fread requested=4 read=4
RUST_UIO: uio_fread requested=8 read=8
RUST_UIO: uio_fread requested=1 read=1
RUST_UIO: uio_fread requested=4 read=4
RUST_UIO: uio_fread requested=8 read=8
RUST_UIO: uio_fread requested=34 read=34
RUST_UIO: uio_fread requested=4 read=4
RUST_UIO: uio_fclose called
RUST_UIO: uio_fclose called
RUST_UIO: uio_stat called
RUST_UIO: uio_fopen entry
RUST_UIO: uio_fopen called
RUST_UIO: uio_fopen path="/Users/runner/work/_temp/s4-command-evidence/bundle/run-0/payloads/native-window.acceptance/inputs/content/base/ships/kohrah/marauder-cap.ani" mode=rb
RUST_UIO: uio_fopen returning stream=0x600002d2c040
RUST_UIO: uio_fread requested=4 read=4
RUST_UIO: uio_fopen entry
RUST_UIO: uio_fopen called
RUST_UIO: uio_fopen path="/Users/runner/work/_temp/s4-command-evidence/bundle/run-0/payloads/native-window.acceptance/inputs/content/base/ships/kohrah/marauder-cap-000.png" mode=rb
RUST_UIO: uio_fopen returning stream=0x600002d2c7c0
RUST_UIO: uio_fread requested=8 read=8
RUST_UIO: uio_fread requested=8 read=8
RUST_UIO: uio_fread requested=13 read=13
RUST_UIO: uio_fread requested=4 read=4
RUST_UIO: uio_fread requested=8 read=8
RUST_UIO: uio_fread requested=3 read=3
RUST_UIO: uio_fread requested=4 read=4
RUST_UIO: uio_fread requested=8 read=8
RUST_UIO: uio_fread requested=768 read=768
RUST_UIO: uio_fread requested=4 read=4
RUST_UIO: uio_fread requested=8 read=8
RUST_UIO: uio_fread requested=732 read=732
RUST_UIO: uio_fread requested=4 read=4
RUST_UIO: uio_fclose called
RUST_UIO: uio_fopen entry
RUST_UIO: uio_fopen called
RUST_UIO: uio_fopen path="/Users/runner/work/_temp/s4-command-evidence/bundle/run-0/payloads/native-window.acceptance/inputs/content/base/ships/kohrah/marauder-cap-001.png" mode=rb
RUST_UIO: uio_fopen returning stream=0x600002d2c8c0
RUST_UIO: uio_fread requested=8 read=8
RUST_UIO: uio_fread requested=8 read=8
RUST_UIO: uio_fread requested=13 read=13
RUST_UIO: uio_fread requested=4 read=4
RUST_UIO: uio_fread requested=8 read=8
RUST_UIO: uio_fread requested=3 read=3
RUST_UIO: uio_fread requested=4 read=4
RUST_UIO: uio_fread requested=8 read=8
RUST_UIO: uio_fread requested=768 read=768
RUST_UIO: uio_fread requested=4 read=4
RUST_UIO: uio_fread requested=8 read=8
RUST_UIO: uio_fread requested=1 read=1
RUST_UIO: uio_fread requested=4 read=4
RUST_UIO: uio_fread requested=8 read=8
RUST_UIO: uio_fread requested=167 read=167
RUST_UIO: uio_fread requested=4 read=4
RUST_UIO: uio_fclose called
RUST_UIO: uio_fopen entry
RUST_UIO: uio_fopen called
RUST_UIO: uio_fopen path="/Users/runner/work/_temp/s4-command-evidence/bundle/run-0/payloads/native-window.acceptance/inputs/content/base/ships/kohrah/marauder-cap-002.png" mode=rb
RUST_UIO: uio_fopen returning stream=0x600002d2c7c0
RUST_UIO: uio_fread requested=8 read=8
RUST_UIO: uio_fread requested=8 read=8
RUST_UIO: uio_fread requested=13 read=13
RUST_UIO: uio_fread requested=4 read=4
RUST_UIO: uio_fread requested=8 read=8
RUST_UIO: uio_fread requested=3 read=3
RUST_UIO: uio_fread requested=4 read=4
RUST_UIO: uio_fread requested=8 read=8
RUST_UIO: uio_fread requested=768 read=768
RUST_UIO: uio_fread requested=4 read=4
RUST_UIO: uio_fread requested=8 read=8
RUST_UIO: uio_fread requested=1 read=1
RUST_UIO: uio_fread requested=4 read=4
RUST_UIO: uio_fread requested=8 read=8
RUST_UIO: uio_fread requested=186 read=186
RUST_UIO: uio_fread requested=4 read=4
RUST_UIO: uio_fclose called
RUST_UIO: uio_fopen entry
RUST_UIO: uio_fopen called
RUST_UIO: uio_fopen path="/Users/runner/work/_temp/s4-command-evidence/bundle/run-0/payloads/native-window.acceptance/inputs/content/base/ships/kohrah/marauder-cap-003.png" mode=rb
RUST_UIO: uio_fopen returning stream=0x600002d2c8c0
RUST_UIO: uio_fread requested=8 read=8
RUST_UIO: uio_fread requested=8 read=8
RUST_UIO: uio_fread requested=13 read=13
RUST_UIO: uio_fread requested=4 read=4
RUST_UIO: uio_fread requested=8 read=8
RUST_UIO: uio_fread requested=3 read=3
RUST_UIO: uio_fread requested=4 read=4
RUST_UIO: uio_fread requested=8 read=8
RUST_UIO: uio_fread requested=768 read=768
RUST_UIO: uio_fread requested=4 read=4
RUST_UIO: uio_fread requested=8 read=8
RUST_UIO: uio_fread requested=1 read=1
RUST_UIO: uio_fread requested=4 read=4
RUST_UIO: uio_fread requested=8 read=8
RUST_UIO: uio_fread requested=302 read=302
RUST_UIO: uio_fread requested=4 read=4
RUST_UIO: uio_fclose called
RUST_UIO: uio_fopen entry
RUST_UIO: uio_fopen called
RUST_UIO: uio_fopen path="/Users/runner/work/_temp/s4-command-evidence/bundle/run-0/payloads/native-window.acceptance/inputs/content/base/ships/kohrah/marauder-cap-004.png" mode=rb
RUST_UIO: uio_fopen returning stream=0x600002d2c7c0
RUST_UIO: uio_fread requested=8 read=8
RUST_UIO: uio_fread requested=8 read=8
RUST_UIO: uio_fread requested=13 read=13
RUST_UIO: uio_fread requested=4 read=4
RUST_UIO: uio_fread requested=8 read=8
RUST_UIO: uio_fread requested=3 read=3
RUST_UIO: uio_fread requested=4 read=4
RUST_UIO: uio_fread requested=8 read=8
RUST_UIO: uio_fread requested=768 read=768
RUST_UIO: uio_fread requested=4 read=4
RUST_UIO: uio_fread requested=8 read=8
RUST_UIO: uio_fread requested=1 read=1
RUST_UIO: uio_fread requested=4 read=4
RUST_UIO: uio_fread requested=8 read=8
RUST_UIO: uio_fread requested=159 read=159
RUST_UIO: uio_fread requested=4 read=4
RUST_UIO: uio_fclose called
RUST_UIO: uio_fopen entry
RUST_UIO: uio_fopen called
RUST_UIO: uio_fopen path="/Users/runner/work/_temp/s4-command-evidence/bundle/run-0/payloads/native-window.acceptance/inputs/content/base/ships/kohrah/marauder-cap-005.png" mode=rb
RUST_UIO: uio_fopen returning stream=0x600002d2c8c0
RUST_UIO: uio_fread requested=8 read=8
RUST_UIO: uio_fread requested=8 read=8
RUST_UIO: uio_fread requested=13 read=13
RUST_UIO: uio_fread requested=4 read=4
RUST_UIO: uio_fread requested=8 read=8
RUST_UIO: uio_fread requested=3 read=3
RUST_UIO: uio_fread requested=4 read=4
RUST_UIO: uio_fread requested=8 read=8
RUST_UIO: uio_fread requested=768 read=768
RUST_UIO: uio_fread requested=4 read=4
RUST_UIO: uio_fread requested=8 read=8
RUST_UIO: uio_fread requested=1 read=1
RUST_UIO: uio_fread requested=4 read=4
RUST_UIO: uio_fread requested=8 read=8
RUST_UIO: uio_fread requested=162 read=162
RUST_UIO: uio_fread requested=4 read=4
RUST_UIO: uio_fclose called
RUST_UIO: uio_fopen entry
RUST_UIO: uio_fopen called
RUST_UIO: uio_fopen path="/Users/runner/work/_temp/s4-command-evidence/bundle/run-0/payloads/native-window.acceptance/inputs/content/base/ships/kohrah/marauder-cap-006.png" mode=rb
RUST_UIO: uio_fopen returning stream=0x600002d2c7c0
RUST_UIO: uio_fread requested=8 read=8
RUST_UIO: uio_fread requested=8 read=8
RUST_UIO: uio_fread requested=13 read=13
RUST_UIO: uio_fread requested=4 read=4
RUST_UIO: uio_fread requested=8 read=8
RUST_UIO: uio_fread requested=3 read=3
RUST_UIO: uio_fread requested=4 read=4
RUST_UIO: uio_fread requested=8 read=8
RUST_UIO: uio_fread requested=768 read=768
RUST_UIO: uio_fread requested=4 read=4
RUST_UIO: uio_fread requested=8 read=8
RUST_UIO: uio_fread requested=1 read=1
RUST_UIO: uio_fread requested=4 read=4
RUST_UIO: uio_fread requested=8 read=8
RUST_UIO: uio_fread requested=104 read=104
RUST_UIO: uio_fread requested=4 read=4
RUST_UIO: uio_fclose called
RUST_UIO: uio_fopen entry
RUST_UIO: uio_fopen called
RUST_UIO: uio_fopen path="/Users/runner/work/_temp/s4-command-evidence/bundle/run-0/payloads/native-window.acceptance/inputs/content/base/ships/kohrah/marauder-cap-007.png" mode=rb
RUST_UIO: uio_fopen returning stream=0x600002d2c8c0
RUST_UIO: uio_fread requested=8 read=8
RUST_UIO: uio_fread requested=8 read=8
RUST_UIO: uio_fread requested=13 read=13
RUST_UIO: uio_fread requested=4 read=4
RUST_UIO: uio_fread requested=8 read=8
RUST_UIO: uio_fread requested=3 read=3
RUST_UIO: uio_fread requested=4 read=4
RUST_UIO: uio_fread requested=8 read=8
RUST_UIO: uio_fread requested=768 read=768
RUST_UIO: uio_fread requested=4 read=4
RUST_UIO: uio_fread requested=8 read=8
RUST_UIO: uio_fread requested=1 read=1
RUST_UIO: uio_fread requested=4 read=4
RUST_UIO: uio_fread requested=8 read=8
RUST_UIO: uio_fread requested=103 read=103
RUST_UIO: uio_fread requested=4 read=4
RUST_UIO: uio_fclose called
RUST_UIO: uio_fopen entry
RUST_UIO: uio_fopen called
RUST_UIO: uio_fopen path="/Users/runner/work/_temp/s4-command-evidence/bundle/run-0/payloads/native-window.acceptance/inputs/content/base/ships/kohrah/marauder-cap-008.png" mode=rb
RUST_UIO: uio_fopen returning stream=0x600002d2c7c0
RUST_UIO: uio_fread requested=8 read=8
RUST_UIO: uio_fread requested=8 read=8
RUST_UIO: uio_fread requested=13 read=13
RUST_UIO: uio_fread requested=4 read=4
RUST_UIO: uio_fread requested=8 read=8
RUST_UIO: uio_fread requested=3 read=3
RUST_UIO: uio_fread requested=4 read=4
RUST_UIO: uio_fread requested=8 read=8
RUST_UIO: uio_fread requested=768 read=768
RUST_UIO: uio_fread requested=4 read=4
RUST_UIO: uio_fread requested=8 read=8
RUST_UIO: uio_fread requested=1 read=1
RUST_UIO: uio_fread requested=4 read=4
RUST_UIO: uio_fread requested=8 read=8
RUST_UIO: uio_fread requested=92 read=92
RUST_UIO: uio_fread requested=4 read=4
RUST_UIO: uio_fclose called
RUST_UIO: uio_fopen entry
RUST_UIO: uio_fopen called
RUST_UIO: uio_fopen path="/Users/runner/work/_temp/s4-command-evidence/bundle/run-0/payloads/native-window.acceptance/inputs/content/base/ships/kohrah/marauder-cap-009.png" mode=rb
RUST_UIO: uio_fopen returning stream=0x600002d2c8c0
RUST_UIO: uio_fread requested=8 read=8
RUST_UIO: uio_fread requested=8 read=8
RUST_UIO: uio_fread requested=13 read=13
RUST_UIO: uio_fread requested=4 read=4
RUST_UIO: uio_fread requested=8 read=8
RUST_UIO: uio_fread requested=3 read=3
RUST_UIO: uio_fread requested=4 read=4
RUST_UIO: uio_fread requested=8 read=8
RUST_UIO: uio_fread requested=768 read=768
RUST_UIO: uio_fread requested=4 read=4
RUST_UIO: uio_fread requested=8 read=8
RUST_UIO: uio_fread requested=1 read=1
RUST_UIO: uio_fread requested=4 read=4
RUST_UIO: uio_fread requested=8 read=8
RUST_UIO: uio_fread requested=93 read=93
RUST_UIO: uio_fread requested=4 read=4
RUST_UIO: uio_fclose called
RUST_UIO: uio_fopen entry
RUST_UIO: uio_fopen called
RUST_UIO: uio_fopen path="/Users/runner/work/_temp/s4-command-evidence/bundle/run-0/payloads/native-window.acceptance/inputs/content/base/ships/kohrah/marauder-cap-010.png" mode=rb
RUST_UIO: uio_fopen returning stream=0x600002d2c7c0
RUST_UIO: uio_fread requested=8 read=8
RUST_UIO: uio_fread requested=8 read=8
RUST_UIO: uio_fread requested=13 read=13
RUST_UIO: uio_fread requested=4 read=4
RUST_UIO: uio_fread requested=8 read=8
RUST_UIO: uio_fread requested=3 read=3
RUST_UIO: uio_fread requested=4 read=4
RUST_UIO: uio_fread requested=8 read=8
RUST_UIO: uio_fread requested=768 read=768
RUST_UIO: uio_fread requested=4 read=4
RUST_UIO: uio_fread requested=8 read=8
RUST_UIO: uio_fread requested=1 read=1
RUST_UIO: uio_fread requested=4 read=4
RUST_UIO: uio_fread requested=8 read=8
RUST_UIO: uio_fread requested=103 read=103
RUST_UIO: uio_fread requested=4 read=4
RUST_UIO: uio_fclose called
RUST_UIO: uio_fopen entry
RUST_UIO: uio_fopen called
RUST_UIO: uio_fopen path="/Users/runner/work/_temp/s4-command-evidence/bundle/run-0/payloads/native-window.acceptance/inputs/content/base/ships/kohrah/marauder-cap-011.png" mode=rb
RUST_UIO: uio_fopen returning stream=0x600002d2c8c0
RUST_UIO: uio_fread requested=8 read=8
RUST_UIO: uio_fread requested=8 read=8
RUST_UIO: uio_fread requested=13 read=13
RUST_UIO: uio_fread requested=4 read=4
RUST_UIO: uio_fread requested=8 read=8
RUST_UIO: uio_fread requested=3 read=3
RUST_UIO: uio_fread requested=4 read=4
RUST_UIO: uio_fread requested=8 read=8
RUST_UIO: uio_fread requested=768 read=768
RUST_UIO: uio_fread requested=4 read=4
RUST_UIO: uio_fread requested=8 read=8
RUST_UIO: uio_fread requested=1 read=1
RUST_UIO: uio_fread requested=4 read=4
RUST_UIO: uio_fread requested=8 read=8
RUST_UIO: uio_fread requested=107 read=107
RUST_UIO: uio_fread requested=4 read=4
RUST_UIO: uio_fclose called
RUST_UIO: uio_fopen entry
RUST_UIO: uio_fopen called
RUST_UIO: uio_fopen path="/Users/runner/work/_temp/s4-command-evidence/bundle/run-0/payloads/native-window.acceptance/inputs/content/base/ships/kohrah/marauder-cap-012.png" mode=rb
RUST_UIO: uio_fopen returning stream=0x600002d2c7c0
RUST_UIO: uio_fread requested=8 read=8
RUST_UIO: uio_fread requested=8 read=8
RUST_UIO: uio_fread requested=13 read=13
RUST_UIO: uio_fread requested=4 read=4
RUST_UIO: uio_fread requested=8 read=8
RUST_UIO: uio_fread requested=3 read=3
RUST_UIO: uio_fread requested=4 read=4
RUST_UIO: uio_fread requested=8 read=8
RUST_UIO: uio_fread requested=768 read=768
RUST_UIO: uio_fread requested=4 read=4
RUST_UIO: uio_fread requested=8 read=8
RUST_UIO: uio_fread requested=1 read=1
RUST_UIO: uio_fread requested=4 read=4
RUST_UIO: uio_fread requested=8 read=8
RUST_UIO: uio_fread requested=252 read=252
RUST_UIO: uio_fread requested=4 read=4
RUST_UIO: uio_fclose called
RUST_UIO: uio_fopen entry
RUST_UIO: uio_fopen called
RUST_UIO: uio_fopen path="/Users/runner/work/_temp/s4-command-evidence/bundle/run-0/payloads/native-window.acceptance/inputs/content/base/ships/kohrah/marauder-cap-013.png" mode=rb
RUST_UIO: uio_fopen returning stream=0x600002d2c8c0
RUST_UIO: uio_fread requested=8 read=8
RUST_UIO: uio_fread requested=8 read=8
RUST_UIO: uio_fread requested=13 read=13
RUST_UIO: uio_fread requested=4 read=4
RUST_UIO: uio_fread requested=8 read=8
RUST_UIO: uio_fread requested=3 read=3
RUST_UIO: uio_fread requested=4 read=4
RUST_UIO: uio_fread requested=8 read=8
RUST_UIO: uio_fread requested=768 read=768
RUST_UIO: uio_fread requested=4 read=4
RUST_UIO: uio_fread requested=8 read=8
RUST_UIO: uio_fread requested=1 read=1
RUST_UIO: uio_fread requested=4 read=4
RUST_UIO: uio_fread requested=8 read=8
RUST_UIO: uio_fread requested=255 read=255
RUST_UIO: uio_fread requested=4 read=4
RUST_UIO: uio_fclose called
RUST_UIO: uio_fopen entry
RUST_UIO: uio_fopen called
RUST_UIO: uio_fopen path="/Users/runner/work/_temp/s4-command-evidence/bundle/run-0/payloads/native-window.acceptance/inputs/content/base/ships/kohrah/marauder-cap-014.png" mode=rb
RUST_UIO: uio_fopen returning stream=0x600002d2c7c0
RUST_UIO: uio_fread requested=8 read=8
RUST_UIO: uio_fread requested=8 read=8
RUST_UIO: uio_fread requested=13 read=13
RUST_UIO: uio_fread requested=4 read=4
RUST_UIO: uio_fread requested=8 read=8
RUST_UIO: uio_fread requested=3 read=3
RUST_UIO: uio_fread requested=4 read=4
RUST_UIO: uio_fread requested=8 read=8
RUST_UIO: uio_fread requested=768 read=768
RUST_UIO: uio_fread requested=4 read=4
RUST_UIO: uio_fread requested=8 read=8
RUST_UIO: uio_fread requested=1 read=1
RUST_UIO: uio_fread requested=4 read=4
RUST_UIO: uio_fread requested=8 read=8
RUST_UIO: uio_fread requested=253 read=253
RUST_UIO: uio_fread requested=4 read=4
RUST_UIO: uio_fclose called
RUST_UIO: uio_fclose called
RUST_UIO: uio_fopen entry
RUST_UIO: uio_fopen called
RUST_UIO: uio_fopen path="/Users/runner/work/_temp/s4-command-evidence/bundle/run-0/payloads/native-window.acceptance/inputs/content/base/ships/kohrah/marauder.mod" mode=rb
RUST_UIO: uio_fopen returning stream=0x600002d2c040
RUST_UIO: uio_fread requested=11527 read=11527
RUST_UIO: uio_fclose called
RUST_UIO: uio_fopen entry
RUST_UIO: uio_fopen called
RUST_UIO: uio_fopen path="/Users/runner/work/_temp/s4-command-evidence/bundle/run-0/payloads/native-window.acceptance/inputs/content/base/ships/kohrah/marauder.snd" mode=rb
RUST_UIO: uio_fopen returning stream=0x600002d2c040
RUST_UIO: uio_fread requested=26 read=26
RUST_UIO: uio_fclose called
RUST_UIO: uio_fopen entry
RUST_UIO: uio_fopen called
RUST_UIO: uio_fopen path="/Users/runner/work/_temp/s4-command-evidence/bundle/run-0/payloads/native-window.acceptance/inputs/content/base/ships/kohrah/primary.wav" mode=rb
RUST_UIO: uio_fopen returning stream=0x600002d2c040
RUST_UIO: uio_fread requested=12039 read=12039
RUST_UIO: uio_fclose called
RUST_UIO: uio_fopen entry
RUST_UIO: uio_fopen called
RUST_UIO: uio_fopen path="/Users/runner/work/_temp/s4-command-evidence/bundle/run-0/payloads/native-window.acceptance/inputs/content/base/ships/kohrah/secondary.wav" mode=rb
RUST_UIO: uio_fopen returning stream=0x600002d2c040
RUST_UIO: uio_fread requested=5381 read=5381
RUST_UIO: uio_fclose called
MUSIC_BUF_DEBUG: org_freq=44100 org_chans=2 chansize=2 sampsize=4 size=16384 data.len=16384 high=4 low=0 mixer_freq=44100 mixer_chans=2
RUST_UIO: uio_stat called
RUST_UIO: uio_fopen entry
RUST_UIO: uio_fopen called
RUST_UIO: uio_fopen path="/Users/runner/work/_temp/s4-command-evidence/bundle/run-0/payloads/native-window.acceptance/config/melee.cfg" mode=wb
RUST_UIO: uio_fopen returning stream=0x600002dc4b40
RUST_UIO: uio_fclose called
RUST_UIO: uio_stat called
RUST_UIO: uio_fopen entry
RUST_UIO: uio_fopen called
RUST_UIO: uio_fopen path="/Users/runner/work/_temp/s4-command-evidence/bundle/run-0/payloads/native-window.acceptance/inputs/content/base/ui/newgame.ani" mode=rb
RUST_UIO: uio_fopen returning stream=0x600002dcef40
RUST_UIO: uio_fread requested=4 read=4
RUST_UIO: uio_fopen entry
RUST_UIO: uio_fopen called
RUST_UIO: uio_fopen path="/Users/runner/work/_temp/s4-command-evidence/bundle/run-0/payloads/native-window.acceptance/inputs/content/base/ui/newgame-000.png" mode=rb
RUST_UIO: uio_fopen returning stream=0x600002dcd700
RUST_UIO: uio_fread requested=8 read=8
RUST_UIO: uio_fread requested=8 read=8
RUST_UIO: uio_fread requested=13 read=13
RUST_UIO: uio_fread requested=4 read=4
RUST_UIO: uio_fread requested=8 read=8
RUST_UIO: uio_fread requested=4 read=4
RUST_UIO: uio_fread requested=4 read=4
RUST_UIO: uio_fread requested=8 read=8
RUST_UIO: uio_fread requested=25 read=25
RUST_UIO: uio_fread requested=4 read=4
RUST_UIO: uio_fread requested=8 read=8
RUST_UIO: uio_fread requested=8192 read=8192
RUST_UIO: uio_fread requested=8192 read=8192
RUST_UIO: uio_fread requested=8192 read=8192
RUST_UIO: uio_fread requested=8192 read=8192
RUST_UIO: uio_fread requested=8192 read=8192
RUST_UIO: uio_fread requested=8192 read=8192
RUST_UIO: uio_fread requested=8192 read=8192
RUST_UIO: uio_fread requested=8192 read=8192
RUST_UIO: uio_fread requested=4821 read=4821
RUST_UIO: uio_fread requested=4 read=4
RUST_UIO: uio_fclose called
RUST_UIO: uio_fopen entry
RUST_UIO: uio_fopen called
RUST_UIO: uio_fopen path="/Users/runner/work/_temp/s4-command-evidence/bundle/run-0/payloads/native-window.acceptance/inputs/content/base/ui/newgame-001.png" mode=rb
RUST_UIO: uio_fopen returning stream=0x600002dcd700
RUST_UIO: uio_fread requested=8 read=8
RUST_UIO: uio_fread requested=8 read=8
RUST_UIO: uio_fread requested=13 read=13
RUST_UIO: uio_fread requested=4 read=4
RUST_UIO: uio_fread requested=8 read=8
RUST_UIO: uio_fread requested=4 read=4
RUST_UIO: uio_fread requested=4 read=4
RUST_UIO: uio_fread requested=8 read=8
RUST_UIO: uio_fread requested=25 read=25
RUST_UIO: uio_fread requested=4 read=4
RUST_UIO: uio_fread requested=8 read=8
RUST_UIO: uio_fread requested=447 read=447
RUST_UIO: uio_fread requested=4 read=4
RUST_UIO: uio_fclose called
RUST_UIO: uio_fopen entry
RUST_UIO: uio_fopen called
RUST_UIO: uio_fopen path="/Users/runner/work/_temp/s4-command-evidence/bundle/run-0/payloads/native-window.acceptance/inputs/content/base/ui/newgame-002.png" mode=rb
RUST_UIO: uio_fopen returning stream=0x600002dcd700
RUST_UIO: uio_fread requested=8 read=8
RUST_UIO: uio_fread requested=8 read=8
RUST_UIO: uio_fread requested=13 read=13
RUST_UIO: uio_fread requested=4 read=4
RUST_UIO: uio_fread requested=8 read=8
RUST_UIO: uio_fread requested=4 read=4
RUST_UIO: uio_fread requested=4 read=4
RUST_UIO: uio_fread requested=8 read=8
RUST_UIO: uio_fread requested=25 read=25
RUST_UIO: uio_fread requested=4 read=4
RUST_UIO: uio_fread requested=8 read=8
RUST_UIO: uio_fread requested=421 read=421
RUST_UIO: uio_fread requested=4 read=4
RUST_UIO: uio_fclose called
RUST_UIO: uio_fopen entry
RUST_UIO: uio_fopen called
RUST_UIO: uio_fopen path="/Users/runner/work/_temp/s4-command-evidence/bundle/run-0/payloads/native-window.acceptance/inputs/content/base/ui/newgame-003.png" mode=rb
RUST_UIO: uio_fopen returning stream=0x600002dcd700
RUST_UIO: uio_fread requested=8 read=8
RUST_UIO: uio_fread requested=8 read=8
RUST_UIO: uio_fread requested=13 read=13
RUST_UIO: uio_fread requested=4 read=4
RUST_UIO: uio_fread requested=8 read=8
RUST_UIO: uio_fread requested=4 read=4
RUST_UIO: uio_fread requested=4 read=4
RUST_UIO: uio_fread requested=8 read=8
RUST_UIO: uio_fread requested=25 read=25
RUST_UIO: uio_fread requested=4 read=4
RUST_UIO: uio_fread requested=8 read=8
RUST_UIO: uio_fread requested=540 read=540
RUST_UIO: uio_fread requested=4 read=4
RUST_UIO: uio_fclose called
RUST_UIO: uio_fopen entry
RUST_UIO: uio_fopen called
RUST_UIO: uio_fopen path="/Users/runner/work/_temp/s4-command-evidence/bundle/run-0/payloads/native-window.acceptance/inputs/content/base/ui/newgame-004.png" mode=rb
RUST_UIO: uio_fopen returning stream=0x600002dcd700
RUST_UIO: uio_fread requested=8 read=8
RUST_UIO: uio_fread requested=8 read=8
RUST_UIO: uio_fread requested=13 read=13
RUST_UIO: uio_fread requested=4 read=4
RUST_UIO: uio_fread requested=8 read=8
RUST_UIO: uio_fread requested=4 read=4
RUST_UIO: uio_fread requested=4 read=4
RUST_UIO: uio_fread requested=8 read=8
RUST_UIO: uio_fread requested=25 read=25
RUST_UIO: uio_fread requested=4 read=4
RUST_UIO: uio_fread requested=8 read=8
RUST_UIO: uio_fread requested=333 read=333
RUST_UIO: uio_fread requested=4 read=4
RUST_UIO: uio_fclose called
RUST_UIO: uio_fopen entry
RUST_UIO: uio_fopen called
RUST_UIO: uio_fopen path="/Users/runner/work/_temp/s4-command-evidence/bundle/run-0/payloads/native-window.acceptance/inputs/content/base/ui/newgame-005.png" mode=rb
RUST_UIO: uio_fopen returning stream=0x600002dcd700
RUST_UIO: uio_fread requested=8 read=8
RUST_UIO: uio_fread requested=8 read=8
RUST_UIO: uio_fread requested=13 read=13
RUST_UIO: uio_fread requested=4 read=4
RUST_UIO: uio_fread requested=8 read=8
RUST_UIO: uio_fread requested=4 read=4
RUST_UIO: uio_fread requested=4 read=4
RUST_UIO: uio_fread requested=8 read=8
RUST_UIO: uio_fread requested=25 read=25
RUST_UIO: uio_fread requested=4 read=4
RUST_UIO: uio_fread requested=8 read=8
RUST_UIO: uio_fread requested=254 read=254
RUST_UIO: uio_fread requested=4 read=4
RUST_UIO: uio_fclose called
RUST_UIO: uio_fclose called
RUST_WAV_TERM_MODULE
RUST_MOD_TERM_MODULE
RUST_OGG_TERM_MODULE
RUST_GFX_UNINIT
RUST_GFX_UNINIT surface[0]=0x600001c5ed00
RUST_GFX_UNINIT surface[1]=0x600001c5ec40
RUST_GFX_UNINIT surface[2]=0x600001c5eb80
RUST_GFX_UNINIT format_conv_surf=0x600001c5c420
RUST_GFX_UNINIT: Done
RUST_UIO: uio_closeDir called
RUST_UIO: uio_closeDir called
RUST_UIO: uio_closeDir called
RUST_UIO: uio_closeDir called
RUST_UIO: uio_closeDir called
RUST_UIO: uio_closeRepository called
RUST_UIO: uio_unmountAllDirs called
RUST_UIO: uio_unInit called
RUST_UIO: uio_unInit: subsystem shut down, ready for clean re-init
